session_date,direction,breakout_time,entry_time,entry_price,stop_price,target_price,exit_time,exit_price,exit_reason,risk_points,r_multiple_net,gross_points,cost_points,net_points,gross_dollars,cost_dollars,net_dollars
2015-01-02,short,10:01,10:02,4250.0,4273.0,4204.0,11:13,4204.0,tp1,23.0,1.9522,46.0,1.1,44.9,92.0,2.2,89.8
2015-01-05,short,10:00,10:01,4180.25,4207.5,4125.75,11:29,4167.25,time_stop,27.25,0.4275,13.0,1.35,11.65,26.0,2.7,23.3
2015-01-07,long,10:00,10:01,4146.75,4117.25,4205.75,11:29,4128.75,time_stop,29.5,-0.6559,-18.0,1.35,-19.35,-36.0,2.7,-38.7
2015-01-12,short,10:01,10:02,4158.5,4218.75,4038.0,11:29,4175.5,time_stop,60.25,-0.3046,-17.0,1.35,-18.35,-34.0,2.7,-36.7
2015-01-13,long,10:21,10:22,4244.0,4201.75,4328.5,11:29,4239.5,time_stop,42.25,-0.1385,-4.5,1.35,-5.85,-9.0,2.7,-11.7
2015-01-14,long,10:00,10:01,4144.25,4112.5,4207.75,11:29,4125.5,time_stop,31.75,-0.6331,-18.75,1.35,-20.1,-37.5,2.7,-40.2
2015-01-15,short,10:00,10:01,4100.0,4163.25,3973.5,11:29,4105.5,time_stop,63.25,-0.1083,-5.5,1.35,-6.85,-11.0,2.7,-13.7
2015-01-16,short,10:14,10:15,4072.5,4105.5,4006.5,10:56,4105.5,hard_stop,33.0,-1.0409,-33.0,1.35,-34.35,-66.0,2.7,-68.7
2015-01-20,short,10:41,10:42,4119.5,4165.75,4027.0,11:29,4128.25,time_stop,46.25,-0.2184,-8.75,1.35,-10.1,-17.5,2.7,-20.2
2015-01-21,long,10:49,10:50,4191.0,4136.75,4299.5,11:29,4195.25,time_stop,54.25,0.0535,4.25,1.35,2.9,8.5,2.7,5.8
2015-01-22,long,10:55,10:56,4224.0,4164.25,4343.5,11:29,4232.0,time_stop,59.75,0.1113,8.0,1.35,6.65,16.0,2.7,13.3
2015-01-23,long,10:00,10:01,4271.25,4250.0,4313.75,11:29,4274.25,time_stop,21.25,0.0776,3.0,1.35,1.65,6.0,2.7,3.3
2015-03-11,long,10:06,10:07,4335.5,4316.75,4373.0,10:34,4316.75,hard_stop,18.75,-1.072,-18.75,1.35,-20.1,-37.5,2.7,-40.2
2015-03-12,long,11:19,11:20,4325.0,4294.0,4387.0,11:29,4325.0,time_stop,31.0,-0.0435,0.0,1.35,-1.35,0.0,2.7,-2.7
2015-03-13,short,10:10,10:11,4316.0,4342.0,4264.0,11:29,4293.25,time_stop,26.0,0.8231,22.75,1.35,21.4,45.5,2.7,42.8
2015-03-16,long,10:01,10:02,4343.75,4319.0,4393.25,11:29,4351.75,time_stop,24.75,0.2687,8.0,1.35,6.65,16.0,2.7,13.3
2015-03-17,short,11:06,11:07,4344.75,4361.25,4311.75,11:29,4348.5,time_stop,16.5,-0.3091,-3.75,1.35,-5.1,-7.5,2.7,-10.2
2015-03-18,long,10:59,11:00,4361.25,4346.75,4390.25,11:29,4356.5,time_stop,14.5,-0.4207,-4.75,1.35,-6.1,-9.5,2.7,-12.2
2015-03-19,long,10:16,10:17,4428.75,4412.75,4460.75,11:29,4425.75,time_stop,16.0,-0.2719,-3.0,1.35,-4.35,-6.0,2.7,-8.7
2015-03-20,long,10:37,10:38,4460.0,4448.0,4484.0,11:29,4464.0,time_stop,12.0,0.2208,4.0,1.35,2.65,8.0,2.7,5.3
2015-03-23,long,10:13,10:14,4454.5,4440.25,4483.0,11:29,4449.25,time_stop,14.25,-0.4632,-5.25,1.35,-6.6,-10.5,2.7,-13.2
2015-03-24,long,10:00,10:01,4446.25,4431.75,4475.25,11:29,4458.5,time_stop,14.5,0.7517,12.25,1.35,10.9,24.5,2.7,21.8
2015-03-25,short,11:16,11:17,4396.5,4436.25,4317.0,11:29,4391.5,time_stop,39.75,0.0918,5.0,1.35,3.65,10.0,2.7,7.3
2015-03-27,long,10:04,10:05,4326.5,4304.75,4370.0,10:12,4304.75,hard_stop,21.75,-1.0621,-21.75,1.35,-23.1,-43.5,2.7,-46.2
2015-03-31,long,11:10,11:11,4367.0,4344.5,4412.0,11:29,4366.25,time_stop,22.5,-0.0933,-0.75,1.35,-2.1,-1.5,2.7,-4.2
2015-04-06,long,10:17,10:18,4322.0,4275.0,4416.0,11:29,4335.75,time_stop,47.0,0.2638,13.75,1.35,12.4,27.5,2.7,24.8
2015-04-07,long,10:22,10:23,4364.25,4339.25,4414.25,11:29,4361.75,time_stop,25.0,-0.154,-2.5,1.35,-3.85,-5.0,2.7,-7.7
2015-04-09,short,10:20,10:21,4366.5,4390.25,4319.0,11:29,4363.75,time_stop,23.75,0.0589,2.75,1.35,1.4,5.5,2.7,2.8
2015-04-10,long,10:03,10:04,4402.5,4385.5,4436.5,11:29,4407.25,time_stop,17.0,0.2,4.75,1.35,3.4,9.5,2.7,6.8
2015-04-13,long,10:23,10:24,4439.0,4417.25,4482.5,11:29,4431.25,time_stop,21.75,-0.4184,-7.75,1.35,-9.1,-15.5,2.7,-18.2
2015-04-14,short,10:02,10:03,4374.25,4413.25,4296.25,11:29,4381.75,time_stop,39.0,-0.2269,-7.5,1.35,-8.85,-15.0,2.7,-17.7
2015-04-16,short,10:30,10:31,4402.25,4419.25,4368.25,11:29,4412.25,time_stop,17.0,-0.6676,-10.0,1.35,-11.35,-20.0,2.7,-22.7
2015-04-17,short,10:04,10:05,4350.25,4383.0,4284.75,11:29,4348.0,time_stop,32.75,0.0275,2.25,1.35,0.9,4.5,2.7,1.8
2015-04-20,long,10:00,10:01,4395.25,4362.75,4460.25,11:29,4404.0,time_stop,32.5,0.2277,8.75,1.35,7.4,17.5,2.7,14.8
2015-04-22,short,10:02,10:03,4418.75,4443.25,4369.75,11:29,4435.25,time_stop,24.5,-0.7286,-16.5,1.35,-17.85,-33.0,2.7,-35.7
2015-04-23,long,10:01,10:02,4456.25,4436.0,4496.75,11:29,4451.0,time_stop,20.25,-0.3259,-5.25,1.35,-6.6,-10.5,2.7,-13.2
2015-04-24,short,10:05,10:06,4510.75,4524.5,4483.25,10:25,4524.5,hard_stop,13.75,-1.0982,-13.75,1.35,-15.1,-27.5,2.7,-30.2
2015-04-28,short,10:00,10:01,4498.5,4525.5,4444.5,11:29,4510.5,time_stop,27.0,-0.4944,-12.0,1.35,-13.35,-24.0,2.7,-26.7
2015-04-29,short,10:24,10:25,4483.25,4511.25,4427.25,11:29,4488.5,time_stop,28.0,-0.2357,-5.25,1.35,-6.6,-10.5,2.7,-13.2
2015-04-30,short,10:01,10:02,4443.5,4474.75,4381.0,11:29,4452.25,time_stop,31.25,-0.3232,-8.75,1.35,-10.1,-17.5,2.7,-20.2
2015-05-01,long,10:19,10:20,4447.75,4425.75,4491.75,11:29,4447.5,time_stop,22.0,-0.0727,-0.25,1.35,-1.6,-0.5,2.7,-3.2
2015-05-05,short,10:01,10:02,4434.25,4466.25,4370.25,11:29,4413.5,time_stop,32.0,0.6062,20.75,1.35,19.4,41.5,2.7,38.8
2015-05-06,short,10:08,10:09,4369.25,4422.75,4262.25,11:29,4384.0,time_stop,53.5,-0.3009,-14.75,1.35,-16.1,-29.5,2.7,-32.2
2015-05-07,long,11:26,11:27,4398.75,4366.5,4463.25,11:29,4398.5,time_stop,32.25,-0.0496,-0.25,1.35,-1.6,-0.5,2.7,-3.2
2015-05-08,long,11:18,11:19,4459.0,4436.5,4504.0,11:29,4455.0,time_stop,22.5,-0.2378,-4.0,1.35,-5.35,-8.0,2.7,-10.7
2015-05-11,short,10:30,10:31,4442.5,4464.75,4398.0,11:29,4448.0,time_stop,22.25,-0.3079,-5.5,1.35,-6.85,-11.0,2.7,-13.7
2015-05-12,long,10:41,10:42,4411.25,4374.25,4485.25,11:29,4415.25,time_stop,37.0,0.0716,4.0,1.35,2.65,8.0,2.7,5.3
2015-05-13,short,11:00,11:01,4426.5,4458.0,4363.5,11:29,4426.0,time_stop,31.5,-0.027,0.5,1.35,-0.85,1.0,2.7,-1.7
2015-05-14,long,10:13,10:14,4464.5,4443.75,4506.0,11:29,4470.0,time_stop,20.75,0.2,5.5,1.35,4.15,11.0,2.7,8.3
2015-05-15,short,10:01,10:02,4484.5,4507.0,4439.5,11:29,4484.0,time_stop,22.5,-0.0378,0.5,1.35,-0.85,1.0,2.7,-1.7
2015-05-18,long,10:01,10:02,4492.0,4478.0,4520.0,11:29,4498.5,time_stop,14.0,0.3679,6.5,1.35,5.15,13.0,2.7,10.3
2015-05-19,short,10:10,10:11,4503.75,4520.75,4469.75,11:29,4508.5,time_stop,17.0,-0.3588,-4.75,1.35,-6.1,-9.5,2.7,-12.2
2015-05-21,long,10:00,10:01,4506.75,4491.75,4536.75,11:29,4531.5,time_stop,15.0,1.56,24.75,1.35,23.4,49.5,2.7,46.8
2015-05-22,long,10:41,10:42,4538.75,4521.75,4572.75,11:29,4530.5,time_stop,17.0,-0.5647,-8.25,1.35,-9.6,-16.5,2.7,-19.2
2015-05-26,short,10:00,10:01,4484.75,4522.0,4410.25,11:29,4471.25,time_stop,37.25,0.3262,13.5,1.35,12.15,27.0,2.7,24.3
2015-05-27,long,10:54,10:55,4515.5,4476.75,4593.0,11:29,4519.0,time_stop,38.75,0.0555,3.5,1.35,2.15,7.0,2.7,4.3
2015-05-28,short,10:01,10:02,4523.75,4547.75,4475.75,11:29,4535.75,time_stop,24.0,-0.5563,-12.0,1.35,-13.35,-24.0,2.7,-26.7
2015-05-29,short,10:09,10:10,4524.25,4539.25,4494.25,11:29,4505.0,time_stop,15.0,1.1933,19.25,1.35,17.9,38.5,2.7,35.8
2015-06-01,short,10:14,10:15,4492.0,4536.25,4403.5,11:29,4507.5,time_stop,44.25,-0.3808,-15.5,1.35,-16.85,-31.0,2.7,-33.7
2015-06-02,long,10:36,10:37,4512.0,4483.5,4569.0,11:29,4503.5,time_stop,28.5,-0.3456,-8.5,1.35,-9.85,-17.0,2.7,-19.7
2015-06-03,long,10:13,10:14,4535.75,4513.5,4580.25,11:29,4528.75,time_stop,22.25,-0.3753,-7.0,1.35,-8.35,-14.0,2.7,-16.7
2015-06-04,long,10:00,10:01,4522.0,4493.0,4580.0,11:29,4504.75,time_stop,29.0,-0.6414,-17.25,1.35,-18.6,-34.5,2.7,-37.2
2015-06-05,long,10:36,10:37,4491.0,4449.0,4575.0,11:29,4485.75,time_stop,42.0,-0.1571,-5.25,1.35,-6.6,-10.5,2.7,-13.2
2015-06-08,short,10:00,10:01,4457.0,4478.75,4413.5,11:29,4453.25,time_stop,21.75,0.1103,3.75,1.35,2.4,7.5,2.7,4.8
2015-06-09,short,10:00,10:01,4398.25,4428.75,4337.25,11:29,4419.5,time_stop,30.5,-0.741,-21.25,1.35,-22.6,-42.5,2.7,-45.2
2015-06-10,long,10:05,10:06,4455.5,4433.25,4500.0,11:29,4485.5,time_stop,22.25,1.2876,30.0,1.35,28.65,60.0,2.7,57.3
2015-06-11,short,10:32,10:33,4495.0,4512.25,4460.5,11:29,4493.25,time_stop,17.25,0.0232,1.75,1.35,0.4,3.5,2.7,0.8
2015-06-12,short,10:34,10:35,4457.75,4476.0,4421.25,11:29,4462.5,time_stop,18.25,-0.3342,-4.75,1.35,-6.1,-9.5,2.7,-12.2
2015-06-15,long,11:10,11:11,4419.75,4386.25,4486.75,11:29,4408.0,time_stop,33.5,-0.391,-11.75,1.35,-13.1,-23.5,2.7,-26.2
2015-06-17,short,11:26,11:27,4454.5,4465.75,4432.0,11:29,4449.5,time_stop,11.25,0.3244,5.0,1.35,3.65,10.0,2.7,7.3
2015-06-18,long,10:05,10:06,4504.75,4474.75,4564.75,11:29,4525.25,time_stop,30.0,0.6383,20.5,1.35,19.15,41.0,2.7,38.3
2015-06-19,short,10:39,10:40,4511.75,4533.75,4467.75,11:29,4522.75,time_stop,22.0,-0.5614,-11.0,1.35,-12.35,-22.0,2.7,-24.7
2015-06-22,long,11:07,11:08,4548.25,4531.5,4581.75,11:29,4551.0,time_stop,16.75,0.0836,2.75,1.35,1.4,5.5,2.7,2.8
2015-06-23,short,10:02,10:03,4533.25,4546.0,4507.75,11:29,4531.25,time_stop,12.75,0.051,2.0,1.35,0.65,4.0,2.7,1.3
2015-06-24,long,10:01,10:02,4544.25,4529.75,4573.25,11:29,4543.5,time_stop,14.5,-0.1448,-0.75,1.35,-2.1,-1.5,2.7,-4.2
2015-06-25,long,11:11,11:12,4538.0,4518.0,4578.0,11:29,4534.75,time_stop,20.0,-0.23,-3.25,1.35,-4.6,-6.5,2.7,-9.2
2015-06-26,long,10:00,10:01,4514.5,4489.25,4565.0,10:58,4489.25,hard_stop,25.25,-1.0535,-25.25,1.35,-26.6,-50.5,2.7,-53.2
2015-06-29,short,11:14,11:15,4418.0,4451.75,4350.5,11:29,4421.5,time_stop,33.75,-0.1437,-3.5,1.35,-4.85,-7.0,2.7,-9.7
2015-06-30,short,10:22,10:23,4382.5,4404.0,4339.5,11:29,4388.0,time_stop,21.5,-0.3186,-5.5,1.35,-6.85,-11.0,2.7,-13.7
2015-07-02,short,10:06,10:07,4424.75,4437.5,4399.25,11:29,4415.5,time_stop,12.75,0.6196,9.25,1.35,7.9,18.5,2.7,15.8
2015-07-06,long,10:11,10:12,4415.25,4384.5,4476.75,11:29,4412.75,time_stop,30.75,-0.1252,-2.5,1.35,-3.85,-5.0,2.7,-7.7
2015-07-07,short,10:00,10:01,4385.25,4418.5,4318.75,11:29,4344.75,time_stop,33.25,1.1774,40.5,1.35,39.15,81.0,2.7,78.3
2015-07-09,short,10:20,10:21,4387.25,4407.5,4346.75,11:29,4386.25,time_stop,20.25,-0.0173,1.0,1.35,-0.35,2.0,2.7,-0.7
2015-07-10,short,10:41,10:42,4389.5,4402.75,4363.0,11:01,4402.75,hard_stop,13.25,-1.1019,-13.25,1.35,-14.6,-26.5,2.7,-29.2
2015-07-13,long,10:16,10:17,4477.5,4448.0,4536.5,11:29,4473.25,time_stop,29.5,-0.1898,-4.25,1.35,-5.6,-8.5,2.7,-11.2
2015-07-14,long,10:12,10:13,4506.25,4490.75,4537.25,11:29,4517.0,time_stop,15.5,0.6065,10.75,1.35,9.4,21.5,2.7,18.8
2015-07-15,long,10:07,10:08,4536.0,4519.25,4569.5,11:29,4533.25,time_stop,16.75,-0.2448,-2.75,1.35,-4.1,-5.5,2.7,-8.2
2015-07-16,long,10:55,10:56,4566.5,4550.75,4598.0,11:29,4568.5,time_stop,15.75,0.0413,2.0,1.35,0.65,4.0,2.7,1.3
2015-07-17,long,10:03,10:04,4629.75,4615.25,4658.75,11:29,4635.75,time_stop,14.5,0.3207,6.0,1.35,4.65,12.0,2.7,9.3
2015-07-20,short,10:20,10:21,4650.0,4664.25,4621.5,10:55,4664.25,hard_stop,14.25,-1.0947,-14.25,1.35,-15.6,-28.5,2.7,-31.2
2015-07-21,long,10:00,10:01,4677.75,4660.0,4713.25,10:44,4660.0,hard_stop,17.75,-1.0761,-17.75,1.35,-19.1,-35.5,2.7,-38.2
2015-07-22,long,10:17,10:18,4633.25,4594.5,4710.75,11:29,4614.75,time_stop,38.75,-0.5123,-18.5,1.35,-19.85,-37.0,2.7,-39.7
2015-07-23,long,10:20,10:21,4626.25,4609.5,4659.75,11:29,4622.25,time_stop,16.75,-0.3194,-4.0,1.35,-5.35,-8.0,2.7,-10.7
2015-07-24,short,10:18,10:19,4599.75,4624.0,4551.25,11:29,4598.5,time_stop,24.25,-0.0041,1.25,1.35,-0.1,2.5,2.7,-0.2
2015-07-27,long,10:32,10:33,4536.75,4507.0,4596.25,11:29,4524.0,time_stop,29.75,-0.4739,-12.75,1.35,-14.1,-25.5,2.7,-28.2
2015-07-28,short,10:25,10:26,4500.25,4534.25,4432.25,11:29,4523.25,time_stop,34.0,-0.7162,-23.0,1.35,-24.35,-46.0,2.7,-48.7
2015-07-29,short,10:01,10:02,4548.75,4568.75,4508.75,11:29,4559.25,time_stop,20.0,-0.5925,-10.5,1.35,-11.85,-21.0,2.7,-23.7
2015-07-30,short,10:00,10:01,4532.25,4566.5,4463.75,11:25,4566.5,hard_stop,34.25,-1.0394,-34.25,1.35,-35.6,-68.5,2.7,-71.2
2015-08-03,short,10:23,10:24,4579.25,4599.5,4538.75,11:29,4589.25,time_stop,20.25,-0.5605,-10.0,1.35,-11.35,-20.0,2.7,-22.7
2015-08-04,long,10:27,10:28,4576.25,4552.25,4624.25,10:52,4552.25,hard_stop,24.0,-1.0563,-24.0,1.35,-25.35,-48.0,2.7,-50.7
2015-08-05,long,10:25,10:26,4617.5,4582.75,4687.0,11:29,4627.0,time_stop,34.75,0.2345,9.5,1.35,8.15,19.0,2.7,16.3
2015-08-06,short,10:19,10:20,4564.25,4608.25,4476.25,11:29,4522.5,time_stop,44.0,0.9182,41.75,1.35,40.4,83.5,2.7,80.8
2015-08-07,short,10:28,10:29,4496.5,4529.0,4431.5,11:29,4489.0,time_stop,32.5,0.1892,7.5,1.35,6.15,15.0,2.7,12.3
2015-08-11,short,11:03,11:04,4531.5,4563.5,4467.5,11:29,4517.25,time_stop,32.0,0.4031,14.25,1.35,12.9,28.5,2.7,25.8
2015-08-12,short,10:14,10:15,4448.0,4480.75,4382.5,11:29,4467.0,time_stop,32.75,-0.6214,-19.0,1.35,-20.35,-38.0,2.7,-40.7
2015-08-13,short,10:15,10:16,4510.5,4544.25,4443.0,11:29,4527.25,time_stop,33.75,-0.5363,-16.75,1.35,-18.1,-33.5,2.7,-36.2
2015-08-14,short,11:16,11:17,4500.75,4524.0,4454.25,11:29,4506.25,time_stop,23.25,-0.2946,-5.5,1.35,-6.85,-11.0,2.7,-13.7
2015-08-17,long,10:07,10:08,4516.75,4503.0,4544.25,11:01,4544.25,tp1,13.75,1.92,27.5,1.1,26.4,55.0,2.2,52.8
2015-08-18,long,10:19,10:20,4558.0,4542.25,4589.5,11:29,4551.75,time_stop,15.75,-0.4825,-6.25,1.35,-7.6,-12.5,2.7,-15.2
2015-08-19,short,10:55,10:56,4498.25,4527.0,4440.75,11:29,4493.5,time_stop,28.75,0.1183,4.75,1.35,3.4,9.5,2.7,6.8
2015-08-20,short,10:02,10:03,4455.5,4482.5,4401.5,11:29,4428.75,time_stop,27.0,0.9407,26.75,1.35,25.4,53.5,2.7,50.8
2015-08-21,long,10:00,10:01,4348.75,4302.0,4442.25,10:39,4302.0,hard_stop,46.75,-1.0289,-46.75,1.35,-48.1,-93.5,2.7,-96.2
2015-08-24,long,10:04,10:05,4051.75,3908.0,4339.25,11:29,4079.0,time_stop,143.75,0.1802,27.25,1.35,25.9,54.5,2.7,51.8
2015-08-25,long,11:10,11:11,4188.0,4134.25,4295.5,11:29,4190.75,time_stop,53.75,0.026,2.75,1.35,1.4,5.5,2.7,2.8
2015-08-26,short,10:15,10:16,4091.75,4150.0,3975.25,11:29,4091.25,time_stop,58.25,-0.0146,0.5,1.35,-0.85,1.0,2.7,-1.7
2015-08-27,short,10:05,10:06,4263.0,4299.75,4189.5,10:49,4299.75,hard_stop,36.75,-1.0367,-36.75,1.35,-38.1,-73.5,2.7,-76.2
2015-08-28,short,10:06,10:07,4294.75,4324.5,4235.25,11:17,4324.5,hard_stop,29.75,-1.0454,-29.75,1.35,-31.1,-59.5,2.7,-62.2
2015-08-31,short,10:00,10:01,4282.5,4316.0,4215.5,11:29,4305.0,time_stop,33.5,-0.7119,-22.5,1.35,-23.85,-45.0,2.7,-47.7
2015-09-01,long,10:35,10:36,4224.75,4162.0,4350.25,11:29,4208.75,time_stop,62.75,-0.2765,-16.0,1.35,-17.35,-32.0,2.7,-34.7
2015-09-02,short,10:19,10:20,4179.75,4211.5,4116.25,11:29,4194.5,time_stop,31.75,-0.5071,-14.75,1.35,-16.1,-29.5,2.7,-32.2
2015-09-03,long,10:27,10:28,4288.5,4257.0,4351.5,11:29,4281.5,time_stop,31.5,-0.2651,-7.0,1.35,-8.35,-14.0,2.7,-16.7
2015-09-04,long,10:31,10:32,4208.5,4171.0,4283.5,11:29,4190.5,time_stop,37.5,-0.516,-18.0,1.35,-19.35,-36.0,2.7,-38.7
2015-09-08,short,10:40,10:41,4256.5,4291.75,4186.0,11:29,4265.5,time_stop,35.25,-0.2936,-9.0,1.35,-10.35,-18.0,2.7,-20.7
2015-09-09,short,10:04,10:05,4326.25,4352.5,4273.75,11:29,4307.75,time_stop,26.25,0.6533,18.5,1.35,17.15,37.0,2.7,34.3
2015-09-10,long,10:31,10:32,4272.75,4241.5,4335.25,11:29,4279.75,time_stop,31.25,0.1808,7.0,1.35,5.65,14.0,2.7,11.3
2015-09-16,long,11:21,11:22,4360.75,4335.5,4411.25,11:29,4363.25,time_stop,25.25,0.0455,2.5,1.35,1.15,5.0,2.7,2.3
2015-09-18,long,10:07,10:08,4339.25,4305.0,4407.75,11:29,4343.0,time_stop,34.25,0.0701,3.75,1.35,2.4,7.5,2.7,4.8
2015-09-21,long,10:20,10:21,4347.0,4326.5,4388.0,11:29,4351.5,time_stop,20.5,0.1537,4.5,1.35,3.15,9.0,2.7,6.3
2015-09-22,short,10:20,10:21,4249.0,4273.75,4199.5,11:29,4234.0,time_stop,24.75,0.5515,15.0,1.35,13.65,30.0,2.7,27.3
2015-09-23,long,10:30,10:31,4274.0,4247.25,4327.5,11:29,4262.5,time_stop,26.75,-0.4804,-11.5,1.35,-12.85,-23.0,2.7,-25.7
2015-09-24,short,10:35,10:36,4196.25,4234.0,4120.75,11:29,4191.75,time_stop,37.75,0.0834,4.5,1.35,3.15,9.0,2.7,6.3
2015-09-25,short,10:10,10:11,4275.25,4298.75,4228.25,11:29,4282.75,time_stop,23.5,-0.3766,-7.5,1.35,-8.85,-15.0,2.7,-17.7
2015-09-28,short,10:05,10:06,4153.75,4197.25,4066.75,11:29,4133.75,time_stop,43.5,0.4287,20.0,1.35,18.65,40.0,2.7,37.3
2015-09-29,long,10:05,10:06,4115.5,4072.5,4201.5,11:29,4117.25,time_stop,43.0,0.0093,1.75,1.35,0.4,3.5,2.7,0.8
2015-09-30,long,10:15,10:16,4153.75,4124.0,4213.25,11:29,4153.25,time_stop,29.75,-0.0622,-0.5,1.35,-1.85,-1.0,2.7,-3.7
2015-10-01,short,10:01,10:02,4124.25,4177.5,4017.75,11:29,4142.25,time_stop,53.25,-0.3634,-18.0,1.35,-19.35,-36.0,2.7,-38.7
2015-10-02,long,10:16,10:17,4139.75,4111.25,4196.75,11:29,4165.25,time_stop,28.5,0.8474,25.5,1.35,24.15,51.0,2.7,48.3
2015-10-06,short,10:19,10:20,4297.25,4322.25,4247.25,11:29,4292.5,time_stop,25.0,0.136,4.75,1.35,3.4,9.5,2.7,6.8
2015-10-07,short,10:40,10:41,4303.75,4332.25,4246.75,11:29,4271.75,time_stop,28.5,1.0754,32.0,1.35,30.65,64.0,2.7,61.3
2015-10-08,short,10:16,10:17,4291.25,4310.0,4253.75,11:29,4280.75,time_stop,18.75,0.488,10.5,1.35,9.15,21.0,2.7,18.3
2015-10-09,long,10:32,10:33,4356.75,4331.0,4408.25,11:29,4364.0,time_stop,25.75,0.2291,7.25,1.35,5.9,14.5,2.7,11.8
2015-10-12,short,10:23,10:24,4354.25,4375.0,4312.75,11:29,4372.75,time_stop,20.75,-0.9566,-18.5,1.35,-19.85,-37.0,2.7,-39.7
2015-10-13,long,10:02,10:03,4366.75,4342.25,4415.75,11:29,4377.25,time_stop,24.5,0.3735,10.5,1.35,9.15,21.0,2.7,18.3
2015-10-14,short,10:16,10:17,4340.5,4365.25,4291.0,11:29,4330.0,time_stop,24.75,0.3697,10.5,1.35,9.15,21.0,2.7,18.3
2015-10-15,long,10:49,10:50,4376.5,4348.0,4433.5,11:29,4370.25,time_stop,28.5,-0.2667,-6.25,1.35,-7.6,-12.5,2.7,-15.2
2015-10-16,long,11:09,11:10,4420.25,4404.5,4451.75,11:29,4416.25,time_stop,15.75,-0.3397,-4.0,1.35,-5.35,-8.0,2.7,-10.7
2015-10-19,long,10:01,10:02,4434.25,4410.75,4481.25,11:29,4443.75,time_stop,23.5,0.3468,9.5,1.35,8.15,19.0,2.7,16.3
2015-10-20,long,10:07,10:08,4450.25,4432.75,4485.25,11:11,4432.75,hard_stop,17.5,-1.0771,-17.5,1.35,-18.85,-35.0,2.7,-37.7
2015-10-21,short,10:02,10:03,4434.5,4456.5,4390.5,11:29,4438.5,time_stop,22.0,-0.2432,-4.0,1.35,-5.35,-8.0,2.7,-10.7
2015-10-22,long,10:03,10:04,4466.0,4429.0,4540.0,11:29,4473.75,time_stop,37.0,0.173,7.75,1.35,6.4,15.5,2.7,12.8
2015-10-26,long,10:40,10:41,4616.25,4598.5,4651.75,11:29,4615.25,time_stop,17.75,-0.1324,-1.0,1.35,-2.35,-2.0,2.7,-4.7
2015-10-27,long,11:04,11:05,4635.5,4607.5,4691.5,11:29,4630.5,time_stop,28.0,-0.2268,-5.0,1.35,-6.35,-10.0,2.7,-12.7
2015-10-28,short,10:19,10:20,4617.0,4642.0,4567.0,11:12,4642.0,hard_stop,25.0,-1.054,-25.0,1.35,-26.35,-50.0,2.7,-52.7
2015-10-30,short,10:11,10:12,4659.25,4672.75,4632.25,11:29,4656.75,time_stop,13.5,0.0852,2.5,1.35,1.15,5.0,2.7,2.3
2015-11-02,long,10:05,10:06,4663.75,4644.0,4703.25,11:29,4675.25,time_stop,19.75,0.5139,11.5,1.35,10.15,23.0,2.7,20.3
2016-03-07,short,10:00,10:01,4281.75,4302.75,4239.75,11:23,4302.75,hard_stop,21.0,-1.0643,-21.0,1.35,-22.35,-42.0,2.7,-44.7
2016-03-09,long,10:35,10:36,4276.5,4248.25,4333.0,11:29,4272.75,time_stop,28.25,-0.1805,-3.75,1.35,-5.1,-7.5,2.7,-10.2
2016-03-10,long,10:02,10:03,4325.25,4290.25,4395.25,10:34,4290.25,hard_stop,35.0,-1.0386,-35.0,1.35,-36.35,-70.0,2.7,-72.7
2016-03-11,short,10:07,10:08,4311.75,4331.25,4272.75,10:34,4331.25,hard_stop,19.5,-1.0692,-19.5,1.35,-20.85,-39.0,2.7,-41.7
2016-03-14,long,10:29,10:30,4349.25,4334.25,4379.25,11:29,4358.0,time_stop,15.0,0.4933,8.75,1.35,7.4,17.5,2.7,14.8
2016-03-15,short,10:04,10:05,4331.5,4350.0,4294.5,10:30,4350.0,hard_stop,18.5,-1.073,-18.5,1.35,-19.85,-37.0,2.7,-39.7
2016-03-16,long,10:08,10:09,4365.75,4346.5,4404.25,11:29,4369.25,time_stop,19.25,0.1117,3.5,1.35,2.15,7.0,2.7,4.3
2016-03-17,short,10:00,10:01,4367.5,4394.75,4313.0,11:29,4382.75,time_stop,27.25,-0.6092,-15.25,1.35,-16.6,-30.5,2.7,-33.2
2016-03-18,long,11:10,11:11,4408.25,4375.5,4473.75,11:29,4403.5,time_stop,32.75,-0.1863,-4.75,1.35,-6.1,-9.5,2.7,-12.2
2016-03-21,short,10:30,10:31,4390.25,4412.5,4345.75,11:29,4407.25,time_stop,22.25,-0.8247,-17.0,1.35,-18.35,-34.0,2.7,-36.7
2016-03-22,long,10:12,10:13,4417.5,4390.75,4471.0,11:29,4425.25,time_stop,26.75,0.2393,7.75,1.35,6.4,15.5,2.7,12.8
2016-03-23,short,10:36,10:37,4405.75,4425.25,4366.75,11:29,4400.25,time_stop,19.5,0.2128,5.5,1.35,4.15,11.0,2.7,8.3
2016-03-24,long,10:39,10:40,4385.0,4365.0,4425.0,11:29,4383.5,time_stop,20.0,-0.1425,-1.5,1.35,-2.85,-3.0,2.7,-5.7
2016-03-29,long,10:00,10:01,4388.5,4373.75,4418.0,11:29,4408.5,time_stop,14.75,1.2644,20.0,1.35,18.65,40.0,2.7,37.3
2016-03-31,long,10:13,10:14,4487.75,4473.25,4516.75,11:29,4487.25,time_stop,14.5,-0.1276,-0.5,1.35,-1.85,-1.0,2.7,-3.7
2016-04-01,long,10:00,10:01,4465.5,4441.25,4514.0,11:29,4498.25,time_stop,24.25,1.2948,32.75,1.35,31.4,65.5,2.7,62.8
2016-04-04,long,10:06,10:07,4523.0,4508.75,4551.5,10:45,4508.75,hard_stop,14.25,-1.0947,-14.25,1.35,-15.6,-28.5,2.7,-31.2
2016-04-05,long,10:05,10:06,4476.5,4457.5,4514.5,11:29,4478.75,time_stop,19.0,0.0474,2.25,1.35,0.9,4.5,2.7,1.8
2016-04-06,long,10:03,10:04,4485.5,4467.0,4522.5,11:29,4504.75,time_stop,18.5,0.9676,19.25,1.35,17.9,38.5,2.7,35.8
2016-04-07,short,10:14,10:15,4498.5,4517.75,4460.0,11:29,4479.75,time_stop,19.25,0.9039,18.75,1.35,17.4,37.5,2.7,34.8
2016-04-08,long,10:04,10:05,4504.75,4484.5,4545.25,10:59,4484.5,hard_stop,20.25,-1.0667,-20.25,1.35,-21.6,-40.5,2.7,-43.2
2016-04-11,long,10:05,10:06,4500.75,4479.75,4542.75,11:29,4490.5,time_stop,21.0,-0.5524,-10.25,1.35,-11.6,-20.5,2.7,-23.2
2016-04-12,short,10:08,10:09,4441.75,4460.25,4404.75,10:53,4460.25,hard_stop,18.5,-1.073,-18.5,1.35,-19.85,-37.0,2.7,-39.7
2016-04-13,long,10:15,10:16,4543.5,4517.25,4596.0,11:29,4539.5,time_stop,26.25,-0.2038,-4.0,1.35,-5.35,-8.0,2.7,-10.7
2016-04-14,long,10:54,10:55,4550.5,4534.25,4583.0,11:29,4544.0,time_stop,16.25,-0.4831,-6.5,1.35,-7.85,-13.0,2.7,-15.7
2016-04-15,long,10:45,10:46,4549.5,4533.0,4582.5,11:29,4549.75,time_stop,16.5,-0.0667,0.25,1.35,-1.1,0.5,2.7,-2.2
2016-04-18,long,10:00,10:01,4537.25,4519.0,4573.75,11:29,4545.5,time_stop,18.25,0.3781,8.25,1.35,6.9,16.5,2.7,13.8
2016-04-20,long,11:17,11:18,4545.75,4515.25,4606.75,11:29,4551.0,time_stop,30.5,0.1279,5.25,1.35,3.9,10.5,2.7,7.8
2016-04-21,long,10:38,10:39,4538.25,4514.0,4586.75,11:29,4545.5,time_stop,24.25,0.2433,7.25,1.35,5.9,14.5,2.7,11.8
2016-04-22,short,10:12,10:13,4469.75,4497.25,4414.75,11:29,4437.25,time_stop,27.5,1.1327,32.5,1.35,31.15,65.0,2.7,62.3
2016-04-25,short,10:19,10:20,4449.25,4467.5,4412.75,11:29,4455.25,time_stop,18.25,-0.4027,-6.0,1.35,-7.35,-12.0,2.7,-14.7
2016-04-26,short,10:22,10:23,4463.0,4484.5,4420.0,11:29,4450.5,time_stop,21.5,0.5186,12.5,1.35,11.15,25.0,2.7,22.3
2016-04-27,short,10:06,10:07,4390.75,4418.75,4334.75,11:29,4394.25,time_stop,28.0,-0.1732,-3.5,1.35,-4.85,-7.0,2.7,-9.7
2016-04-28,long,10:01,10:02,4428.75,4407.75,4470.75,11:29,4437.0,time_stop,21.0,0.3286,8.25,1.35,6.9,16.5,2.7,13.8
2016-04-29,short,10:01,10:02,4327.0,4364.0,4253.0,11:29,4307.25,time_stop,37.0,0.4973,19.75,1.35,18.4,39.5,2.7,36.8
2016-05-02,long,10:16,10:17,4345.75,4326.25,4384.75,11:29,4339.0,time_stop,19.5,-0.4154,-6.75,1.35,-8.1,-13.5,2.7,-16.2
2016-05-03,short,10:10,10:11,4324.75,4351.75,4270.75,11:29,4327.75,time_stop,27.0,-0.1611,-3.0,1.35,-4.35,-6.0,2.7,-8.7
2016-05-04,long,10:00,10:01,4317.25,4299.75,4352.25,11:28,4299.75,hard_stop,17.5,-1.0771,-17.5,1.35,-18.85,-35.0,2.7,-37.7
2016-05-05,long,10:12,10:13,4324.25,4302.0,4368.75,11:29,4309.5,time_stop,22.25,-0.7236,-14.75,1.35,-16.1,-29.5,2.7,-32.2
2016-05-06,short,10:46,10:47,4278.0,4311.0,4212.0,11:29,4292.5,time_stop,33.0,-0.4803,-14.5,1.35,-15.85,-29.0,2.7,-31.7
2016-05-09,long,10:08,10:09,4350.25,4322.5,4405.75,11:29,4335.5,time_stop,27.75,-0.5802,-14.75,1.35,-16.1,-29.5,2.7,-32.2
2016-05-10,long,10:32,10:33,4364.0,4343.25,4405.5,11:29,4372.0,time_stop,20.75,0.3205,8.0,1.35,6.65,16.0,2.7,13.3
2016-05-11,long,10:14,10:15,4393.5,4381.25,4418.0,11:01,4381.25,hard_stop,12.25,-1.1102,-12.25,1.35,-13.6,-24.5,2.7,-27.2
2016-05-12,short,10:02,10:03,4341.75,4372.25,4280.75,11:29,4317.25,time_stop,30.5,0.759,24.5,1.35,23.15,49.0,2.7,46.3
2016-05-13,long,11:26,11:27,4359.0,4332.75,4411.5,11:29,4357.25,time_stop,26.25,-0.1181,-1.75,1.35,-3.1,-3.5,2.7,-6.2
2016-05-16,long,10:00,10:01,4344.75,4323.25,4387.75,11:29,4358.75,time_stop,21.5,0.5884,14.0,1.35,12.65,28.0,2.7,25.3
2016-05-17,short,10:06,10:07,4355.5,4385.0,4296.5,11:29,4354.0,time_stop,29.5,0.0051,1.5,1.35,0.15,3.0,2.7,0.3
2016-05-18,long,10:05,10:06,4331.25,4312.0,4369.75,11:29,4345.5,time_stop,19.25,0.6701,14.25,1.35,12.9,28.5,2.7,25.8
2016-05-19,short,10:00,10:01,4296.75,4329.75,4230.75,11:29,4292.0,time_stop,33.0,0.103,4.75,1.35,3.4,9.5,2.7,6.8
2016-05-20,long,10:01,10:02,4360.75,4328.25,4425.75,11:29,4371.0,time_stop,32.5,0.2738,10.25,1.35,8.9,20.5,2.7,17.8
2016-05-23,long,10:20,10:21,4381.5,4360.75,4423.0,11:29,4373.5,time_stop,20.75,-0.4506,-8.0,1.35,-9.35,-16.0,2.7,-18.7
2016-05-24,long,10:02,10:03,4406.25,4377.5,4463.75,11:29,4430.0,time_stop,28.75,0.7791,23.75,1.35,22.4,47.5,2.7,44.8
2016-05-25,long,10:10,10:11,4474.75,4452.0,4520.25,11:29,4468.25,time_stop,22.75,-0.3451,-6.5,1.35,-7.85,-13.0,2.7,-15.7
2016-05-26,long,10:33,10:34,4487.25,4469.75,4522.25,11:29,4484.5,time_stop,17.5,-0.2343,-2.75,1.35,-4.1,-5.5,2.7,-8.2
2016-05-27,long,10:04,10:05,4504.0,4490.25,4531.5,11:29,4507.5,time_stop,13.75,0.1564,3.5,1.35,2.15,7.0,2.7,4.3
2016-05-31,long,10:06,10:07,4524.75,4513.5,4547.25,10:46,4513.5,hard_stop,11.25,-1.12,-11.25,1.35,-12.6,-22.5,2.7,-25.2
2016-06-02,long,11:05,11:06,4514.0,4486.0,4570.0,11:29,4511.25,time_stop,28.0,-0.1464,-2.75,1.35,-4.1,-5.5,2.7,-8.2
2016-06-03,short,10:00,10:01,4495.25,4523.75,4438.25,11:29,4497.75,time_stop,28.5,-0.1351,-2.5,1.35,-3.85,-5.0,2.7,-7.7
2016-06-06,long,11:09,11:10,4529.5,4510.75,4567.0,11:29,4525.0,time_stop,18.75,-0.312,-4.5,1.35,-5.85,-9.0,2.7,-11.7
2016-06-07,short,10:50,10:51,4521.25,4532.25,4499.25,11:29,4526.75,time_stop,11.0,-0.6227,-5.5,1.35,-6.85,-11.0,2.7,-13.7
2016-06-08,short,10:09,10:10,4517.25,4530.5,4490.75,11:29,4515.25,time_stop,13.25,0.0491,2.0,1.35,0.65,4.0,2.7,1.3
2016-06-10,long,10:33,10:34,4479.0,4464.25,4508.5,11:29,4473.0,time_stop,14.75,-0.4983,-6.0,1.35,-7.35,-12.0,2.7,-14.7
2016-06-13,long,10:31,10:32,4452.75,4426.75,4504.75,11:29,4444.0,time_stop,26.0,-0.3885,-8.75,1.35,-10.1,-17.5,2.7,-20.2
2016-06-14,short,10:25,10:26,4404.25,4431.75,4349.25,11:29,4386.0,time_stop,27.5,0.6145,18.25,1.35,16.9,36.5,2.7,33.8
2016-06-15,short,10:23,10:24,4419.5,4431.0,4396.5,11:29,4413.0,time_stop,11.5,0.4478,6.5,1.35,5.15,13.0,2.7,10.3
2016-06-16,short,10:00,10:01,4363.5,4385.25,4320.0,11:29,4373.0,time_stop,21.75,-0.4989,-9.5,1.35,-10.85,-19.0,2.7,-21.7
2016-06-17,short,10:06,10:07,4375.75,4408.75,4309.75,11:29,4355.5,time_stop,33.0,0.5727,20.25,1.35,18.9,40.5,2.7,37.8
2016-06-20,long,10:01,10:02,4427.75,4414.25,4454.75,11:29,4434.5,time_stop,13.5,0.4,6.75,1.35,5.4,13.5,2.7,10.8
2016-06-21,short,10:56,10:57,4395.25,4411.5,4362.75,11:29,4397.0,time_stop,16.25,-0.1908,-1.75,1.35,-3.1,-3.5,2.7,-6.2
2016-06-22,short,10:01,10:02,4399.5,4411.25,4376.0,10:32,4411.25,hard_stop,11.75,-1.1149,-11.75,1.35,-13.1,-23.5,2.7,-26.2
2016-06-23,long,10:54,10:55,4434.5,4410.5,4482.5,11:29,4440.25,time_stop,24.0,0.1833,5.75,1.35,4.4,11.5,2.7,8.8
2016-06-24,long,10:01,10:02,4356.75,4281.5,4507.25,11:29,4320.5,time_stop,75.25,-0.4997,-36.25,1.35,-37.6,-72.5,2.7,-75.2
2016-06-27,short,10:05,10:06,4211.0,4244.0,4145.0,11:29,4186.5,time_stop,33.0,0.7015,24.5,1.35,23.15,49.0,2.7,46.3
2016-06-29,long,10:13,10:14,4334.0,4310.75,4380.5,11:29,4343.75,time_stop,23.25,0.3613,9.75,1.35,8.4,19.5,2.7,16.8
2016-06-30,short,10:05,10:06,4350.5,4371.5,4308.5,10:51,4371.5,hard_stop,21.0,-1.0643,-21.0,1.35,-22.35,-42.0,2.7,-44.7
2016-07-01,long,10:00,10:01,4435.0,4403.25,4498.5,11:29,4437.75,time_stop,31.75,0.0441,2.75,1.35,1.4,5.5,2.7,2.8
2016-07-05,short,10:10,10:11,4387.25,4412.75,4336.25,11:29,4396.0,time_stop,25.5,-0.3961,-8.75,1.35,-10.1,-17.5,2.7,-20.2
2016-07-06,long,10:00,10:01,4392.75,4366.75,4444.75,11:29,4415.5,time_stop,26.0,0.8231,22.75,1.35,21.4,45.5,2.7,42.8
2016-07-07,short,11:04,11:05,4440.75,4461.5,4399.25,11:29,4444.25,time_stop,20.75,-0.2337,-3.5,1.35,-4.85,-7.0,2.7,-9.7
2016-07-08,long,10:09,10:10,4497.25,4467.0,4557.75,11:29,4511.75,time_stop,30.25,0.4347,14.5,1.35,13.15,29.0,2.7,26.3
2016-07-11,long,11:05,11:06,4555.25,4535.0,4595.75,11:29,4554.5,time_stop,20.25,-0.1037,-0.75,1.35,-2.1,-1.5,2.7,-4.2
2016-07-13,long,10:53,10:54,4582.75,4566.25,4615.75,11:29,4569.25,time_stop,16.5,-0.9,-13.5,1.35,-14.85,-27.0,2.7,-29.7
2016-07-15,short,10:05,10:06,4589.0,4603.75,4559.5,11:29,4582.5,time_stop,14.75,0.3492,6.5,1.35,5.15,13.0,2.7,10.3
2016-07-20,long,10:04,10:05,4631.75,4615.25,4664.75,11:29,4651.25,time_stop,16.5,1.1,19.5,1.35,18.15,39.0,2.7,36.3
2016-07-22,long,10:01,10:02,4646.5,4628.25,4683.0,11:29,4651.25,time_stop,18.25,0.1863,4.75,1.35,3.4,9.5,2.7,6.8
2016-07-25,short,10:11,10:12,4648.5,4660.75,4624.0,11:29,4652.75,time_stop,12.25,-0.4571,-4.25,1.35,-5.6,-8.5,2.7,-11.2
2016-07-26,long,10:00,10:01,4679.75,4657.25,4724.75,10:54,4657.25,hard_stop,22.5,-1.06,-22.5,1.35,-23.85,-45.0,2.7,-47.7
2016-07-27,short,10:41,10:42,4690.75,4705.5,4661.25,11:29,4696.0,time_stop,14.75,-0.4475,-5.25,1.35,-6.6,-10.5,2.7,-13.2
2016-07-29,short,10:00,10:01,4717.25,4731.5,4688.75,11:09,4731.5,hard_stop,14.25,-1.0947,-14.25,1.35,-15.6,-28.5,2.7,-31.2
2016-08-01,long,10:01,10:02,4735.75,4720.75,4765.75,11:29,4757.75,time_stop,15.0,1.3767,22.0,1.35,20.65,44.0,2.7,41.3
2016-08-02,short,10:06,10:07,4723.75,4746.25,4678.75,11:29,4700.5,time_stop,22.5,0.9733,23.25,1.35,21.9,46.5,2.7,43.8
2016-08-03,long,10:14,10:15,4722.5,4705.75,4756.0,11:29,4713.0,time_stop,16.75,-0.6478,-9.5,1.35,-10.85,-19.0,2.7,-21.7
2016-08-04,short,10:06,10:07,4719.0,4738.5,4680.0,10:50,4738.5,hard_stop,19.5,-1.0692,-19.5,1.35,-20.85,-39.0,2.7,-41.7
2016-08-05,long,10:00,10:01,4788.75,4759.5,4847.25,11:29,4794.0,time_stop,29.25,0.1333,5.25,1.35,3.9,10.5,2.7,7.8
2016-08-08,short,10:01,10:02,4777.0,4790.75,4749.5,11:29,4774.25,time_stop,13.75,0.1018,2.75,1.35,1.4,5.5,2.7,2.8
2016-08-09,long,10:15,10:16,4799.25,4781.75,4834.25,11:29,4805.5,time_stop,17.5,0.28,6.25,1.35,4.9,12.5,2.7,9.8
2016-08-10,short,11:10,11:11,4782.75,4796.75,4754.75,11:29,4773.25,time_stop,14.0,0.5821,9.5,1.35,8.15,19.0,2.7,16.3
2016-08-11,short,10:08,10:09,4790.75,4811.25,4749.75,11:29,4797.25,time_stop,20.5,-0.3829,-6.5,1.35,-7.85,-13.0,2.7,-15.7
2016-08-12,long,11:00,11:01,4798.0,4786.75,4820.5,11:29,4800.5,time_stop,11.25,0.1022,2.5,1.35,1.15,5.0,2.7,2.3
2016-08-15,long,10:24,10:25,4826.75,4807.5,4865.25,11:29,4833.0,time_stop,19.25,0.2545,6.25,1.35,4.9,12.5,2.7,9.8
2016-08-17,short,10:02,10:03,4781.0,4801.5,4740.0,11:29,4778.25,time_stop,20.5,0.0683,2.75,1.35,1.4,5.5,2.7,2.8
2016-08-18,long,10:16,10:17,4810.75,4795.25,4841.75,11:29,4810.75,time_stop,15.5,-0.0871,0.0,1.35,-1.35,0.0,2.7,-2.7
2016-08-19,long,10:23,10:24,4801.0,4784.75,4833.5,11:29,4815.5,time_stop,16.25,0.8092,14.5,1.35,13.15,29.0,2.7,26.3
2016-08-22,long,10:16,10:17,4806.0,4789.25,4839.5,11:29,4793.75,time_stop,16.75,-0.8119,-12.25,1.35,-13.6,-24.5,2.7,-27.2
2016-08-23,short,11:05,11:06,4824.5,4837.0,4799.5,11:29,4826.0,time_stop,12.5,-0.228,-1.5,1.35,-2.85,-3.0,2.7,-5.7
2016-08-24,short,10:22,10:23,4811.25,4821.5,4790.75,11:29,4810.0,time_stop,10.25,-0.0098,1.25,1.35,-0.1,2.5,2.7,-0.2
2016-08-25,long,10:07,10:08,4784.5,4768.0,4817.5,11:29,4788.25,time_stop,16.5,0.1455,3.75,1.35,2.4,7.5,2.7,4.8
2016-08-26,short,10:00,10:01,4779.0,4801.25,4734.5,10:04,4801.25,hard_stop,22.25,-1.0607,-22.25,1.35,-23.6,-44.5,2.7,-47.2
2016-08-30,short,10:13,10:14,4782.0,4798.75,4748.5,11:29,4773.0,time_stop,16.75,0.4567,9.0,1.35,7.65,18.0,2.7,15.3
2016-08-31,short,11:05,11:06,4764.25,4776.25,4740.25,11:29,4770.75,time_stop,12.0,-0.6542,-6.5,1.35,-7.85,-13.0,2.7,-15.7
2016-09-01,short,10:20,10:21,4766.5,4787.0,4725.5,11:29,4762.75,time_stop,20.5,0.1171,3.75,1.35,2.4,7.5,2.7,4.8
2016-09-02,long,10:01,10:02,4816.25,4799.0,4850.75,11:29,4799.75,time_stop,17.25,-1.0348,-16.5,1.35,-17.85,-33.0,2.7,-35.7
2016-09-06,long,10:00,10:01,4816.75,4798.75,4852.75,10:20,4798.75,hard_stop,18.0,-1.075,-18.0,1.35,-19.35,-36.0,2.7,-38.7
2016-09-07,long,10:25,10:26,4838.5,4828.0,4859.5,10:47,4828.0,hard_stop,10.5,-1.1286,-10.5,1.35,-11.85,-21.0,2.7,-23.7
2016-09-08,short,10:10,10:11,4796.5,4818.25,4753.0,11:29,4809.5,time_stop,21.75,-0.6598,-13.0,1.35,-14.35,-26.0,2.7,-28.7
2016-09-09,short,10:08,10:09,4759.5,4772.75,4733.0,11:29,4748.75,time_stop,13.25,0.7094,10.75,1.35,9.4,21.5,2.7,18.8
2016-09-12,long,10:01,10:02,4697.5,4650.75,4791.0,11:29,4721.25,time_stop,46.75,0.4791,23.75,1.35,22.4,47.5,2.7,44.8
2016-09-13,short,10:01,10:02,4718.5,4752.5,4650.5,11:29,4705.0,time_stop,34.0,0.3574,13.5,1.35,12.15,27.0,2.7,24.3
2016-09-14,long,10:05,10:06,4744.5,4722.25,4789.0,11:29,4762.75,time_stop,22.25,0.7596,18.25,1.35,16.9,36.5,2.7,33.8
2016-09-15,long,10:05,10:06,4763.5,4741.0,4808.5,11:29,4798.5,time_stop,22.5,1.4956,35.0,1.35,33.65,70.0,2.7,67.3
2016-09-16,short,10:01,10:02,4796.0,4817.75,4752.5,11:29,4799.5,time_stop,21.75,-0.223,-3.5,1.35,-4.85,-7.0,2.7,-9.7
2016-09-19,long,10:01,10:02,4839.5,4823.75,4871.0,10:28,4823.75,hard_stop,15.75,-1.0857,-15.75,1.35,-17.1,-31.5,2.7,-34.2
2016-09-20,long,10:00,10:01,4819.75,4803.25,4852.75,10:34,4803.25,hard_stop,16.5,-1.0818,-16.5,1.35,-17.85,-33.0,2.7,-35.7
2016-09-21,long,10:05,10:06,4828.0,4815.5,4853.0,11:09,4815.5,hard_stop,12.5,-1.108,-12.5,1.35,-13.85,-25.0,2.7,-27.7
2016-09-22,long,10:26,10:27,4881.5,4870.75,4903.0,11:29,4878.25,time_stop,10.75,-0.4279,-3.25,1.35,-4.6,-6.5,2.7,-9.2
2016-09-23,short,10:07,10:08,4868.75,4881.5,4843.25,11:29,4873.25,time_stop,12.75,-0.4588,-4.5,1.35,-5.85,-9.0,2.7,-11.7
2016-09-26,long,10:36,10:37,4832.5,4811.5,4874.5,11:29,4816.0,time_stop,21.0,-0.85,-16.5,1.35,-17.85,-33.0,2.7,-35.7
2016-09-27,long,10:00,10:01,4843.25,4806.75,4916.25,11:29,4846.0,time_stop,36.5,0.0384,2.75,1.35,1.4,5.5,2.7,2.8
2016-09-30,short,10:22,10:23,4842.5,4858.75,4810.0,10:45,4858.75,hard_stop,16.25,-1.0831,-16.25,1.35,-17.6,-32.5,2.7,-35.2
2016-10-03,long,10:49,10:50,4865.5,4847.75,4901.0,11:29,4858.5,time_stop,17.75,-0.4704,-7.0,1.35,-8.35,-14.0,2.7,-16.7
2016-10-04,short,10:10,10:11,4873.25,4888.25,4843.25,11:29,4870.0,time_stop,15.0,0.1267,3.25,1.35,1.9,6.5,2.7,3.8
2016-10-05,long,10:06,10:07,4879.75,4866.75,4905.75,11:29,4880.75,time_stop,13.0,-0.0269,1.0,1.35,-0.35,2.0,2.7,-0.7
2016-10-06,short,11:08,11:09,4850.25,4871.0,4808.75,11:29,4858.25,time_stop,20.75,-0.4506,-8.0,1.35,-9.35,-16.0,2.7,-18.7
2016-10-10,long,10:40,10:41,4899.25,4882.25,4933.25,11:29,4895.0,time_stop,17.0,-0.3294,-4.25,1.35,-5.6,-8.5,2.7,-11.2
2016-10-11,short,10:11,10:12,4855.75,4887.75,4791.75,11:29,4830.0,time_stop,32.0,0.7625,25.75,1.35,24.4,51.5,2.7,48.8
2016-10-13,short,10:02,10:03,4754.75,4784.0,4696.25,11:29,4779.25,time_stop,29.25,-0.8838,-24.5,1.35,-25.85,-49.0,2.7,-51.7
2016-10-17,long,10:25,10:26,4807.5,4784.0,4854.5,11:29,4796.5,time_stop,23.5,-0.5255,-11.0,1.35,-12.35,-22.0,2.7,-24.7
2016-10-18,short,10:21,10:22,4832.75,4850.75,4796.75,11:29,4844.5,time_stop,18.0,-0.7278,-11.75,1.35,-13.1,-23.5,2.7,-26.2
2016-10-19,long,10:27,10:28,4836.5,4824.0,4861.5,11:29,4830.25,time_stop,12.5,-0.608,-6.25,1.35,-7.6,-12.5,2.7,-15.2
2016-10-20,long,10:01,10:02,4829.0,4807.0,4873.0,10:35,4807.0,hard_stop,22.0,-1.0614,-22.0,1.35,-23.35,-44.0,2.7,-46.7
2016-10-21,long,10:31,10:32,4835.5,4814.5,4877.5,11:29,4839.75,time_stop,21.0,0.1381,4.25,1.35,2.9,8.5,2.7,5.8
2016-10-24,long,10:00,10:01,4891.25,4875.5,4922.75,11:29,4894.5,time_stop,15.75,0.1206,3.25,1.35,1.9,6.5,2.7,3.8
2016-10-25,short,10:44,10:45,4894.25,4906.75,4869.25,11:29,4896.5,time_stop,12.5,-0.288,-2.25,1.35,-3.6,-4.5,2.7,-7.2
2016-10-26,long,10:37,10:38,4863.75,4841.25,4908.75,11:29,4874.25,time_stop,22.5,0.4067,10.5,1.35,9.15,21.0,2.7,18.3
2016-10-27,short,10:04,10:05,4864.0,4880.0,4832.0,11:29,4850.0,time_stop,16.0,0.7906,14.0,1.35,12.65,28.0,2.7,25.3
2016-10-28,long,10:32,10:33,4834.5,4799.25,4905.0,11:29,4831.25,time_stop,35.25,-0.1305,-3.25,1.35,-4.6,-6.5,2.7,-9.2
2016-10-31,short,10:34,10:35,4803.25,4819.5,4770.75,11:29,4812.75,time_stop,16.25,-0.6677,-9.5,1.35,-10.85,-19.0,2.7,-21.7
2016-11-01,short,10:10,10:11,4788.0,4806.5,4751.0,11:29,4782.75,time_stop,18.5,0.2108,5.25,1.35,3.9,10.5,2.7,7.8
2016-11-02,short,10:32,10:33,4749.0,4766.25,4714.5,11:29,4757.5,time_stop,17.25,-0.571,-8.5,1.35,-9.85,-17.0,2.7,-19.7
2016-11-03,short,10:01,10:02,4707.5,4729.75,4663.0,11:29,4715.25,time_stop,22.25,-0.409,-7.75,1.35,-9.1,-15.5,2.7,-18.2
2016-11-04,long,10:36,10:37,4684.75,4651.0,4752.25,11:29,4690.25,time_stop,33.75,0.123,5.5,1.35,4.15,11.0,2.7,8.3
2016-11-07,long,10:00,10:01,4739.75,4726.0,4767.25,11:14,4767.25,tp1,13.75,1.92,27.5,1.1,26.4,55.0,2.2,52.8
2016-11-08,long,10:49,10:50,4768.0,4752.5,4799.0,11:29,4785.25,time_stop,15.5,1.0258,17.25,1.35,15.9,34.5,2.7,31.8
2016-11-10,short,10:02,10:03,4812.5,4851.75,4734.0,10:28,4734.0,tp1,39.25,1.972,78.5,1.1,77.4,157.0,2.2,154.8
2016-11-11,long,10:09,10:10,4739.5,4705.75,4807.0,11:29,4717.75,time_stop,33.75,-0.6844,-21.75,1.35,-23.1,-43.5,2.7,-46.2
2016-11-14,short,10:03,10:04,4705.0,4751.0,4613.0,11:29,4691.25,time_stop,46.0,0.2696,13.75,1.35,12.4,27.5,2.7,24.8
2016-11-15,long,10:00,10:01,4754.25,4725.75,4811.25,11:29,4757.5,time_stop,28.5,0.0667,3.25,1.35,1.9,6.5,2.7,3.8
2016-11-16,long,10:24,10:25,4780.25,4740.5,4859.75,11:29,4788.75,time_stop,39.75,0.1799,8.5,1.35,7.15,17.0,2.7,14.3
2016-11-17,long,10:06,10:07,4800.75,4777.75,4846.75,11:29,4807.5,time_stop,23.0,0.2348,6.75,1.35,5.4,13.5,2.7,10.8
2016-11-18,short,10:00,10:01,4822.5,4840.75,4786.0,11:29,4809.75,time_stop,18.25,0.6247,12.75,1.35,11.4,25.5,2.7,22.8
2016-11-23,short,11:20,11:21,4834.0,4862.25,4777.5,11:29,4834.0,time_stop,28.25,-0.0478,0.0,1.35,-1.35,0.0,2.7,-2.7
2016-11-28,long,10:29,10:30,4872.0,4851.5,4913.0,11:29,4864.0,time_stop,20.5,-0.4561,-8.0,1.35,-9.35,-16.0,2.7,-18.7
2016-11-29,long,10:20,10:21,4867.0,4847.25,4906.5,11:29,4878.75,time_stop,19.75,0.5266,11.75,1.35,10.4,23.5,2.7,20.8
2016-11-30,short,10:01,10:02,4862.0,4881.75,4822.5,11:29,4842.25,time_stop,19.75,0.9316,19.75,1.35,18.4,39.5,2.7,36.8
2016-12-01,short,10:21,10:22,4772.75,4814.75,4688.75,11:29,4756.5,time_stop,42.0,0.3548,16.25,1.35,14.9,32.5,2.7,29.8
2016-12-02,short,10:13,10:14,4724.5,4759.25,4655.0,11:29,4755.0,time_stop,34.75,-0.9165,-30.5,1.35,-31.85,-61.0,2.7,-63.7
2016-12-05,long,10:02,10:03,4785.25,4741.5,4872.75,11:29,4783.5,time_stop,43.75,-0.0709,-1.75,1.35,-3.1,-3.5,2.7,-6.2
2016-12-06,long,10:01,10:02,4791.75,4768.0,4839.25,11:29,4778.25,time_stop,23.75,-0.6253,-13.5,1.35,-14.85,-27.0,2.7,-29.7
2016-12-07,long,10:20,10:21,4785.75,4763.25,4830.75,11:29,4781.0,time_stop,22.5,-0.2711,-4.75,1.35,-6.1,-9.5,2.7,-12.2
2016-12-08,long,11:22,11:23,4866.75,4840.5,4919.25,11:29,4861.25,time_stop,26.25,-0.261,-5.5,1.35,-6.85,-11.0,2.7,-13.7
2016-12-09,long,10:35,10:36,4893.75,4875.0,4931.25,11:29,4890.25,time_stop,18.75,-0.2587,-3.5,1.35,-4.85,-7.0,2.7,-9.7
2016-12-12,long,10:00,10:01,4880.25,4863.0,4914.75,10:26,4863.0,hard_stop,17.25,-1.0783,-17.25,1.35,-18.6,-34.5,2.7,-37.2
2016-12-13,long,10:25,10:26,4944.5,4886.0,5061.5,11:29,4952.0,time_stop,58.5,0.1051,7.5,1.35,6.15,15.0,2.7,12.3
2016-12-14,long,10:27,10:28,4952.5,4938.5,4980.5,11:07,4938.5,hard_stop,14.0,-1.0964,-14.0,1.35,-15.35,-28.0,2.7,-30.7
2016-12-15,long,10:05,10:06,4949.75,4923.5,5002.25,11:29,4955.25,time_stop,26.25,0.1581,5.5,1.35,4.15,11.0,2.7,8.3
2016-12-16,short,10:27,10:28,4932.0,4952.0,4892.0,11:29,4911.0,time_stop,20.0,0.9825,21.0,1.35,19.65,42.0,2.7,39.3
2016-12-19,long,10:37,10:38,4943.25,4912.25,5005.25,11:29,4949.0,time_stop,31.0,0.1419,5.75,1.35,4.4,11.5,2.7,8.8
2016-12-21,short,10:06,10:07,4944.25,4960.0,4912.75,11:29,4942.5,time_stop,15.75,0.0254,1.75,1.35,0.4,3.5,2.7,0.8
2016-12-23,short,10:54,10:55,4928.0,4941.0,4902.0,11:29,4927.0,time_stop,13.0,-0.0269,1.0,1.35,-0.35,2.0,2.7,-0.7
2016-12-28,short,10:00,10:01,4944.75,4979.25,4875.75,11:29,4953.0,time_stop,34.5,-0.2783,-8.25,1.35,-9.6,-16.5,2.7,-19.2
2016-12-29,short,10:49,10:50,4914.25,4933.75,4875.25,11:29,4911.25,time_stop,19.5,0.0846,3.0,1.35,1.65,6.0,2.7,3.3
2016-12-30,short,10:19,10:20,4879.25,4926.75,4784.25,11:29,4880.0,time_stop,47.5,-0.0442,-0.75,1.35,-2.1,-1.5,2.7,-4.2
2017-01-03,long,10:06,10:07,4911.5,4885.5,4963.5,11:29,4892.0,time_stop,26.0,-0.8019,-19.5,1.35,-20.85,-39.0,2.7,-41.7
2017-01-05,long,10:17,10:18,4957.75,4929.25,5014.75,11:29,4945.75,time_stop,28.5,-0.4684,-12.0,1.35,-13.35,-24.0,2.7,-26.7
2017-01-06,long,10:00,10:01,4978.5,4952.25,5031.0,11:29,4991.5,time_stop,26.25,0.4438,13.0,1.35,11.65,26.0,2.7,23.3
2017-01-09,long,11:19,11:20,5021.0,5004.5,5054.0,11:29,5019.0,time_stop,16.5,-0.203,-2.0,1.35,-3.35,-4.0,2.7,-6.7
2017-01-10,long,11:02,11:03,5029.0,5010.75,5065.5,11:29,5039.5,time_stop,18.25,0.5014,10.5,1.35,9.15,21.0,2.7,18.3
2017-01-11,long,10:27,10:28,5038.5,5027.75,5060.0,11:24,5027.75,hard_stop,10.75,-1.1256,-10.75,1.35,-12.1,-21.5,2.7,-24.2
2017-01-12,short,10:05,10:06,5010.0,5029.5,4971.0,11:29,5005.0,time_stop,19.5,0.1872,5.0,1.35,3.65,10.0,2.7,7.3
2017-01-13,long,10:51,10:52,5060.75,5039.75,5102.75,11:29,5060.0,time_stop,21.0,-0.1,-0.75,1.35,-2.1,-1.5,2.7,-4.2
2017-01-17,long,10:16,10:17,5044.25,5024.75,5083.25,11:29,5043.25,time_stop,19.5,-0.1205,-1.0,1.35,-2.35,-2.0,2.7,-4.7
2017-01-18,long,10:02,10:03,5052.75,5037.0,5084.25,11:29,5044.0,time_stop,15.75,-0.6413,-8.75,1.35,-10.1,-17.5,2.7,-20.2
2017-01-19,short,10:33,10:34,5055.0,5075.0,5015.0,11:29,5058.5,time_stop,20.0,-0.2425,-3.5,1.35,-4.85,-7.0,2.7,-9.7
2017-01-20,short,10:26,10:27,5065.5,5083.25,5030.0,11:29,5059.25,time_stop,17.75,0.2761,6.25,1.35,4.9,12.5,2.7,9.8
2017-01-23,short,10:18,10:19,5047.75,5070.0,5003.25,11:29,5043.75,time_stop,22.25,0.1191,4.0,1.35,2.65,8.0,2.7,5.3
2017-01-24,short,10:00,10:01,5066.25,5079.5,5039.75,11:29,5070.0,time_stop,13.25,-0.3849,-3.75,1.35,-5.1,-7.5,2.7,-10.2
2017-01-25,long,10:08,10:09,5131.75,5123.25,5148.75,11:29,5137.25,time_stop,8.5,0.4882,5.5,1.35,4.15,11.0,2.7,8.3
2017-01-26,short,10:25,10:26,5148.75,5163.5,5119.25,11:29,5152.75,time_stop,14.75,-0.3627,-4.0,1.35,-5.35,-8.0,2.7,-10.7
2017-01-27,short,10:08,10:09,5147.5,5167.75,5107.0,11:29,5160.25,time_stop,20.25,-0.6963,-12.75,1.35,-14.1,-25.5,2.7,-28.2
2017-01-30,short,10:06,10:07,5105.0,5146.0,5023.0,11:29,5107.25,time_stop,41.0,-0.0878,-2.25,1.35,-3.6,-4.5,2.7,-7.2
2017-01-31,short,10:03,10:04,5094.75,5112.75,5058.75,11:29,5090.0,time_stop,18.0,0.1889,4.75,1.35,3.4,9.5,2.7,6.8
2017-02-01,short,10:04,10:05,5144.0,5158.5,5115.0,11:29,5127.5,time_stop,14.5,1.0448,16.5,1.35,15.15,33.0,2.7,30.3
2017-02-02,long,10:58,10:59,5154.5,5123.25,5217.0,11:29,5151.5,time_stop,31.25,-0.1392,-3.0,1.35,-4.35,-6.0,2.7,-8.7
2017-02-03,long,10:25,10:26,5161.0,5144.75,5193.5,11:29,5149.25,time_stop,16.25,-0.8062,-11.75,1.35,-13.1,-23.5,2.7,-26.2
2017-02-06,long,10:17,10:18,5155.0,5142.5,5180.0,11:29,5162.25,time_stop,12.5,0.472,7.25,1.35,5.9,14.5,2.7,11.8
2017-02-07,long,10:06,10:07,5181.75,5167.75,5209.75,11:29,5183.25,time_stop,14.0,0.0107,1.5,1.35,0.15,3.0,2.7,0.3
2017-02-08,long,10:12,10:13,5180.25,5163.25,5214.25,11:29,5186.75,time_stop,17.0,0.3029,6.5,1.35,5.15,13.0,2.7,10.3
2017-02-09,long,10:22,10:23,5205.25,5191.5,5232.75,11:29,5214.25,time_stop,13.75,0.5564,9.0,1.35,7.65,18.0,2.7,15.3
2017-02-10,short,10:05,10:06,5211.25,5221.75,5190.25,10:32,5221.75,hard_stop,10.5,-1.1286,-10.5,1.35,-11.85,-21.0,2.7,-23.7
2017-02-13,long,10:03,10:04,5247.25,5238.5,5264.75,11:29,5250.75,time_stop,8.75,0.2457,3.5,1.35,2.15,7.0,2.7,4.3
2017-02-14,short,10:04,10:05,5247.0,5257.0,5227.0,11:29,5250.5,time_stop,10.0,-0.485,-3.5,1.35,-4.85,-7.0,2.7,-9.7
2017-02-15,long,10:34,10:35,5278.25,5266.0,5302.75,11:29,5288.75,time_stop,12.25,0.7469,10.5,1.35,9.15,21.0,2.7,18.3
2017-02-16,short,10:51,10:52,5298.75,5317.25,5261.75,11:29,5298.25,time_stop,18.5,-0.0459,0.5,1.35,-0.85,1.0,2.7,-1.7
2017-02-17,long,10:02,10:03,5307.0,5293.25,5334.5,11:29,5301.5,time_stop,13.75,-0.4982,-5.5,1.35,-6.85,-11.0,2.7,-13.7
2017-02-21,long,10:10,10:11,5348.0,5331.5,5381.0,11:29,5339.25,time_stop,16.5,-0.6121,-8.75,1.35,-10.1,-17.5,2.7,-20.2
2017-02-22,long,10:17,10:18,5349.5,5336.0,5376.5,11:29,5347.5,time_stop,13.5,-0.2481,-2.0,1.35,-3.35,-4.0,2.7,-6.7
2017-02-23,short,10:10,10:11,5337.5,5359.75,5293.0,11:29,5317.25,time_stop,22.25,0.8494,20.25,1.35,18.9,40.5,2.7,37.8
2017-02-24,long,11:04,11:05,5323.0,5306.0,5357.0,11:29,5324.5,time_stop,17.0,0.0088,1.5,1.35,0.15,3.0,2.7,0.3
2017-02-27,long,10:38,10:39,5336.75,5323.0,5364.25,11:29,5338.75,time_stop,13.75,0.0473,2.0,1.35,0.65,4.0,2.7,1.3
2017-02-28,short,10:41,10:42,5337.25,5350.25,5311.25,11:29,5343.75,time_stop,13.0,-0.6038,-6.5,1.35,-7.85,-13.0,2.7,-15.7
2017-03-01,long,10:02,10:03,5373.75,5354.75,5411.75,11:29,5379.0,time_stop,19.0,0.2053,5.25,1.35,3.9,10.5,2.7,7.8
2017-03-02,short,10:21,10:22,5375.75,5390.0,5347.25,11:29,5370.0,time_stop,14.25,0.3088,5.75,1.35,4.4,11.5,2.7,8.8
2017-03-03,short,10:20,10:21,5349.5,5364.75,5319.0,11:29,5351.5,time_stop,15.25,-0.2197,-2.0,1.35,-3.35,-4.0,2.7,-6.7
2017-03-06,short,10:20,10:21,5342.5,5359.5,5308.5,11:29,5346.0,time_stop,17.0,-0.2853,-3.5,1.35,-4.85,-7.0,2.7,-9.7
2017-03-07,long,10:19,10:20,5358.75,5343.75,5388.75,11:29,5356.0,time_stop,15.0,-0.2733,-2.75,1.35,-4.1,-5.5,2.7,-8.2
2017-03-08,long,10:04,10:05,5369.5,5347.75,5413.0,11:29,5371.75,time_stop,21.75,0.0414,2.25,1.35,0.9,4.5,2.7,1.8
2017-03-09,long,10:03,10:04,5367.5,5347.0,5408.5,11:29,5365.25,time_stop,20.5,-0.1756,-2.25,1.35,-3.6,-4.5,2.7,-7.2
2017-03-13,short,10:06,10:07,5386.75,5396.25,5367.75,11:29,5390.25,time_stop,9.5,-0.5105,-3.5,1.35,-4.85,-7.0,2.7,-9.7
2017-03-14,short,10:17,10:18,5374.0,5388.75,5344.5,11:29,5376.75,time_stop,14.75,-0.278,-2.75,1.35,-4.1,-5.5,2.7,-8.2
2017-03-15,short,10:04,10:05,5383.5,5398.0,5354.5,11:29,5387.5,time_stop,14.5,-0.369,-4.0,1.35,-5.35,-8.0,2.7,-10.7
2017-03-16,short,10:12,10:13,5416.75,5429.0,5392.25,11:29,5407.25,time_stop,12.25,0.6653,9.5,1.35,8.15,19.0,2.7,16.3
2017-03-17,short,10:15,10:16,5410.25,5421.25,5388.25,11:29,5412.5,time_stop,11.0,-0.3273,-2.25,1.35,-3.6,-4.5,2.7,-7.2
2017-03-20,long,10:02,10:03,5415.75,5405.0,5437.25,11:29,5419.0,time_stop,10.75,0.1767,3.25,1.35,1.9,6.5,2.7,3.8
2017-03-21,short,10:00,10:01,5433.5,5441.25,5418.0,10:14,5418.0,tp1,7.75,1.8581,15.5,1.1,14.4,31.0,2.2,28.8
2017-03-22,short,10:13,10:14,5333.5,5353.75,5293.0,10:59,5353.75,hard_stop,20.25,-1.0667,-20.25,1.35,-21.6,-40.5,2.7,-43.2
2017-03-23,short,10:16,10:17,5349.5,5369.0,5310.5,10:43,5369.0,hard_stop,19.5,-1.0692,-19.5,1.35,-20.85,-39.0,2.7,-41.7
2017-03-24,long,11:05,11:06,5394.75,5372.75,5438.75,11:29,5386.75,time_stop,22.0,-0.425,-8.0,1.35,-9.35,-16.0,2.7,-18.7
2017-03-27,long,10:05,10:06,5344.0,5317.0,5398.0,11:29,5363.0,time_stop,27.0,0.6537,19.0,1.35,17.65,38.0,2.7,35.3
2017-03-28,long,11:08,11:09,5386.5,5363.25,5433.0,11:29,5387.75,time_stop,23.25,-0.0043,1.25,1.35,-0.1,2.5,2.7,-0.2
2017-03-29,long,10:11,10:12,5422.25,5406.25,5454.25,11:29,5419.75,time_stop,16.0,-0.2406,-2.5,1.35,-3.85,-5.0,2.7,-7.7
2017-03-30,long,10:01,10:02,5443.0,5426.25,5476.5,11:29,5442.5,time_stop,16.75,-0.1104,-0.5,1.35,-1.85,-1.0,2.7,-3.7
2017-03-31,long,10:01,10:02,5440.25,5427.0,5466.75,11:29,5445.0,time_stop,13.25,0.2566,4.75,1.35,3.4,9.5,2.7,6.8
2017-04-03,short,10:10,10:11,5437.25,5455.25,5401.25,11:29,5424.75,time_stop,18.0,0.6194,12.5,1.35,11.15,25.0,2.7,22.3
2017-04-05,long,10:20,10:21,5463.5,5444.0,5502.5,11:29,5465.0,time_stop,19.5,0.0077,1.5,1.35,0.15,3.0,2.7,0.3
2017-04-06,long,11:22,11:23,5437.0,5410.0,5491.0,11:29,5434.75,time_stop,27.0,-0.1333,-2.25,1.35,-3.6,-4.5,2.7,-7.2
2017-04-10,long,10:30,10:31,5439.25,5422.5,5472.75,11:29,5431.0,time_stop,16.75,-0.5731,-8.25,1.35,-9.6,-16.5,2.7,-19.2
2017-04-11,short,10:21,10:22,5380.75,5424.75,5292.75,11:29,5366.5,time_stop,44.0,0.2932,14.25,1.35,12.9,28.5,2.7,25.8
2017-04-12,short,10:44,10:45,5385.75,5401.0,5355.25,11:29,5384.75,time_stop,15.25,-0.023,1.0,1.35,-0.35,2.0,2.7,-0.7
2017-04-13,long,10:02,10:03,5394.25,5365.0,5452.75,11:29,5393.75,time_stop,29.25,-0.0632,-0.5,1.35,-1.85,-1.0,2.7,-3.7
2017-04-17,long,10:06,10:07,5379.5,5366.75,5405.0,11:29,5386.0,time_stop,12.75,0.4039,6.5,1.35,5.15,13.0,2.7,10.3
2017-04-19,long,11:24,11:25,5430.0,5411.75,5466.5,11:29,5430.25,time_stop,18.25,-0.0603,0.25,1.35,-1.1,0.5,2.7,-2.2
2017-04-20,long,10:10,10:11,5427.75,5410.75,5461.75,11:29,5426.25,time_stop,17.0,-0.1676,-1.5,1.35,-2.85,-3.0,2.7,-5.7
2017-04-24,long,10:20,10:21,5506.75,5492.0,5536.25,11:29,5498.0,time_stop,14.75,-0.6847,-8.75,1.35,-10.1,-17.5,2.7,-20.2
2017-04-25,long,10:05,10:06,5531.25,5520.5,5552.75,11:29,5539.0,time_stop,10.75,0.5953,7.75,1.35,6.4,15.5,2.7,12.8
2017-04-26,short,10:34,10:35,5543.75,5562.75,5505.75,11:29,5553.25,time_stop,19.0,-0.5711,-9.5,1.35,-10.85,-19.0,2.7,-21.7
2017-04-27,long,10:02,10:03,5560.75,5547.75,5586.75,11:29,5558.75,time_stop,13.0,-0.2577,-2.0,1.35,-3.35,-4.0,2.7,-6.7
2017-04-28,short,10:09,10:10,5576.25,5595.75,5537.25,11:29,5579.5,time_stop,19.5,-0.2359,-3.25,1.35,-4.6,-6.5,2.7,-9.2
2017-05-01,long,10:31,10:32,5609.5,5596.25,5636.0,11:29,5614.5,time_stop,13.25,0.2755,5.0,1.35,3.65,10.0,2.7,7.3
2017-05-02,short,10:03,10:04,5623.25,5638.75,5592.25,11:29,5633.75,time_stop,15.5,-0.7645,-10.5,1.35,-11.85,-21.0,2.7,-23.7
2017-05-03,short,10:07,10:08,5615.75,5629.25,5588.75,11:29,5617.0,time_stop,13.5,-0.1926,-1.25,1.35,-2.6,-2.5,2.7,-5.2
2017-05-05,short,10:14,10:15,5623.5,5639.75,5591.0,11:29,5618.0,time_stop,16.25,0.2554,5.5,1.35,4.15,11.0,2.7,8.3
2017-05-08,short,11:21,11:22,5636.75,5652.25,5605.75,11:29,5636.75,time_stop,15.5,-0.0871,0.0,1.35,-1.35,0.0,2.7,-2.7
2017-05-09,long,10:00,10:01,5682.0,5658.5,5729.0,11:29,5678.0,time_stop,23.5,-0.2277,-4.0,1.35,-5.35,-8.0,2.7,-10.7
2017-05-10,short,10:26,10:27,5661.0,5679.5,5624.0,11:29,5671.75,time_stop,18.5,-0.6541,-10.75,1.35,-12.1,-21.5,2.7,-24.2
2017-05-11,short,10:03,10:04,5641.25,5668.5,5586.75,11:29,5648.75,time_stop,27.25,-0.3248,-7.5,1.35,-8.85,-15.0,2.7,-17.7
2017-05-12,short,10:28,10:29,5671.5,5683.0,5648.5,11:29,5680.5,time_stop,11.5,-0.9,-9.0,1.35,-10.35,-18.0,2.7,-20.7
2017-05-15,long,10:43,10:44,5700.25,5682.25,5736.25,11:29,5697.75,time_stop,18.0,-0.2139,-2.5,1.35,-3.85,-5.0,2.7,-7.7
2017-05-16,short,10:26,10:27,5705.75,5719.0,5679.25,11:29,5713.5,time_stop,13.25,-0.6868,-7.75,1.35,-9.1,-15.5,2.7,-18.2
2017-05-17,short,10:00,10:01,5663.0,5692.75,5603.5,11:29,5635.0,time_stop,29.75,0.8958,28.0,1.35,26.65,56.0,2.7,53.3
2017-05-18,long,10:00,10:01,5608.75,5572.25,5681.75,11:29,5628.25,time_stop,36.5,0.4973,19.5,1.35,18.15,39.0,2.7,36.3
2017-05-19,long,10:52,10:53,5669.25,5645.75,5716.25,11:29,5665.25,time_stop,23.5,-0.2277,-4.0,1.35,-5.35,-8.0,2.7,-10.7
2017-05-22,long,10:01,10:02,5685.5,5663.0,5730.5,11:29,5688.0,time_stop,22.5,0.0511,2.5,1.35,1.15,5.0,2.7,2.3
2017-05-24,short,10:04,10:05,5708.75,5724.25,5677.75,11:29,5713.25,time_stop,15.5,-0.3774,-4.5,1.35,-5.85,-9.0,2.7,-11.7
2017-05-25,long,10:05,10:06,5755.25,5740.75,5784.25,11:29,5776.75,time_stop,14.5,1.3897,21.5,1.35,20.15,43.0,2.7,40.3
2017-05-26,long,10:01,10:02,5788.0,5773.5,5817.0,11:29,5786.5,time_stop,14.5,-0.1966,-1.5,1.35,-2.85,-3.0,2.7,-5.7
2017-05-31,short,10:00,10:01,5773.75,5816.0,5689.25,11:29,5784.25,time_stop,42.25,-0.2805,-10.5,1.35,-11.85,-21.0,2.7,-23.7
2017-06-01,short,10:06,10:07,5794.0,5813.25,5755.5,11:29,5796.75,time_stop,19.25,-0.213,-2.75,1.35,-4.1,-5.5,2.7,-8.2
2017-06-02,long,10:13,10:14,5843.75,5826.0,5879.25,11:29,5853.75,time_stop,17.75,0.4873,10.0,1.35,8.65,20.0,2.7,17.3
2017-06-05,long,10:42,10:43,5890.5,5872.5,5926.5,11:29,5876.25,time_stop,18.0,-0.8667,-14.25,1.35,-15.6,-28.5,2.7,-31.2
2017-06-06,long,10:15,10:16,5889.5,5870.25,5928.0,11:29,5880.0,time_stop,19.25,-0.5636,-9.5,1.35,-10.85,-19.0,2.7,-21.7
2017-06-07,short,10:40,10:41,5860.0,5882.75,5814.5,11:29,5868.75,time_stop,22.75,-0.444,-8.75,1.35,-10.1,-17.5,2.7,-20.2
2017-06-08,short,10:20,10:21,5858.75,5895.5,5785.25,11:29,5874.25,time_stop,36.75,-0.4585,-15.5,1.35,-16.85,-31.0,2.7,-33.7
2017-06-09,long,10:10,10:11,5895.5,5878.25,5930.0,11:20,5878.25,hard_stop,17.25,-1.0783,-17.25,1.35,-18.6,-34.5,2.7,-37.2
2017-06-12,long,11:13,11:14,5709.5,5643.0,5842.5,11:29,5715.75,time_stop,66.5,0.0737,6.25,1.35,4.9,12.5,2.7,9.8
2017-06-13,short,10:18,10:19,5744.0,5768.25,5695.5,11:29,5737.75,time_stop,24.25,0.2021,6.25,1.35,4.9,12.5,2.7,9.8
2017-06-14,short,10:35,10:36,5757.25,5783.5,5704.75,11:29,5770.0,time_stop,26.25,-0.5371,-12.75,1.35,-14.1,-25.5,2.7,-28.2
2017-06-15,short,10:24,10:25,5642.5,5684.75,5558.0,11:20,5684.75,hard_stop,42.25,-1.032,-42.25,1.35,-43.6,-84.5,2.7,-87.2
2017-06-16,short,10:19,10:20,5677.75,5707.75,5617.75,11:29,5678.25,time_stop,30.0,-0.0617,-0.5,1.35,-1.85,-1.0,2.7,-3.7
2017-06-19,long,10:02,10:03,5759.25,5727.75,5822.25,11:29,5764.5,time_stop,31.5,0.1238,5.25,1.35,3.9,10.5,2.7,7.8
2017-06-20,short,10:00,10:01,5756.0,5774.5,5719.0,10:48,5774.5,hard_stop,18.5,-1.073,-18.5,1.35,-19.85,-37.0,2.7,-39.7
2017-06-21,long,10:08,10:09,5757.0,5739.75,5791.5,11:29,5762.0,time_stop,17.25,0.2116,5.0,1.35,3.65,10.0,2.7,7.3
2017-06-22,short,10:01,10:02,5771.5,5795.75,5723.0,11:29,5791.25,time_stop,24.25,-0.8701,-19.75,1.35,-21.1,-39.5,2.7,-42.2
2017-06-23,long,10:30,10:31,5786.25,5762.75,5833.25,11:29,5792.75,time_stop,23.5,0.2191,6.5,1.35,5.15,13.0,2.7,10.3
2017-06-26,short,10:01,10:02,5835.5,5852.25,5802.0,10:40,5802.0,tp1,16.75,1.9343,33.5,1.1,32.4,67.0,2.2,64.8
2017-06-27,long,10:07,10:08,5761.75,5734.5,5816.25,11:29,5751.0,time_stop,27.25,-0.444,-10.75,1.35,-12.1,-21.5,2.7,-24.2
2017-06-28,long,10:32,10:33,5703.25,5662.25,5785.25,11:29,5715.5,time_stop,41.0,0.2659,12.25,1.35,10.9,24.5,2.7,21.8
2017-06-29,short,10:05,10:06,5686.5,5733.25,5593.0,11:29,5653.0,time_stop,46.75,0.6877,33.5,1.35,32.15,67.0,2.7,64.3
2017-06-30,short,10:04,10:05,5655.0,5686.75,5591.5,11:29,5658.0,time_stop,31.75,-0.137,-3.0,1.35,-4.35,-6.0,2.7,-8.7
2017-07-05,short,10:03,10:04,5603.5,5632.25,5546.0,10:45,5632.25,hard_stop,28.75,-1.047,-28.75,1.35,-30.1,-57.5,2.7,-60.2
2017-07-06,short,10:07,10:08,5583.5,5620.5,5509.5,11:29,5609.25,time_stop,37.0,-0.7324,-25.75,1.35,-27.1,-51.5,2.7,-54.2
2017-07-07,long,10:31,10:32,5648.25,5618.0,5708.75,11:29,5651.75,time_stop,30.25,0.0711,3.5,1.35,2.15,7.0,2.7,4.3
2017-07-10,long,10:53,10:54,5681.75,5649.75,5745.75,11:29,5681.5,time_stop,32.0,-0.05,-0.25,1.35,-1.6,-0.5,2.7,-3.2
2017-07-11,long,10:06,10:07,5701.25,5680.75,5742.25,11:24,5680.75,hard_stop,20.5,-1.0659,-20.5,1.35,-21.85,-41.0,2.7,-43.7
2017-07-12,long,11:21,11:22,5770.75,5750.75,5810.75,11:29,5768.75,time_stop,20.0,-0.1675,-2.0,1.35,-3.35,-4.0,2.7,-6.7
2017-07-13,short,10:37,10:38,5778.5,5808.75,5718.0,11:29,5788.5,time_stop,30.25,-0.3752,-10.0,1.35,-11.35,-20.0,2.7,-22.7
2017-07-17,long,10:03,10:04,5858.25,5840.0,5894.75,11:08,5840.0,hard_stop,18.25,-1.074,-18.25,1.35,-19.6,-36.5,2.7,-39.2
2017-07-18,long,10:11,10:12,5847.25,5820.0,5901.75,11:29,5856.75,time_stop,27.25,0.2991,9.5,1.35,8.15,19.0,2.7,16.3
2017-07-20,short,10:14,10:15,5916.25,5935.75,5877.25,11:29,5918.0,time_stop,19.5,-0.159,-1.75,1.35,-3.1,-3.5,2.7,-6.2
2017-07-21,long,10:14,10:15,5913.0,5890.25,5958.5,11:29,5907.0,time_stop,22.75,-0.3231,-6.0,1.35,-7.35,-12.0,2.7,-14.7
2017-07-24,short,11:21,11:22,5914.0,5926.75,5888.5,11:29,5915.25,time_stop,12.75,-0.2039,-1.25,1.35,-2.6,-2.5,2.7,-5.2
2017-07-25,long,10:17,10:18,5935.0,5915.5,5974.0,11:29,5930.5,time_stop,19.5,-0.3,-4.5,1.35,-5.85,-9.0,2.7,-11.7
2017-07-26,long,10:01,10:02,5953.25,5941.5,5976.75,10:54,5941.5,hard_stop,11.75,-1.1149,-11.75,1.35,-13.1,-23.5,2.7,-26.2
2017-07-31,short,10:01,10:02,5899.5,5932.5,5833.5,11:29,5882.75,time_stop,33.0,0.4667,16.75,1.35,15.4,33.5,2.7,30.8
2017-08-01,short,10:21,10:22,5885.25,5905.75,5844.25,11:29,5885.0,time_stop,20.5,-0.0537,0.25,1.35,-1.1,0.5,2.7,-2.2
2017-08-02,short,10:16,10:17,5904.0,5935.75,5840.5,11:29,5876.75,time_stop,31.75,0.8157,27.25,1.35,25.9,54.5,2.7,51.8
2017-08-03,short,10:05,10:06,5883.75,5920.25,5810.75,11:29,5898.25,time_stop,36.5,-0.4342,-14.5,1.35,-15.85,-29.0,2.7,-31.7
2017-08-04,short,10:04,10:05,5882.25,5912.25,5822.25,11:29,5904.5,time_stop,30.0,-0.7867,-22.25,1.35,-23.6,-44.5,2.7,-47.2
2017-08-07,long,10:00,10:01,5915.0,5900.25,5944.5,11:29,5926.75,time_stop,14.75,0.7051,11.75,1.35,10.4,23.5,2.7,20.8
2017-08-08,long,10:09,10:10,5927.25,5911.75,5958.25,11:29,5942.25,time_stop,15.5,0.8806,15.0,1.35,13.65,30.0,2.7,27.3
2017-08-09,long,10:31,10:32,5896.5,5861.5,5966.5,11:29,5892.5,time_stop,35.0,-0.1529,-4.0,1.35,-5.35,-8.0,2.7,-10.7
2017-08-10,short,10:00,10:01,5857.25,5886.5,5798.75,11:29,5846.0,time_stop,29.25,0.3385,11.25,1.35,9.9,22.5,2.7,19.8
2017-08-11,long,10:05,10:06,5813.75,5783.25,5874.75,11:29,5809.0,time_stop,30.5,-0.2,-4.75,1.35,-6.1,-9.5,2.7,-12.2
2017-08-14,long,10:02,10:03,5897.0,5877.5,5936.0,11:29,5900.25,time_stop,19.5,0.0974,3.25,1.35,1.9,6.5,2.7,3.8
2017-08-15,short,10:16,10:17,5897.25,5923.25,5845.25,11:29,5913.0,time_stop,26.0,-0.6577,-15.75,1.35,-17.1,-31.5,2.7,-34.2
2017-08-16,long,10:46,10:47,5931.0,5907.25,5978.5,11:29,5929.5,time_stop,23.75,-0.12,-1.5,1.35,-2.85,-3.0,2.7,-5.7
2017-08-17,short,10:00,10:01,5881.5,5907.75,5829.0,11:29,5865.75,time_stop,26.25,0.5486,15.75,1.35,14.4,31.5,2.7,28.8
2017-08-18,long,11:25,11:26,5814.0,5772.25,5897.5,11:29,5818.5,time_stop,41.75,0.0754,4.5,1.35,3.15,9.0,2.7,6.3
2017-08-21,short,10:02,10:03,5778.0,5807.75,5718.5,11:29,5776.25,time_stop,29.75,0.0134,1.75,1.35,0.4,3.5,2.7,0.8
2017-08-22,long,10:15,10:16,5848.5,5816.5,5912.5,11:29,5862.5,time_stop,32.0,0.3953,14.0,1.35,12.65,28.0,2.7,25.3
2017-08-23,long,11:23,11:24,5863.0,5841.25,5906.5,11:29,5861.75,time_stop,21.75,-0.1195,-1.25,1.35,-2.6,-2.5,2.7,-5.2
2017-08-24,short,10:08,10:09,5831.25,5874.5,5744.75,11:29,5816.75,time_stop,43.25,0.304,14.5,1.35,13.15,29.0,2.7,26.3
2017-08-25,long,10:00,10:01,5868.25,5845.0,5914.75,10:46,5845.0,hard_stop,23.25,-1.0581,-23.25,1.35,-24.6,-46.5,2.7,-49.2
2017-08-28,long,10:40,10:41,5843.5,5825.25,5880.0,11:29,5850.75,time_stop,18.25,0.3233,7.25,1.35,5.9,14.5,2.7,11.8
2017-08-29,long,10:00,10:01,5826.0,5786.0,5906.0,11:29,5848.25,time_stop,40.0,0.5225,22.25,1.35,20.9,44.5,2.7,41.8
2017-08-30,long,10:18,10:19,5897.5,5865.25,5962.0,11:29,5903.25,time_stop,32.25,0.1364,5.75,1.35,4.4,11.5,2.7,8.8
2017-08-31,long,10:08,10:09,5970.5,5946.5,6018.5,11:29,5971.5,time_stop,24.0,-0.0146,1.0,1.35,-0.35,2.0,2.7,-0.7
2017-09-01,short,10:00,10:01,5982.0,6013.75,5918.5,11:29,5988.0,time_stop,31.75,-0.2315,-6.0,1.35,-7.35,-12.0,2.7,-14.7
2017-09-05,short,11:19,11:20,5947.25,5982.0,5877.75,11:29,5947.5,time_stop,34.75,-0.046,-0.25,1.35,-1.6,-0.5,2.7,-3.2
2017-09-06,short,10:16,10:17,5934.5,5961.75,5880.0,11:29,5922.5,time_stop,27.25,0.3908,12.0,1.35,10.65,24.0,2.7,21.3
2017-09-07,short,10:00,10:01,5947.0,5965.75,5909.5,10:35,5965.75,hard_stop,18.75,-1.072,-18.75,1.35,-20.1,-37.5,2.7,-40.2
2017-09-08,short,10:11,10:12,5941.25,5961.75,5900.25,11:29,5943.25,time_stop,20.5,-0.1634,-2.0,1.35,-3.35,-4.0,2.7,-6.7
2017-09-11,long,10:01,10:02,5997.25,5967.25,6057.25,11:29,5975.75,time_stop,30.0,-0.7617,-21.5,1.35,-22.85,-43.0,2.7,-45.7
2017-09-12,short,10:04,10:05,5985.5,6012.5,5931.5,11:29,5992.0,time_stop,27.0,-0.2907,-6.5,1.35,-7.85,-13.0,2.7,-15.7
2017-09-13,long,10:12,10:13,6003.5,5983.25,6044.0,11:29,5999.0,time_stop,20.25,-0.2889,-4.5,1.35,-5.85,-9.0,2.7,-11.7
2017-09-14,long,10:35,10:36,5991.0,5970.0,6033.0,11:29,5999.75,time_stop,21.0,0.3524,8.75,1.35,7.4,17.5,2.7,14.8
2017-09-15,long,10:04,10:05,5977.75,5961.0,6011.25,10:54,6011.25,tp1,16.75,1.9343,33.5,1.1,32.4,67.0,2.2,64.8
2017-09-20,short,10:24,10:25,5985.0,6000.75,5953.5,11:09,5953.5,tp1,15.75,1.9302,31.5,1.1,30.4,63.0,2.2,60.8
2017-09-21,short,10:21,10:22,5931.5,5973.75,5847.0,11:29,5948.75,time_stop,42.25,-0.4402,-17.25,1.35,-18.6,-34.5,2.7,-37.2
2017-09-22,long,10:08,10:09,5942.75,5917.5,5993.25,11:29,5924.5,time_stop,25.25,-0.7762,-18.25,1.35,-19.6,-36.5,2.7,-39.2
2017-09-25,long,10:12,10:13,5912.0,5886.25,5963.5,10:34,5886.25,hard_stop,25.75,-1.0524,-25.75,1.35,-27.1,-51.5,2.7,-54.2
2017-09-26,short,10:33,10:34,5893.5,5912.75,5855.0,11:29,5872.5,time_stop,19.25,1.0208,21.0,1.35,19.65,42.0,2.7,39.3
2017-09-27,short,10:12,10:13,5916.0,5937.0,5874.0,11:29,5920.0,time_stop,21.0,-0.2548,-4.0,1.35,-5.35,-8.0,2.7,-10.7
2017-09-28,long,10:26,10:27,5936.25,5911.0,5986.75,11:29,5930.75,time_stop,25.25,-0.2713,-5.5,1.35,-6.85,-11.0,2.7,-13.7
2017-09-29,short,10:01,10:02,5935.0,5957.5,5890.0,10:39,5957.5,hard_stop,22.5,-1.06,-22.5,1.35,-23.85,-45.0,2.7,-47.7
2017-10-02,long,10:15,10:16,6005.75,5988.75,6039.75,11:29,5996.0,time_stop,17.0,-0.6529,-9.75,1.35,-11.1,-19.5,2.7,-22.2
2017-10-03,short,10:14,10:15,5983.25,6005.0,5939.75,11:29,5994.5,time_stop,21.75,-0.5793,-11.25,1.35,-12.6,-22.5,2.7,-25.2
2017-10-05,short,11:09,11:10,6019.0,6040.75,5975.5,11:29,6030.25,time_stop,21.75,-0.5793,-11.25,1.35,-12.6,-22.5,2.7,-25.2
2017-10-06,long,10:00,10:01,6059.25,6040.25,6097.25,11:29,6058.75,time_stop,19.0,-0.0974,-0.5,1.35,-1.85,-1.0,2.7,-3.7
2017-10-09,long,10:09,10:10,6081.25,6068.25,6107.25,10:48,6068.25,hard_stop,13.0,-1.1038,-13.0,1.35,-14.35,-26.0,2.7,-28.7
2017-10-10,short,10:00,10:01,6069.25,6088.75,6030.25,11:29,6055.5,time_stop,19.5,0.6359,13.75,1.35,12.4,27.5,2.7,24.8
2017-10-11,long,10:09,10:10,6070.25,6055.75,6099.25,11:29,6065.25,time_stop,14.5,-0.4379,-5.0,1.35,-6.35,-10.0,2.7,-12.7
2017-10-12,long,10:18,10:19,6084.5,6068.0,6117.5,11:29,6086.25,time_stop,16.5,0.0242,1.75,1.35,0.4,3.5,2.7,0.8
2017-10-13,long,10:20,10:21,6099.0,6089.75,6117.5,11:29,6095.75,time_stop,9.25,-0.4973,-3.25,1.35,-4.6,-6.5,2.7,-9.2
2017-10-16,short,10:17,10:18,6107.0,6118.5,6084.0,11:29,6111.75,time_stop,11.5,-0.5304,-4.75,1.35,-6.1,-9.5,2.7,-12.2
2017-10-18,short,10:09,10:10,6112.0,6131.25,6073.5,11:29,6118.0,time_stop,19.25,-0.3818,-6.0,1.35,-7.35,-12.0,2.7,-14.7
2017-10-19,short,10:02,10:03,6052.0,6091.75,5972.5,11:29,6079.25,time_stop,39.75,-0.7195,-27.25,1.35,-28.6,-54.5,2.7,-57.2
2017-10-20,long,10:02,10:03,6122.0,6111.25,6143.5,10:38,6111.25,hard_stop,10.75,-1.1256,-10.75,1.35,-12.1,-21.5,2.7,-24.2
2017-10-23,short,10:05,10:06,6099.75,6122.5,6054.25,11:29,6094.25,time_stop,22.75,0.1824,5.5,1.35,4.15,11.0,2.7,8.3
2017-10-24,long,10:40,10:41,6082.75,6056.75,6134.75,11:29,6084.5,time_stop,26.0,0.0154,1.75,1.35,0.4,3.5,2.7,0.8
2017-10-25,short,10:18,10:19,6062.25,6087.75,6011.25,11:29,6028.75,time_stop,25.5,1.2608,33.5,1.35,32.15,67.0,2.7,64.3
2017-10-26,short,10:08,10:09,6042.5,6063.25,6001.0,10:45,6063.25,hard_stop,20.75,-1.0651,-20.75,1.35,-22.1,-41.5,2.7,-44.2
2017-10-27,long,10:01,10:02,6159.75,6127.75,6223.75,11:29,6185.75,time_stop,32.0,0.7703,26.0,1.35,24.65,52.0,2.7,49.3
2017-10-30,long,10:05,10:06,6235.0,6205.75,6293.5,11:29,6225.0,time_stop,29.25,-0.388,-10.0,1.35,-11.35,-20.0,2.7,-22.7
2017-10-31,long,11:17,11:18,6249.5,6228.25,6292.0,11:29,6246.75,time_stop,21.25,-0.1929,-2.75,1.35,-4.1,-5.5,2.7,-8.2
2017-11-01,short,10:14,10:15,6257.75,6277.5,6218.25,11:29,6256.75,time_stop,19.75,-0.0177,1.0,1.35,-0.35,2.0,2.7,-0.7
2017-11-02,short,10:04,10:05,6223.5,6242.75,6185.0,11:29,6209.25,time_stop,19.25,0.6701,14.25,1.35,12.9,28.5,2.7,25.8
2017-11-03,short,10:13,10:14,6236.5,6264.25,6181.0,11:29,6257.5,time_stop,27.75,-0.8054,-21.0,1.35,-22.35,-42.0,2.7,-44.7
2017-11-06,long,10:24,10:25,6312.0,6286.75,6362.5,11:29,6305.5,time_stop,25.25,-0.3109,-6.5,1.35,-7.85,-13.0,2.7,-15.7
2017-11-07,short,10:34,10:35,6304.75,6327.0,6260.25,11:29,6307.5,time_stop,22.25,-0.1843,-2.75,1.35,-4.1,-5.5,2.7,-8.2
2017-11-08,long,10:54,10:55,6323.0,6307.5,6354.0,11:29,6326.75,time_stop,15.5,0.1548,3.75,1.35,2.4,7.5,2.7,4.8
2017-11-09,long,10:09,10:10,6303.0,6272.0,6365.0,11:29,6293.5,time_stop,31.0,-0.35,-9.5,1.35,-10.85,-19.0,2.7,-21.7
2017-11-10,short,10:03,10:04,6287.5,6306.75,6249.0,11:29,6292.75,time_stop,19.25,-0.3429,-5.25,1.35,-6.6,-10.5,2.7,-13.2
2017-11-14,short,10:00,10:01,6276.5,6298.0,6233.5,10:46,6298.0,hard_stop,21.5,-1.0628,-21.5,1.35,-22.85,-43.0,2.7,-45.7
2017-11-15,long,10:37,10:38,6269.0,6230.5,6346.0,11:29,6277.25,time_stop,38.5,0.1792,8.25,1.35,6.9,16.5,2.7,13.8
2017-11-16,long,10:00,10:01,6313.5,6294.75,6351.0,11:29,6334.75,time_stop,18.75,1.0613,21.25,1.35,19.9,42.5,2.7,39.8
2017-11-17,short,10:01,10:02,6332.75,6349.5,6299.25,11:29,6336.75,time_stop,16.75,-0.3194,-4.0,1.35,-5.35,-8.0,2.7,-10.7
2017-11-20,short,10:26,10:27,6315.75,6329.5,6288.25,11:29,6315.75,time_stop,13.75,-0.0982,0.0,1.35,-1.35,0.0,2.7,-2.7
2017-11-21,long,10:13,10:14,6377.0,6340.25,6450.5,11:29,6379.75,time_stop,36.75,0.0381,2.75,1.35,1.4,5.5,2.7,2.8
2017-11-27,long,10:11,10:12,6420.0,6403.5,6453.0,11:20,6403.5,hard_stop,16.5,-1.0818,-16.5,1.35,-17.85,-33.0,2.7,-35.7
2017-11-29,short,10:00,10:01,6372.5,6419.0,6279.5,11:29,6316.75,time_stop,46.5,1.1699,55.75,1.35,54.4,111.5,2.7,108.8
2017-11-30,long,10:31,10:32,6354.5,6324.0,6415.5,11:29,6354.25,time_stop,30.5,-0.0525,-0.25,1.35,-1.6,-0.5,2.7,-3.2
2017-12-01,long,10:16,10:17,6363.0,6323.75,6441.5,11:13,6323.75,hard_stop,39.25,-1.0344,-39.25,1.35,-40.6,-78.5,2.7,-81.2
2017-12-04,short,10:00,10:01,6349.75,6385.25,6278.75,10:56,6278.75,tp1,35.5,1.969,71.0,1.1,69.9,142.0,2.2,139.8
2017-12-05,long,10:03,10:04,6316.5,6238.5,6472.5,11:29,6332.5,time_stop,78.0,0.1878,16.0,1.35,14.65,32.0,2.7,29.3
2017-12-06,long,10:00,10:01,6290.5,6237.5,6396.5,11:29,6280.75,time_stop,53.0,-0.2094,-9.75,1.35,-11.1,-19.5,2.7,-22.2
2017-12-07,long,10:30,10:31,6317.0,6288.5,6374.0,11:29,6325.0,time_stop,28.5,0.2333,8.0,1.35,6.65,16.0,2.7,13.3
2017-12-08,short,11:25,11:26,6359.5,6379.25,6320.0,11:29,6353.5,time_stop,19.75,0.2354,6.0,1.35,4.65,12.0,2.7,9.3
2017-12-11,long,10:34,10:35,6388.0,6365.25,6433.5,11:29,6388.25,time_stop,22.75,-0.0484,0.25,1.35,-1.1,0.5,2.7,-2.2
2017-12-12,long,10:00,10:01,6412.0,6389.75,6456.5,11:29,6418.75,time_stop,22.25,0.2427,6.75,1.35,5.4,13.5,2.7,10.8
2017-12-14,long,10:24,10:25,6435.5,6418.5,6469.5,11:29,6432.25,time_stop,17.0,-0.2706,-3.25,1.35,-4.6,-6.5,2.7,-9.2
2017-12-15,long,10:16,10:17,6439.0,6423.25,6470.5,11:29,6454.5,time_stop,15.75,0.8984,15.5,1.35,14.15,31.0,2.7,28.3
2017-12-18,long,10:09,10:10,6531.75,6512.75,6569.75,11:29,6526.25,time_stop,19.0,-0.3605,-5.5,1.35,-6.85,-11.0,2.7,-13.7
2017-12-19,short,10:24,10:25,6501.5,6531.75,6441.0,11:29,6506.0,time_stop,30.25,-0.1934,-4.5,1.35,-5.85,-9.0,2.7,-11.7
2017-12-20,short,10:42,10:43,6466.75,6522.0,6356.25,11:29,6476.25,time_stop,55.25,-0.1964,-9.5,1.35,-10.85,-19.0,2.7,-21.7
2017-12-21,long,11:27,11:28,6508.75,6481.75,6562.75,11:29,6507.5,time_stop,27.0,-0.0963,-1.25,1.35,-2.6,-2.5,2.7,-5.2
2017-12-27,long,10:00,10:01,6469.75,6452.5,6504.25,11:29,6465.25,time_stop,17.25,-0.3391,-4.5,1.35,-5.85,-9.0,2.7,-11.7
2017-12-28,short,10:03,10:04,6453.5,6467.75,6425.0,11:29,6453.25,time_stop,14.25,-0.0772,0.25,1.35,-1.1,0.5,2.7,-2.2
2017-12-29,short,10:10,10:11,6437.0,6458.25,6394.5,11:29,6426.5,time_stop,21.25,0.4306,10.5,1.35,9.15,21.0,2.7,18.3
2018-01-02,long,10:01,10:02,6483.75,6426.0,6599.25,11:29,6502.0,time_stop,57.75,0.2926,18.25,1.35,16.9,36.5,2.7,33.8
2018-01-03,long,10:00,10:01,6562.0,6525.75,6634.5,11:29,6575.5,time_stop,36.25,0.3352,13.5,1.35,12.15,27.0,2.7,24.3
2018-01-05,long,10:19,10:20,6632.0,6614.0,6668.0,11:29,6647.0,time_stop,18.0,0.7583,15.0,1.35,13.65,30.0,2.7,27.3
2018-01-08,long,10:26,10:27,6678.75,6658.5,6719.25,11:29,6684.25,time_stop,20.25,0.2049,5.5,1.35,4.15,11.0,2.7,8.3
2018-01-10,short,10:01,10:02,6632.0,6669.25,6557.5,11:29,6651.75,time_stop,37.25,-0.5664,-19.75,1.35,-21.1,-39.5,2.7,-42.2
2018-01-11,long,10:00,10:01,6692.0,6676.5,6723.0,10:34,6676.5,hard_stop,15.5,-1.0871,-15.5,1.35,-16.85,-31.0,2.7,-33.7
2018-01-12,long,10:01,10:02,6730.0,6703.0,6784.0,11:29,6752.75,time_stop,27.0,0.7926,22.75,1.35,21.4,45.5,2.7,42.8
2018-01-16,short,10:37,10:38,6807.25,6846.0,6729.75,11:29,6808.25,time_stop,38.75,-0.0606,-1.0,1.35,-2.35,-2.0,2.7,-4.7
2018-01-17,long,11:11,11:12,6783.25,6751.25,6847.25,11:29,6785.25,time_stop,32.0,0.0203,2.0,1.35,0.65,4.0,2.7,1.3
2018-01-18,short,10:02,10:03,6806.0,6826.75,6764.5,11:20,6826.75,hard_stop,20.75,-1.0651,-20.75,1.35,-22.1,-41.5,2.7,-44.2
2018-01-19,short,10:03,10:04,6826.5,6857.25,6765.0,11:29,6831.25,time_stop,30.75,-0.1984,-4.75,1.35,-6.1,-9.5,2.7,-12.2
2018-01-22,long,10:09,10:10,6864.0,6834.0,6924.0,11:29,6878.75,time_stop,30.0,0.4467,14.75,1.35,13.4,29.5,2.7,26.8
2018-01-23,long,10:13,10:14,6965.25,6935.5,7024.75,11:29,6971.75,time_stop,29.75,0.1731,6.5,1.35,5.15,13.0,2.7,10.3
2018-01-24,long,10:13,10:14,6995.75,6965.25,7056.75,11:13,6965.25,hard_stop,30.5,-1.0443,-30.5,1.35,-31.85,-61.0,2.7,-63.7
2018-01-26,long,10:01,10:02,6971.75,6949.0,7017.25,11:29,6983.0,time_stop,22.75,0.4352,11.25,1.35,9.9,22.5,2.7,19.8
2018-01-29,short,10:41,10:42,6991.5,7021.5,6931.5,11:29,7001.0,time_stop,30.0,-0.3617,-9.5,1.35,-10.85,-19.0,2.7,-21.7
2018-01-30,short,10:05,10:06,6908.25,6950.0,6824.75,10:58,6950.0,hard_stop,41.75,-1.0323,-41.75,1.35,-43.1,-83.5,2.7,-86.2
2018-01-31,short,10:02,10:03,6972.25,6991.25,6934.25,11:29,6953.75,time_stop,19.0,0.9026,18.5,1.35,17.15,37.0,2.7,34.3
2018-02-01,long,10:02,10:03,6958.25,6910.75,7053.25,11:29,6950.0,time_stop,47.5,-0.2021,-8.25,1.35,-9.6,-16.5,2.7,-19.2
2018-02-02,short,10:01,10:02,6826.75,6896.0,6688.25,11:29,6843.75,time_stop,69.25,-0.265,-17.0,1.35,-18.35,-34.0,2.7,-36.7
2018-02-05,long,10:03,10:04,6747.25,6682.25,6877.25,11:29,6767.75,time_stop,65.0,0.2946,20.5,1.35,19.15,41.0,2.7,38.3
2018-02-07,long,10:05,10:06,6679.25,6623.25,6791.25,11:29,6698.25,time_stop,56.0,0.3152,19.0,1.35,17.65,38.0,2.7,35.3
2018-02-08,short,10:34,10:35,6543.5,6604.5,6421.5,11:29,6467.0,time_stop,61.0,1.232,76.5,1.35,75.15,153.0,2.7,150.3
2018-02-09,short,10:40,10:41,6351.0,6424.25,6204.5,11:29,6319.5,time_stop,73.25,0.4116,31.5,1.35,30.15,63.0,2.7,60.3
2018-02-12,short,10:12,10:13,6468.25,6517.0,6370.75,11:29,6487.25,time_stop,48.75,-0.4174,-19.0,1.35,-20.35,-38.0,2.7,-40.7
2018-02-13,long,10:00,10:01,6515.5,6475.75,6595.0,11:29,6516.25,time_stop,39.75,-0.0151,0.75,1.35,-0.6,1.5,2.7,-1.2
2018-02-14,long,10:09,10:10,6583.5,6516.0,6718.5,11:29,6618.5,time_stop,67.5,0.4985,35.0,1.35,33.65,70.0,2.7,67.3
2018-02-15,short,10:44,10:45,6700.25,6754.75,6591.25,11:29,6735.0,time_stop,54.5,-0.6624,-34.75,1.35,-36.1,-69.5,2.7,-72.2
2018-02-16,long,10:31,10:32,6826.75,6782.5,6915.25,11:29,6820.0,time_stop,44.25,-0.1831,-6.75,1.35,-8.1,-13.5,2.7,-16.2
2018-02-20,long,10:11,10:12,6798.5,6744.75,6906.0,11:29,6829.0,time_stop,53.75,0.5423,30.5,1.35,29.15,61.0,2.7,58.3
2018-02-22,long,10:39,10:40,6822.0,6781.75,6902.5,11:29,6823.25,time_stop,40.25,-0.0025,1.25,1.35,-0.1,2.5,2.7,-0.2
2018-02-27,long,10:14,10:15,7001.25,6966.75,7070.25,10:52,6966.75,hard_stop,34.5,-1.0391,-34.5,1.35,-35.85,-69.0,2.7,-71.7
2018-02-28,long,10:19,10:20,6961.75,6926.25,7032.75,10:55,6926.25,hard_stop,35.5,-1.038,-35.5,1.35,-36.85,-71.0,2.7,-73.7
2018-03-01,long,10:35,10:36,6894.5,6800.75,7082.0,11:29,6839.0,time_stop,93.75,-0.6064,-55.5,1.35,-56.85,-111.0,2.7,-113.7
2018-03-02,long,10:34,10:35,6705.25,6645.75,6824.25,11:29,6732.5,time_stop,59.5,0.4353,27.25,1.35,25.9,54.5,2.7,51.8
2018-03-05,short,10:14,10:15,6757.25,6802.0,6667.75,10:43,6802.0,hard_stop,44.75,-1.0302,-44.75,1.35,-46.1,-89.5,2.7,-92.2
2018-03-06,long,10:00,10:01,6935.25,6897.75,7010.25,10:57,6897.75,hard_stop,37.5,-1.036,-37.5,1.35,-38.85,-75.0,2.7,-77.7
2018-03-07,long,10:26,10:27,6901.5,6856.0,6992.5,11:29,6892.0,time_stop,45.5,-0.2385,-9.5,1.35,-10.85,-19.0,2.7,-21.7
2018-03-12,long,10:02,10:03,7170.25,7141.5,7227.75,11:24,7141.5,hard_stop,28.75,-1.047,-28.75,1.35,-30.1,-57.5,2.7,-60.2
2018-03-13,short,10:00,10:01,7191.75,7214.75,7145.75,11:06,7145.75,tp1,23.0,1.9522,46.0,1.1,44.9,92.0,2.2,89.8
2018-03-14,short,10:16,10:17,7071.0,7112.0,6989.0,11:29,7071.25,time_stop,41.0,-0.039,-0.25,1.35,-1.6,-0.5,2.7,-3.2
2018-03-15,long,10:30,10:31,7079.5,7038.25,7162.0,11:29,7096.0,time_stop,41.25,0.3673,16.5,1.35,15.15,33.0,2.7,30.3
2018-03-19,short,10:11,10:12,6940.0,6973.75,6872.5,11:29,6895.25,time_stop,33.75,1.2859,44.75,1.35,43.4,89.5,2.7,86.8
2018-03-20,short,10:16,10:17,6878.5,6918.75,6798.0,11:29,6897.5,time_stop,40.25,-0.5056,-19.0,1.35,-20.35,-38.0,2.7,-40.7
2018-03-21,long,10:01,10:02,6903.5,6878.0,6954.5,11:29,6906.75,time_stop,25.5,0.0745,3.25,1.35,1.9,6.5,2.7,3.8
2018-03-22,long,10:13,10:14,6814.5,6765.75,6912.0,10:47,6765.75,hard_stop,48.75,-1.0277,-48.75,1.35,-50.1,-97.5,2.7,-100.2
2018-03-26,short,10:11,10:12,6651.5,6680.25,6594.0,11:06,6594.0,tp1,28.75,1.9617,57.5,1.1,56.4,115.0,2.2,112.8
2018-03-27,short,10:13,10:14,6774.25,6820.0,6682.75,11:29,6759.0,time_stop,45.75,0.3038,15.25,1.35,13.9,30.5,2.7,27.8
2018-03-28,long,10:02,10:03,6547.5,6444.0,6754.5,10:46,6444.0,hard_stop,103.5,-1.013,-103.5,1.35,-104.85,-207.0,2.7,-209.7
2018-03-29,long,10:48,10:49,6530.25,6443.5,6703.75,11:29,6549.25,time_stop,86.75,0.2035,19.0,1.35,17.65,38.0,2.7,35.3
2018-04-02,short,10:02,10:03,6488.5,6570.5,6324.5,11:29,6442.75,time_stop,82.0,0.5415,45.75,1.35,44.4,91.5,2.7,88.8
2018-04-03,short,10:01,10:02,6399.75,6467.5,6264.25,11:07,6467.5,hard_stop,67.75,-1.0199,-67.75,1.35,-69.1,-135.5,2.7,-138.2
2018-04-04,long,10:10,10:11,6402.5,6337.0,6533.5,11:29,6448.5,time_stop,65.5,0.6817,46.0,1.35,44.65,92.0,2.7,89.3
2018-04-06,short,11:01,11:02,6522.75,6599.5,6369.25,11:29,6533.75,time_stop,76.75,-0.1609,-11.0,1.35,-12.35,-22.0,2.7,-24.7
2018-04-09,long,10:05,10:06,6547.0,6482.25,6676.5,11:29,6569.0,time_stop,64.75,0.3189,22.0,1.35,20.65,44.0,2.7,41.3
2018-04-10,long,10:42,10:43,6603.5,6543.25,6724.0,11:29,6593.5,time_stop,60.25,-0.1884,-10.0,1.35,-11.35,-20.0,2.7,-22.7
2018-04-12,long,10:00,10:01,6679.0,6627.0,6783.0,11:29,6677.25,time_stop,52.0,-0.0596,-1.75,1.35,-3.1,-3.5,2.7,-6.2
2018-04-13,short,10:04,10:05,6670.0,6713.25,6583.5,11:29,6655.5,time_stop,43.25,0.304,14.5,1.35,13.15,29.0,2.7,26.3
2018-04-16,short,11:15,11:16,6644.0,6686.75,6558.5,11:29,6662.75,time_stop,42.75,-0.4702,-18.75,1.35,-20.1,-37.5,2.7,-40.2
2018-04-20,short,10:04,10:05,6717.25,6766.75,6618.25,11:29,6674.75,time_stop,49.5,0.8313,42.5,1.35,41.15,85.0,2.7,82.3
2018-04-23,long,10:51,10:52,6706.25,6658.5,6801.75,11:29,6724.75,time_stop,47.75,0.3592,18.5,1.35,17.15,37.0,2.7,34.3
2018-04-24,short,10:16,10:17,6646.25,6696.0,6546.75,11:29,6595.0,time_stop,49.75,1.003,51.25,1.35,49.9,102.5,2.7,99.8
2018-04-25,short,10:01,10:02,6439.75,6526.0,6267.25,11:02,6526.0,hard_stop,86.25,-1.0157,-86.25,1.35,-87.6,-172.5,2.7,-175.2
2018-04-26,long,10:03,10:04,6616.5,6581.5,6686.5,11:29,6636.25,time_stop,35.0,0.5257,19.75,1.35,18.4,39.5,2.7,36.8
2018-04-27,short,10:25,10:26,6667.5,6756.75,6489.0,11:29,6680.25,time_stop,89.25,-0.158,-12.75,1.35,-14.1,-25.5,2.7,-28.2
2018-04-30,long,10:03,10:04,6713.25,6671.5,6796.75,11:29,6678.5,time_stop,41.75,-0.8647,-34.75,1.35,-36.1,-69.5,2.7,-72.2
2018-05-01,long,10:14,10:15,6620.75,6578.5,6705.25,11:29,6615.25,time_stop,42.25,-0.1621,-5.5,1.35,-6.85,-11.0,2.7,-13.7
2018-05-02,long,10:13,10:14,6702.75,6665.0,6778.25,11:29,6687.0,time_stop,37.75,-0.453,-15.75,1.35,-17.1,-31.5,2.7,-34.2
2018-05-03,short,10:23,10:24,6584.25,6638.75,6475.25,11:29,6552.5,time_stop,54.5,0.5578,31.75,1.35,30.4,63.5,2.7,60.8
2018-05-04,long,10:07,10:08,6667.25,6610.25,6781.25,11:29,6745.5,time_stop,57.0,1.3491,78.25,1.35,76.9,156.5,2.7,153.8
2018-05-07,long,10:31,10:32,6843.0,6797.25,6934.5,11:29,6847.0,time_stop,45.75,0.0579,4.0,1.35,2.65,8.0,2.7,5.3
2018-05-08,long,11:15,11:16,6826.0,6782.25,6913.5,11:29,6815.25,time_stop,43.75,-0.2766,-10.75,1.35,-12.1,-21.5,2.7,-24.2
2018-05-09,short,10:00,10:01,6818.75,6845.75,6764.75,11:29,6826.75,time_stop,27.0,-0.3463,-8.0,1.35,-9.35,-16.0,2.7,-18.7
2018-05-11,long,10:05,10:06,6963.25,6937.25,7015.25,11:29,6957.75,time_stop,26.0,-0.2635,-5.5,1.35,-6.85,-11.0,2.7,-13.7
2018-05-14,long,10:13,10:14,7002.0,6973.5,7059.0,11:29,6995.0,time_stop,28.5,-0.293,-7.0,1.35,-8.35,-14.0,2.7,-16.7
2018-05-16,long,10:23,10:24,6925.75,6896.25,6984.75,11:29,6910.5,time_stop,29.5,-0.5627,-15.25,1.35,-16.6,-30.5,2.7,-33.2
2018-05-17,long,10:02,10:03,6927.25,6906.0,6969.75,11:29,6949.25,time_stop,21.25,0.9718,22.0,1.35,20.65,44.0,2.7,41.3
2018-05-18,short,10:02,10:03,6870.25,6895.5,6819.75,11:19,6895.5,hard_stop,25.25,-1.0535,-25.25,1.35,-26.6,-50.5,2.7,-53.2
2018-05-21,short,11:14,11:15,6922.25,6957.25,6852.25,11:29,6896.25,time_stop,35.0,0.7043,26.0,1.35,24.65,52.0,2.7,49.3
2018-05-22,short,10:03,10:04,6929.25,6955.0,6877.75,11:29,6920.0,time_stop,25.75,0.3068,9.25,1.35,7.9,18.5,2.7,15.8
2018-05-23,long,10:08,10:09,6886.25,6847.0,6964.75,11:29,6882.5,time_stop,39.25,-0.1299,-3.75,1.35,-5.1,-7.5,2.7,-10.2
2018-05-24,short,10:25,10:26,6911.5,6968.75,6797.0,11:29,6919.25,time_stop,57.25,-0.159,-7.75,1.35,-9.1,-15.5,2.7,-18.2
2018-05-25,long,10:11,10:12,6978.5,6942.25,7051.0,11:29,6978.75,time_stop,36.25,-0.0303,0.25,1.35,-1.1,0.5,2.7,-2.2
2018-05-29,long,10:05,10:06,6965.25,6915.25,7065.25,11:29,6947.0,time_stop,50.0,-0.392,-18.25,1.35,-19.6,-36.5,2.7,-39.2
2018-05-30,short,10:02,10:03,6943.75,6972.25,6886.75,10:43,6972.25,hard_stop,28.5,-1.0474,-28.5,1.35,-29.85,-57.0,2.7,-59.7
2018-05-31,short,10:48,10:49,6969.5,7000.0,6908.5,11:29,6992.0,time_stop,30.5,-0.782,-22.5,1.35,-23.85,-45.0,2.7,-47.7
2018-06-01,long,10:05,10:06,7039.25,7009.0,7099.75,11:29,7066.25,time_stop,30.25,0.8479,27.0,1.35,25.65,54.0,2.7,51.3
2018-06-04,long,11:00,11:01,7128.5,7099.75,7186.0,11:29,7126.5,time_stop,28.75,-0.1165,-2.0,1.35,-3.35,-4.0,2.7,-6.7
2018-06-05,long,10:01,10:02,7175.5,7155.25,7216.0,11:09,7155.25,hard_stop,20.25,-1.0667,-20.25,1.35,-21.6,-40.5,2.7,-43.2
2018-06-06,short,10:00,10:01,7158.5,7187.5,7100.5,11:29,7183.25,time_stop,29.0,-0.9,-24.75,1.35,-26.1,-49.5,2.7,-52.2
2018-06-07,short,10:07,10:08,7190.25,7215.75,7139.25,10:38,7139.25,tp1,25.5,1.9569,51.0,1.1,49.9,102.0,2.2,99.8
2018-06-08,long,10:21,10:22,7136.75,7110.75,7188.75,10:34,7110.75,hard_stop,26.0,-1.0519,-26.0,1.35,-27.35,-52.0,2.7,-54.7
2018-06-12,long,11:06,11:07,7220.25,7198.5,7263.75,11:29,7217.5,time_stop,21.75,-0.1885,-2.75,1.35,-4.1,-5.5,2.7,-8.2
2018-06-13,long,10:04,10:05,7256.5,7240.75,7288.0,11:29,7284.5,time_stop,15.75,1.6921,28.0,1.35,26.65,56.0,2.7,53.3
2018-06-14,long,10:01,10:02,7291.0,7261.0,7351.0,11:29,7295.0,time_stop,30.0,0.0883,4.0,1.35,2.65,8.0,2.7,5.3
2018-06-18,long,10:20,10:21,7247.5,7208.5,7325.5,11:29,7270.75,time_stop,39.0,0.5615,23.25,1.35,21.9,46.5,2.7,43.8
2018-06-19,short,10:09,10:10,7177.0,7223.0,7085.0,11:29,7210.25,time_stop,46.0,-0.7522,-33.25,1.35,-34.6,-66.5,2.7,-69.2
2018-06-20,short,10:32,10:33,7280.75,7306.75,7228.75,10:58,7306.75,hard_stop,26.0,-1.0519,-26.0,1.35,-27.35,-52.0,2.7,-54.7
2018-06-21,short,10:04,10:05,7296.5,7330.0,7229.5,11:29,7268.75,time_stop,33.5,0.7881,27.75,1.35,26.4,55.5,2.7,52.8
2018-06-22,short,10:25,10:26,7207.25,7268.5,7084.75,11:29,7227.0,time_stop,61.25,-0.3445,-19.75,1.35,-21.1,-39.5,2.7,-42.2
2018-06-25,short,10:03,10:04,7110.5,7169.75,6992.0,11:29,7055.75,time_stop,59.25,0.9013,54.75,1.35,53.4,109.5,2.7,106.8
2018-06-27,long,10:38,10:39,7148.25,7106.0,7232.75,11:06,7106.0,hard_stop,42.25,-1.032,-42.25,1.35,-43.6,-84.5,2.7,-87.2
2018-06-28,long,11:00,11:01,7030.5,6971.75,7148.0,11:29,7030.0,time_stop,58.75,-0.0315,-0.5,1.35,-1.85,-1.0,2.7,-3.7
2018-06-29,long,10:01,10:02,7116.5,7083.25,7183.0,11:29,7104.25,time_stop,33.25,-0.409,-12.25,1.35,-13.6,-24.5,2.7,-27.2
2018-07-02,long,10:01,10:02,7039.0,6987.25,7142.5,11:29,7052.0,time_stop,51.75,0.2251,13.0,1.35,11.65,26.0,2.7,23.3
2018-07-05,short,10:04,10:05,7073.25,7100.0,7019.75,11:29,7079.75,time_stop,26.75,-0.2935,-6.5,1.35,-7.85,-13.0,2.7,-15.7
2018-07-06,long,10:00,10:01,7164.25,7123.25,7246.25,11:29,7197.75,time_stop,41.0,0.7841,33.5,1.35,32.15,67.0,2.7,64.3
2018-07-09,short,10:11,10:12,7253.75,7282.25,7196.75,11:29,7265.0,time_stop,28.5,-0.4421,-11.25,1.35,-12.6,-22.5,2.7,-25.2
2018-07-10,long,10:38,10:39,7309.75,7288.0,7353.25,11:29,7301.25,time_stop,21.75,-0.4529,-8.5,1.35,-9.85,-17.0,2.7,-19.7
2018-07-11,long,10:01,10:02,7277.5,7237.5,7357.5,11:29,7256.5,time_stop,40.0,-0.5588,-21.0,1.35,-22.35,-42.0,2.7,-44.7
2018-07-12,long,10:00,10:01,7322.5,7288.0,7391.5,11:29,7347.0,time_stop,34.5,0.671,24.5,1.35,23.15,49.0,2.7,46.3
2018-07-13,long,10:26,10:27,7396.75,7366.75,7456.75,11:29,7402.0,time_stop,30.0,0.13,5.25,1.35,3.9,10.5,2.7,7.8
2018-07-16,short,10:57,10:58,7380.5,7407.5,7326.5,11:29,7382.5,time_stop,27.0,-0.1241,-2.0,1.35,-3.35,-4.0,2.7,-6.7
2018-07-17,long,10:00,10:01,7346.75,7295.25,7449.75,11:29,7376.5,time_stop,51.5,0.5515,29.75,1.35,28.4,59.5,2.7,56.8
2018-07-18,short,10:15,10:16,7391.0,7427.0,7319.0,11:29,7407.25,time_stop,36.0,-0.4889,-16.25,1.35,-17.6,-32.5,2.7,-35.2
2018-07-20,long,10:32,10:33,7399.25,7377.5,7442.75,11:29,7409.75,time_stop,21.75,0.4207,10.5,1.35,9.15,21.0,2.7,18.3
2018-07-23,long,10:40,10:41,7356.75,7311.25,7447.75,11:29,7356.25,time_stop,45.5,-0.0407,-0.5,1.35,-1.85,-1.0,2.7,-3.7
2018-07-24,long,10:22,10:23,7487.75,7460.75,7541.75,11:01,7460.75,hard_stop,27.0,-1.05,-27.0,1.35,-28.35,-54.0,2.7,-56.7
2018-07-27,short,10:02,10:03,7397.25,7457.25,7277.25,11:29,7374.5,time_stop,60.0,0.3567,22.75,1.35,21.4,45.5,2.7,42.8
2018-07-30,short,11:12,11:13,7205.75,7309.0,6999.25,11:29,7214.5,time_stop,103.25,-0.0978,-8.75,1.35,-10.1,-17.5,2.7,-20.2
2018-07-31,short,10:15,10:16,7217.25,7271.0,7109.75,11:29,7240.75,time_stop,53.75,-0.4623,-23.5,1.35,-24.85,-47.0,2.7,-49.7
2018-08-01,long,10:14,10:15,7290.75,7252.75,7366.75,11:29,7282.75,time_stop,38.0,-0.2461,-8.0,1.35,-9.35,-16.0,2.7,-18.7
2018-08-02,long,10:01,10:02,7272.75,7224.5,7369.25,11:29,7314.25,time_stop,48.25,0.8321,41.5,1.35,40.15,83.0,2.7,80.3
2018-08-03,long,10:28,10:29,7401.0,7362.0,7479.0,11:29,7385.0,time_stop,39.0,-0.4449,-16.0,1.35,-17.35,-32.0,2.7,-34.7
2018-08-06,long,10:06,10:07,7414.75,7387.25,7469.75,11:29,7410.0,time_stop,27.5,-0.2218,-4.75,1.35,-6.1,-9.5,2.7,-12.2
2018-08-07,short,11:00,11:01,7451.5,7487.0,7380.5,11:29,7455.25,time_stop,35.5,-0.1437,-3.75,1.35,-5.1,-7.5,2.7,-10.2
2018-08-08,long,10:10,10:11,7474.5,7442.25,7539.0,11:29,7487.0,time_stop,32.25,0.3457,12.5,1.35,11.15,25.0,2.7,22.3
2018-08-09,long,10:09,10:10,7489.75,7464.5,7540.25,11:29,7493.5,time_stop,25.25,0.095,3.75,1.35,2.4,7.5,2.7,4.8
2018-08-10,short,10:00,10:01,7415.75,7447.0,7353.25,11:29,7435.0,time_stop,31.25,-0.6592,-19.25,1.35,-20.6,-38.5,2.7,-41.2
2018-08-13,long,10:09,10:10,7462.0,7427.0,7532.0,11:29,7433.0,time_stop,35.0,-0.8671,-29.0,1.35,-30.35,-58.0,2.7,-60.7
2018-08-14,short,10:04,10:05,7401.25,7445.25,7313.25,10:50,7445.25,hard_stop,44.0,-1.0307,-44.0,1.35,-45.35,-88.0,2.7,-90.7
2018-08-15,short,10:00,10:01,7367.5,7418.5,7265.5,11:29,7344.0,time_stop,51.0,0.4343,23.5,1.35,22.15,47.0,2.7,44.3
2018-08-16,long,11:15,11:16,7422.75,7396.5,7475.25,11:29,7426.25,time_stop,26.25,0.0819,3.5,1.35,2.15,7.0,2.7,4.3
2018-08-17,short,10:06,10:07,7344.0,7382.5,7267.0,11:29,7352.75,time_stop,38.5,-0.2623,-8.75,1.35,-10.1,-17.5,2.7,-20.2
2018-08-20,short,10:14,10:15,7357.25,7407.5,7256.75,11:29,7366.5,time_stop,50.25,-0.2109,-9.25,1.35,-10.6,-18.5,2.7,-21.2
2018-08-21,long,10:35,10:36,7430.5,7398.0,7495.5,11:29,7417.0,time_stop,32.5,-0.4569,-13.5,1.35,-14.85,-27.0,2.7,-29.7
2018-08-22,short,10:02,10:03,7386.5,7416.5,7326.5,10:45,7416.5,hard_stop,30.0,-1.045,-30.0,1.35,-31.35,-60.0,2.7,-62.7
2018-08-23,long,10:21,10:22,7472.0,7422.0,7572.0,11:19,7422.0,hard_stop,50.0,-1.027,-50.0,1.35,-51.35,-100.0,2.7,-102.7
2018-08-24,long,10:01,10:02,7468.5,7445.75,7514.0,11:29,7487.0,time_stop,22.75,0.7538,18.5,1.35,17.15,37.0,2.7,34.3
2018-08-27,long,10:02,10:03,7545.25,7517.5,7600.75,11:29,7558.75,time_stop,27.75,0.4378,13.5,1.35,12.15,27.0,2.7,24.3
2018-08-28,short,10:47,10:48,7573.25,7597.5,7524.75,11:29,7583.0,time_stop,24.25,-0.4577,-9.75,1.35,-11.1,-19.5,2.7,-22.2
2018-08-29,long,10:13,10:14,7614.5,7589.0,7665.5,11:29,7653.5,time_stop,25.5,1.4765,39.0,1.35,37.65,78.0,2.7,75.3
2018-08-30,long,10:18,10:19,7663.5,7642.25,7706.0,11:29,7661.0,time_stop,21.25,-0.1812,-2.5,1.35,-3.85,-5.0,2.7,-7.7
2018-08-31,long,10:06,10:07,7673.5,7640.5,7739.5,11:29,7658.5,time_stop,33.0,-0.4955,-15.0,1.35,-16.35,-30.0,2.7,-32.7
2018-09-04,long,10:57,10:58,7649.0,7586.5,7774.0,11:29,7637.25,time_stop,62.5,-0.2096,-11.75,1.35,-13.1,-23.5,2.7,-26.2
2018-09-05,short,10:01,10:02,7546.0,7616.25,7405.5,11:29,7509.0,time_stop,70.25,0.5075,37.0,1.35,35.65,74.0,2.7,71.3
2018-09-06,short,10:10,10:11,7483.25,7539.25,7371.25,11:29,7442.75,time_stop,56.0,0.6991,40.5,1.35,39.15,81.0,2.7,78.3
2018-09-07,long,10:48,10:49,7487.0,7401.75,7657.5,11:29,7482.5,time_stop,85.25,-0.0686,-4.5,1.35,-5.85,-9.0,2.7,-11.7
2018-09-10,short,10:05,10:06,7427.5,7477.0,7328.5,11:29,7456.0,time_stop,49.5,-0.603,-28.5,1.35,-29.85,-57.0,2.7,-59.7
2018-09-11,long,10:07,10:08,7469.5,7404.25,7600.0,11:29,7477.0,time_stop,65.25,0.0943,7.5,1.35,6.15,15.0,2.7,12.3
2018-09-12,short,10:09,10:10,7461.25,7506.5,7370.75,11:29,7486.75,time_stop,45.25,-0.5934,-25.5,1.35,-26.85,-51.0,2.7,-53.7
2018-09-17,short,10:01,10:02,7512.25,7566.75,7403.25,11:29,7500.5,time_stop,54.5,0.1908,11.75,1.35,10.4,23.5,2.7,20.8
2018-09-18,long,10:03,10:04,7533.5,7467.0,7666.5,11:29,7554.5,time_stop,66.5,0.2955,21.0,1.35,19.65,42.0,2.7,39.3
2018-09-19,short,10:10,10:11,7484.5,7546.25,7361.0,11:29,7502.5,time_stop,61.75,-0.3134,-18.0,1.35,-19.35,-36.0,2.7,-38.7
2018-09-20,long,10:01,10:02,7595.75,7552.5,7682.25,11:29,7595.25,time_stop,43.25,-0.0428,-0.5,1.35,-1.85,-1.0,2.7,-3.7
2018-09-21,short,10:20,10:21,7602.25,7634.75,7537.25,11:29,7602.0,time_stop,32.5,-0.0338,0.25,1.35,-1.1,0.5,2.7,-2.2
2018-09-24,long,10:06,10:07,7537.5,7473.5,7665.5,11:29,7560.75,time_stop,64.0,0.3422,23.25,1.35,21.9,46.5,2.7,43.8
2018-09-25,short,10:59,11:00,7553.0,7584.75,7489.5,11:26,7584.75,hard_stop,31.75,-1.0425,-31.75,1.35,-33.1,-63.5,2.7,-66.2
2018-09-26,long,10:04,10:05,7619.25,7592.5,7672.75,11:29,7640.5,time_stop,26.75,0.7439,21.25,1.35,19.9,42.5,2.7,39.8
2018-09-27,long,10:00,10:01,7664.0,7621.25,7749.5,11:29,7668.75,time_stop,42.75,0.0795,4.75,1.35,3.4,9.5,2.7,6.8
2018-09-28,long,10:50,10:51,7656.75,7623.0,7724.25,11:29,7665.25,time_stop,33.75,0.2119,8.5,1.35,7.15,17.0,2.7,14.3
2018-10-01,long,10:06,10:07,7727.25,7691.0,7799.75,11:29,7716.75,time_stop,36.25,-0.3269,-10.5,1.35,-11.85,-21.0,2.7,-23.7
2018-10-02,long,10:49,10:50,7687.0,7635.0,7791.0,11:29,7694.75,time_stop,52.0,0.1231,7.75,1.35,6.4,15.5,2.7,12.8
2018-10-03,long,10:05,10:06,7700.25,7676.0,7748.75,10:55,7676.0,hard_stop,24.25,-1.0557,-24.25,1.35,-25.6,-48.5,2.7,-51.2
2018-10-04,short,10:01,10:02,7576.0,7633.0,7462.0,11:29,7541.25,time_stop,57.0,0.586,34.75,1.35,33.4,69.5,2.7,66.8
2018-10-05,short,10:04,10:05,7470.0,7535.0,7340.0,11:29,7423.0,time_stop,65.0,0.7023,47.0,1.35,45.65,94.0,2.7,91.3
2018-10-08,long,10:11,10:12,7424.75,7359.0,7556.25,11:29,7363.0,time_stop,65.75,-0.9597,-61.75,1.35,-63.1,-123.5,2.7,-126.2
2018-10-09,long,10:01,10:02,7416.0,7361.5,7525.0,11:29,7433.25,time_stop,54.5,0.2917,17.25,1.35,15.9,34.5,2.7,31.8
2018-10-10,short,10:03,10:04,7235.5,7356.5,6993.5,11:29,7233.5,time_stop,121.0,0.0054,2.0,1.35,0.65,4.0,2.7,1.3
2018-10-11,short,11:04,11:05,6987.5,7138.25,6686.0,11:29,7032.5,time_stop,150.75,-0.3075,-45.0,1.35,-46.35,-90.0,2.7,-92.7
2018-10-15,short,10:02,10:03,7089.0,7161.25,6944.5,11:29,7152.75,time_stop,72.25,-0.901,-63.75,1.35,-65.1,-127.5,2.7,-130.2
2018-10-16,long,10:01,10:02,7192.25,7151.5,7273.75,10:33,7151.5,hard_stop,40.75,-1.0331,-40.75,1.35,-42.1,-81.5,2.7,-84.2
2018-10-17,short,10:00,10:01,7257.25,7335.25,7101.25,11:29,7270.75,time_stop,78.0,-0.1904,-13.5,1.35,-14.85,-27.0,2.7,-29.7
2018-10-18,short,10:00,10:01,7221.0,7270.75,7121.5,11:29,7185.5,time_stop,49.75,0.6864,35.5,1.35,34.15,71.0,2.7,68.3
2018-10-19,long,10:03,10:04,7237.5,7171.0,7370.5,11:29,7185.0,time_stop,66.5,-0.8098,-52.5,1.35,-53.85,-105.0,2.7,-107.7
2018-10-22,long,10:48,10:49,7193.0,7101.0,7377.0,11:29,7187.25,time_stop,92.0,-0.0772,-5.75,1.35,-7.1,-11.5,2.7,-14.2
2018-10-23,short,10:01,10:02,6994.5,7049.5,6884.5,11:29,7023.5,time_stop,55.0,-0.5518,-29.0,1.35,-30.35,-58.0,2.7,-60.7
2018-10-24,short,10:00,10:01,7074.25,7131.25,6960.25,11:29,6997.0,time_stop,57.0,1.3316,77.25,1.35,75.9,154.5,2.7,151.8
2018-10-25,long,10:01,10:02,6964.0,6872.5,7147.0,11:29,6998.25,time_stop,91.5,0.3596,34.25,1.35,32.9,68.5,2.7,65.8
2018-10-26,short,10:07,10:08,6783.75,6895.5,6560.25,11:29,6845.75,time_stop,111.75,-0.5669,-62.0,1.35,-63.35,-124.0,2.7,-126.7
2018-10-29,long,10:03,10:04,6970.5,6920.75,7070.0,10:48,6920.75,hard_stop,49.75,-1.0271,-49.75,1.35,-51.1,-99.5,2.7,-102.2
2018-10-31,long,10:01,10:02,6987.0,6927.0,7107.0,11:29,6993.25,time_stop,60.0,0.0817,6.25,1.35,4.9,12.5,2.7,9.8
2018-11-01,short,10:08,10:09,6939.25,7013.75,6790.25,10:36,7013.75,hard_stop,74.5,-1.0181,-74.5,1.35,-75.85,-149.0,2.7,-151.7
2018-11-02,short,10:03,10:04,7023.5,7092.75,6885.0,11:29,6966.5,time_stop,69.25,0.8036,57.0,1.35,55.65,114.0,2.7,111.3
2018-11-05,short,10:02,10:03,6897.25,6971.5,6748.75,11:29,6890.75,time_stop,74.25,0.0694,6.5,1.35,5.15,13.0,2.7,10.3
2018-11-07,long,10:02,10:03,7114.0,7061.5,7219.0,11:29,7145.25,time_stop,52.5,0.5695,31.25,1.35,29.9,62.5,2.7,59.8
2018-11-08,long,10:03,10:04,7199.5,7153.25,7292.0,11:29,7179.5,time_stop,46.25,-0.4616,-20.0,1.35,-21.35,-40.0,2.7,-42.7
2018-11-09,short,10:09,10:10,7064.0,7116.5,6959.0,11:29,7050.0,time_stop,52.5,0.241,14.0,1.35,12.65,28.0,2.7,25.3
2018-11-12,short,10:00,10:01,6920.0,7009.25,6741.5,11:29,6833.0,time_stop,89.25,0.9597,87.0,1.35,85.65,174.0,2.7,171.3
2018-11-13,short,10:00,10:01,6850.5,6920.75,6710.0,11:02,6920.75,hard_stop,70.25,-1.0192,-70.25,1.35,-71.6,-140.5,2.7,-143.2
2018-11-14,short,10:02,10:03,6872.5,6929.75,6758.0,11:29,6808.75,time_stop,57.25,1.09,63.75,1.35,62.4,127.5,2.7,124.8
2018-11-15,short,10:30,10:31,6739.75,6811.5,6596.25,11:24,6811.5,hard_stop,71.75,-1.0188,-71.75,1.35,-73.1,-143.5,2.7,-146.2
2018-11-16,long,10:15,10:16,6879.5,6807.25,7024.0,11:29,6858.25,time_stop,72.25,-0.3128,-21.25,1.35,-22.6,-42.5,2.7,-45.2
2018-11-19,short,10:04,10:05,6777.0,6852.75,6625.5,11:29,6724.25,time_stop,75.75,0.6785,52.75,1.35,51.4,105.5,2.7,102.8
2018-11-20,short,10:11,10:12,6473.0,6558.25,6302.5,10:38,6558.25,hard_stop,85.25,-1.0158,-85.25,1.35,-86.6,-170.5,2.7,-173.2
2018-11-21,long,11:20,11:21,6645.0,6570.75,6793.5,11:29,6635.0,time_stop,74.25,-0.1529,-10.0,1.35,-11.35,-20.0,2.7,-22.7
2018-11-26,long,10:02,10:03,6663.0,6598.5,6792.0,11:29,6646.25,time_stop,64.5,-0.2806,-16.75,1.35,-18.1,-33.5,2.7,-36.2
2018-11-27,long,10:05,10:06,6672.25,6613.0,6790.75,11:29,6706.5,time_stop,59.25,0.5553,34.25,1.35,32.9,68.5,2.7,65.8
2018-11-28,short,10:30,10:31,6728.5,6765.25,6655.0,11:29,6727.0,time_stop,36.75,0.0041,1.5,1.35,0.15,3.0,2.7,0.3
2018-11-29,short,10:18,10:19,6870.0,6911.5,6787.0,11:29,6876.5,time_stop,41.5,-0.1892,-6.5,1.35,-7.85,-13.0,2.7,-15.7
2018-11-30,long,10:30,10:31,6913.5,6872.25,6996.0,11:29,6900.0,time_stop,41.25,-0.36,-13.5,1.35,-14.85,-27.0,2.7,-29.7
2018-12-03,short,11:01,11:02,7032.25,7108.0,6880.75,11:29,7057.5,time_stop,75.75,-0.3512,-25.25,1.35,-26.6,-50.5,2.7,-53.2
2018-12-04,short,11:18,11:19,7010.0,7047.0,6936.0,11:29,7009.0,time_stop,37.0,-0.0095,1.0,1.35,-0.35,2.0,2.7,-0.7
2018-12-06,short,11:26,11:27,6642.5,6731.5,6464.5,11:29,6643.0,time_stop,89.0,-0.0208,-0.5,1.35,-1.85,-1.0,2.7,-3.7
2018-12-07,short,10:10,10:11,6799.25,6852.25,6693.25,11:23,6693.25,tp1,53.0,1.9792,106.0,1.1,104.9,212.0,2.2,209.8
2018-12-10,short,10:54,10:55,6575.25,6672.75,6380.25,11:29,6566.75,time_stop,97.5,0.0733,8.5,1.35,7.15,17.0,2.7,14.3
2018-12-11,short,10:10,10:11,6752.5,6796.25,6665.0,11:29,6745.0,time_stop,43.75,0.1406,7.5,1.35,6.15,15.0,2.7,12.3
2018-12-12,long,10:03,10:04,6816.5,6778.75,6892.0,11:29,6851.75,time_stop,37.75,0.898,35.25,1.35,33.9,70.5,2.7,67.8
2018-12-13,long,10:12,10:13,6835.0,6779.0,6947.0,10:40,6779.0,hard_stop,56.0,-1.0241,-56.0,1.35,-57.35,-112.0,2.7,-114.7
2018-12-14,long,10:04,10:05,6703.75,6654.5,6802.25,11:29,6681.75,time_stop,49.25,-0.4741,-22.0,1.35,-23.35,-44.0,2.7,-46.7
2018-12-17,long,10:27,10:28,6603.5,6522.75,6765.0,11:29,6622.0,time_stop,80.75,0.2124,18.5,1.35,17.15,37.0,2.7,34.3
2018-12-18,short,11:25,11:26,6502.0,6549.75,6406.5,11:29,6509.5,time_stop,47.75,-0.1853,-7.5,1.35,-8.85,-15.0,2.7,-17.7
2018-12-19,long,10:16,10:17,6587.5,6492.75,6777.0,11:29,6555.0,time_stop,94.75,-0.3573,-32.5,1.35,-33.85,-65.0,2.7,-67.7
2018-12-20,long,10:00,10:01,6382.0,6318.75,6508.5,11:09,6318.75,hard_stop,63.25,-1.0213,-63.25,1.35,-64.6,-126.5,2.7,-129.2
2018-12-21,short,10:01,10:02,6250.5,6312.75,6126.0,10:16,6312.75,hard_stop,62.25,-1.0217,-62.25,1.35,-63.6,-124.5,2.7,-127.2
2018-12-26,short,10:05,10:06,5973.5,6052.0,5816.5,11:29,6012.75,time_stop,78.5,-0.5172,-39.25,1.35,-40.6,-78.5,2.7,-81.2
2018-12-27,short,10:13,10:14,6144.0,6228.5,5975.0,11:29,6167.5,time_stop,84.5,-0.2941,-23.5,1.35,-24.85,-47.0,2.7,-49.7
2018-12-28,short,10:24,10:25,6282.5,6349.0,6149.5,11:29,6300.5,time_stop,66.5,-0.291,-18.0,1.35,-19.35,-36.0,2.7,-38.7
2018-12-31,short,10:14,10:15,6327.0,6377.0,6227.0,11:29,6310.75,time_stop,50.0,0.298,16.25,1.35,14.9,32.5,2.7,29.8
2019-01-02,long,10:05,10:06,6280.5,6205.25,6431.0,11:29,6345.25,time_stop,75.25,0.8425,64.75,1.35,63.4,129.5,2.7,126.8
2019-01-03,short,10:00,10:01,6232.25,6304.5,6087.75,11:29,6226.0,time_stop,72.25,0.0678,6.25,1.35,4.9,12.5,2.7,9.8
2019-01-04,long,10:00,10:01,6313.25,6241.25,6457.25,11:29,6394.0,time_stop,72.0,1.1028,80.75,1.35,79.4,161.5,2.7,158.8
2019-01-08,short,10:13,10:14,6533.0,6586.5,6426.0,11:29,6504.25,time_stop,53.5,0.5121,28.75,1.35,27.4,57.5,2.7,54.8
2019-01-09,short,10:45,10:46,6563.75,6613.5,6464.25,11:29,6608.5,time_stop,49.75,-0.9266,-44.75,1.35,-46.1,-89.5,2.7,-92.2
2019-01-10,long,10:22,10:23,6571.5,6527.25,6660.0,11:29,6587.75,time_stop,44.25,0.3367,16.25,1.35,14.9,32.5,2.7,29.8
2019-01-16,short,10:41,10:42,6681.0,6737.5,6568.0,11:29,6706.0,time_stop,56.5,-0.4664,-25.0,1.35,-26.35,-50.0,2.7,-52.7
2019-01-17,long,11:16,11:17,6694.0,6644.0,6794.0,11:29,6691.75,time_stop,50.0,-0.072,-2.25,1.35,-3.6,-4.5,2.7,-7.2
2019-01-18,short,10:02,10:03,6738.5,6786.5,6642.5,10:43,6786.5,hard_stop,48.0,-1.0281,-48.0,1.35,-49.35,-96.0,2.7,-98.7
2019-01-22,short,10:06,10:07,6711.75,6749.0,6637.25,11:29,6714.5,time_stop,37.25,-0.1101,-2.75,1.35,-4.1,-5.5,2.7,-8.2
2019-01-23,short,10:22,10:23,6688.5,6723.25,6619.0,11:29,6644.25,time_stop,34.75,1.2345,44.25,1.35,42.9,88.5,2.7,85.8
2019-01-24,long,10:15,10:16,6711.5,6672.5,6789.5,11:12,6672.5,hard_stop,39.0,-1.0346,-39.0,1.35,-40.35,-78.0,2.7,-80.7
2019-01-25,long,10:01,10:02,6773.25,6738.75,6842.25,11:29,6780.75,time_stop,34.5,0.1783,7.5,1.35,6.15,15.0,2.7,12.3
2019-01-29,short,10:12,10:13,6676.75,6710.0,6610.25,11:29,6634.5,time_stop,33.25,1.2301,42.25,1.35,40.9,84.5,2.7,81.8
2019-01-30,short,10:02,10:03,6704.75,6737.0,6640.25,11:29,6717.75,time_stop,32.25,-0.445,-13.0,1.35,-14.35,-26.0,2.7,-28.7
2019-01-31,long,10:03,10:04,6883.25,6840.0,6969.75,11:29,6906.5,time_stop,43.25,0.5064,23.25,1.35,21.9,46.5,2.7,43.8
2019-02-01,long,10:05,10:06,6914.0,6871.0,7000.0,11:29,6904.0,time_stop,43.0,-0.264,-10.0,1.35,-11.35,-20.0,2.7,-22.7
2019-02-04,long,10:12,10:13,6914.75,6873.25,6997.75,11:29,6941.0,time_stop,41.5,0.6,26.25,1.35,24.9,52.5,2.7,49.8
2019-02-05,long,10:31,10:32,7016.5,6969.25,7111.0,11:29,7006.75,time_stop,47.25,-0.2349,-9.75,1.35,-11.1,-19.5,2.7,-22.2
2019-02-06,short,10:01,10:02,7007.0,7039.0,6943.0,11:29,7008.25,time_stop,32.0,-0.0813,-1.25,1.35,-2.6,-2.5,2.7,-5.2
2019-02-07,long,10:23,10:24,6944.5,6912.25,7009.0,10:54,6912.25,hard_stop,32.25,-1.0419,-32.25,1.35,-33.6,-64.5,2.7,-67.2
2019-02-08,short,10:19,10:20,6845.25,6877.25,6781.25,10:39,6877.25,hard_stop,32.0,-1.0422,-32.0,1.35,-33.35,-64.0,2.7,-66.7
2019-02-11,short,11:08,11:09,6913.75,6964.75,6811.75,11:29,6924.25,time_stop,51.0,-0.2324,-10.5,1.35,-11.85,-21.0,2.7,-23.7
2019-02-12,long,10:01,10:02,6991.75,6953.75,7067.75,11:29,7011.5,time_stop,38.0,0.4842,19.75,1.35,18.4,39.5,2.7,36.8
2019-02-13,short,10:12,10:13,7038.5,7070.0,6975.5,11:29,7033.25,time_stop,31.5,0.1238,5.25,1.35,3.9,10.5,2.7,7.8
2019-02-14,long,10:02,10:03,7013.0,6971.75,7095.5,11:29,7005.0,time_stop,41.25,-0.2267,-8.0,1.35,-9.35,-16.0,2.7,-18.7
2019-02-15,short,10:12,10:13,7037.25,7084.5,6942.75,11:29,7041.0,time_stop,47.25,-0.1079,-3.75,1.35,-5.1,-7.5,2.7,-10.2
2019-02-19,long,10:02,10:03,7071.25,7035.5,7142.75,11:29,7065.25,time_stop,35.75,-0.2056,-6.0,1.35,-7.35,-12.0,2.7,-14.7
2019-02-20,long,10:28,10:29,7097.5,7074.75,7143.0,11:29,7093.75,time_stop,22.75,-0.2242,-3.75,1.35,-5.1,-7.5,2.7,-10.2
2019-02-21,short,10:12,10:13,7007.75,7066.5,6890.25,11:29,7034.25,time_stop,58.75,-0.474,-26.5,1.35,-27.85,-53.0,2.7,-55.7
2019-02-25,short,10:36,10:37,7145.25,7168.0,7099.75,11:07,7168.0,hard_stop,22.75,-1.0593,-22.75,1.35,-24.1,-45.5,2.7,-48.2
2019-02-26,long,10:00,10:01,7120.0,7090.75,7178.5,11:29,7134.25,time_stop,29.25,0.441,14.25,1.35,12.9,28.5,2.7,25.8
2019-02-27,short,10:02,10:03,7079.5,7119.25,7000.0,11:29,7088.25,time_stop,39.75,-0.2541,-8.75,1.35,-10.1,-17.5,2.7,-20.2
2019-02-28,short,10:06,10:07,7089.25,7122.25,7023.25,11:29,7109.75,time_stop,33.0,-0.6621,-20.5,1.35,-21.85,-41.0,2.7,-43.7
2019-03-01,short,10:01,10:02,7136.0,7162.25,7083.5,11:29,7121.5,time_stop,26.25,0.501,14.5,1.35,13.15,29.0,2.7,26.3
2019-03-04,short,10:11,10:12,7187.75,7211.75,7139.75,11:29,7142.0,time_stop,24.0,1.85,45.75,1.35,44.4,91.5,2.7,88.8
2019-03-05,long,10:52,10:53,7163.25,7124.0,7241.75,11:29,7163.5,time_stop,39.25,-0.028,0.25,1.35,-1.1,0.5,2.7,-2.2
2019-03-06,short,10:21,10:22,7136.75,7168.25,7073.75,11:29,7128.75,time_stop,31.5,0.2111,8.0,1.35,6.65,16.0,2.7,13.3
2019-03-07,short,10:17,10:18,7028.5,7102.0,6881.5,11:29,7054.0,time_stop,73.5,-0.3653,-25.5,1.35,-26.85,-51.0,2.7,-53.7
2019-03-08,long,10:30,10:31,6979.5,6943.5,7051.5,11:29,6994.5,time_stop,36.0,0.3792,15.0,1.35,13.65,30.0,2.7,27.3
2019-03-11,long,10:01,10:02,7131.75,7072.25,7250.75,11:29,7159.25,time_stop,59.5,0.4395,27.5,1.35,26.15,55.0,2.7,52.3
2019-03-12,long,10:30,10:31,7223.5,7191.75,7287.0,11:29,7220.75,time_stop,31.75,-0.1291,-2.75,1.35,-4.1,-5.5,2.7,-8.2
2019-03-14,short,10:08,10:09,7269.75,7294.75,7219.75,11:29,7280.0,time_stop,25.0,-0.464,-10.25,1.35,-11.6,-20.5,2.7,-23.2
2019-03-15,long,11:16,11:17,7335.25,7293.75,7418.25,11:29,7333.75,time_stop,41.5,-0.0687,-1.5,1.35,-2.85,-3.0,2.7,-5.7
2019-03-18,long,10:00,10:01,7370.5,7335.0,7441.5,11:29,7341.75,time_stop,35.5,-0.8479,-28.75,1.35,-30.1,-57.5,2.7,-60.2
2019-03-19,short,10:59,11:00,7375.25,7399.25,7327.25,11:29,7396.0,time_stop,24.0,-0.9208,-20.75,1.35,-22.1,-41.5,2.7,-44.2
2019-03-20,long,10:08,10:09,7387.25,7359.0,7443.75,11:29,7382.75,time_stop,28.25,-0.2071,-4.5,1.35,-5.85,-9.0,2.7,-11.7
2019-03-21,long,10:26,10:27,7452.75,7386.75,7584.75,11:29,7469.25,time_stop,66.0,0.2295,16.5,1.35,15.15,33.0,2.7,30.3
2019-03-22,short,10:51,10:52,7439.75,7513.5,7292.25,11:29,7428.75,time_stop,73.75,0.1308,11.0,1.35,9.65,22.0,2.7,19.3
2019-03-25,short,10:13,10:14,7301.25,7371.75,7160.25,11:29,7365.0,time_stop,70.5,-0.9234,-63.75,1.35,-65.1,-127.5,2.7,-130.2
2019-03-27,short,10:00,10:01,7362.75,7405.0,7278.25,11:29,7308.25,time_stop,42.25,1.258,54.5,1.35,53.15,109.0,2.7,106.3
2019-03-28,long,10:02,10:03,7359.5,7322.25,7434.0,11:06,7322.25,hard_stop,37.25,-1.0362,-37.25,1.35,-38.6,-74.5,2.7,-77.2
2019-03-29,short,10:50,10:51,7365.25,7404.25,7287.25,11:29,7390.25,time_stop,39.0,-0.6756,-25.0,1.35,-26.35,-50.0,2.7,-52.7
2019-04-01,short,10:09,10:10,7454.25,7483.25,7396.25,11:08,7483.25,hard_stop,29.0,-1.0466,-29.0,1.35,-30.35,-58.0,2.7,-60.7
2019-04-02,short,10:03,10:04,7487.25,7508.75,7444.25,10:18,7508.75,hard_stop,21.5,-1.0628,-21.5,1.35,-22.85,-43.0,2.7,-45.7
2019-04-03,long,10:19,10:20,7574.0,7554.0,7614.0,11:29,7603.75,time_stop,20.0,1.42,29.75,1.35,28.4,59.5,2.7,56.8
2019-04-04,short,10:21,10:22,7564.25,7598.25,7496.25,11:29,7551.5,time_stop,34.0,0.3353,12.75,1.35,11.4,25.5,2.7,22.8
2019-04-05,long,10:04,10:05,7601.5,7577.0,7650.5,11:29,7600.75,time_stop,24.5,-0.0857,-0.75,1.35,-2.1,-1.5,2.7,-4.2
2019-04-08,long,10:36,10:37,7596.0,7561.0,7666.0,11:29,7597.5,time_stop,35.0,0.0043,1.5,1.35,0.15,3.0,2.7,0.3
2019-04-09,long,10:06,10:07,7613.0,7584.25,7670.5,11:29,7606.75,time_stop,28.75,-0.2643,-6.25,1.35,-7.6,-12.5,2.7,-15.2
2019-04-10,long,10:45,10:46,7617.25,7595.75,7660.25,11:29,7622.5,time_stop,21.5,0.1814,5.25,1.35,3.9,10.5,2.7,7.8
2019-04-12,short,10:43,10:44,7635.25,7653.5,7598.75,11:29,7631.0,time_stop,18.25,0.1589,4.25,1.35,2.9,8.5,2.7,5.8
2019-04-15,short,10:01,10:02,7639.0,7659.25,7598.5,11:29,7626.75,time_stop,20.25,0.5383,12.25,1.35,10.9,24.5,2.7,21.8
2019-04-17,short,10:00,10:01,7687.0,7733.75,7593.5,11:29,7691.0,time_stop,46.75,-0.1144,-4.0,1.35,-5.35,-8.0,2.7,-10.7
2019-04-18,short,10:01,10:02,7682.5,7717.25,7613.0,11:29,7684.75,time_stop,34.75,-0.1036,-2.25,1.35,-3.6,-4.5,2.7,-7.2
2019-04-22,long,10:01,10:02,7701.75,7670.75,7763.75,11:29,7720.25,time_stop,31.0,0.5532,18.5,1.35,17.15,37.0,2.7,34.3
2019-04-23,long,10:02,10:03,7785.5,7739.25,7878.0,11:29,7807.5,time_stop,46.25,0.4465,22.0,1.35,20.65,44.0,2.7,41.3
2019-04-24,long,11:00,11:01,7844.75,7812.0,7910.25,11:29,7837.0,time_stop,32.75,-0.2779,-7.75,1.35,-9.1,-15.5,2.7,-18.2
2019-04-25,short,10:12,10:13,7825.75,7865.0,7747.25,11:29,7843.5,time_stop,39.25,-0.4866,-17.75,1.35,-19.1,-35.5,2.7,-38.2
2019-04-26,short,10:02,10:03,7761.75,7824.25,7636.75,11:29,7813.0,time_stop,62.5,-0.8416,-51.25,1.35,-52.6,-102.5,2.7,-105.2
2019-04-29,short,10:03,10:04,7829.75,7852.0,7785.25,10:36,7852.0,hard_stop,22.25,-1.0607,-22.25,1.35,-23.6,-44.5,2.7,-47.2
2019-04-30,short,10:36,10:37,7773.0,7807.0,7705.0,11:29,7749.75,time_stop,34.0,0.6441,23.25,1.35,21.9,46.5,2.7,43.8
2019-05-01,long,10:11,10:12,7853.25,7831.0,7897.75,11:29,7848.25,time_stop,22.25,-0.2854,-5.0,1.35,-6.35,-10.0,2.7,-12.7
2019-05-02,long,10:03,10:04,7787.0,7753.5,7854.0,11:20,7753.5,hard_stop,33.5,-1.0403,-33.5,1.35,-34.85,-67.0,2.7,-69.7
2019-05-03,long,10:01,10:02,7812.75,7782.25,7873.75,11:29,7827.0,time_stop,30.5,0.423,14.25,1.35,12.9,28.5,2.7,25.8
2019-05-06,long,10:12,10:13,7755.5,7675.75,7915.0,11:29,7781.75,time_stop,79.75,0.3122,26.25,1.35,24.9,52.5,2.7,49.8
2019-05-07,short,10:01,10:02,7694.5,7752.75,7578.0,11:29,7674.5,time_stop,58.25,0.3202,20.0,1.35,18.65,40.0,2.7,37.3
2019-05-08,long,10:59,11:00,7673.0,7599.75,7819.5,11:29,7669.0,time_stop,73.25,-0.073,-4.0,1.35,-5.35,-8.0,2.7,-10.7
2019-05-09,short,10:13,10:14,7497.75,7565.75,7361.75,11:29,7495.5,time_stop,68.0,0.0132,2.25,1.35,0.9,4.5,2.7,1.8
2019-05-10,short,10:00,10:01,7540.5,7588.5,7444.5,10:41,7444.5,tp1,48.0,1.9771,96.0,1.1,94.9,192.0,2.2,189.8
2019-05-13,short,10:01,10:02,7373.0,7445.25,7228.5,11:29,7352.25,time_stop,72.25,0.2685,20.75,1.35,19.4,41.5,2.7,38.8
2019-05-14,long,10:17,10:18,7398.75,7345.5,7505.25,11:29,7427.25,time_stop,53.25,0.5099,28.5,1.35,27.15,57.0,2.7,54.3
2019-05-15,long,10:00,10:01,7415.5,7362.75,7521.0,11:29,7508.5,time_stop,52.75,1.7374,93.0,1.35,91.65,186.0,2.7,183.3
2019-05-16,long,10:17,10:18,7588.25,7511.5,7741.75,11:29,7617.0,time_stop,76.75,0.357,28.75,1.35,27.4,57.5,2.7,54.8
2019-05-17,long,10:26,10:27,7569.25,7515.75,7676.25,11:29,7598.25,time_stop,53.5,0.5168,29.0,1.35,27.65,58.0,2.7,55.3
2019-05-20,long,10:25,10:26,7418.25,7361.25,7532.25,11:29,7408.75,time_stop,57.0,-0.1904,-9.5,1.35,-10.85,-19.0,2.7,-21.7
2019-05-22,long,10:15,10:16,7454.25,7419.75,7523.25,11:29,7451.5,time_stop,34.5,-0.1188,-2.75,1.35,-4.1,-5.5,2.7,-8.2
2019-05-23,short,10:22,10:23,7304.75,7346.25,7221.75,11:29,7323.25,time_stop,41.5,-0.4783,-18.5,1.35,-19.85,-37.0,2.7,-39.7
2019-05-28,short,10:32,10:33,7322.75,7372.0,7224.25,11:29,7327.75,time_stop,49.25,-0.1289,-5.0,1.35,-6.35,-10.0,2.7,-12.7
2019-05-29,long,10:15,10:16,7246.75,7212.25,7315.75,11:23,7212.25,hard_stop,34.5,-1.0391,-34.5,1.35,-35.85,-69.0,2.7,-71.7
2019-05-30,short,11:01,11:02,7237.0,7269.5,7172.0,11:29,7245.25,time_stop,32.5,-0.2954,-8.25,1.35,-9.6,-16.5,2.7,-19.2
2019-05-31,long,10:49,10:50,7175.75,7133.25,7260.75,11:29,7187.75,time_stop,42.5,0.2506,12.0,1.35,10.65,24.0,2.7,21.3
2019-06-03,short,10:01,10:02,7042.5,7132.75,6862.0,11:29,7088.5,time_stop,90.25,-0.5247,-46.0,1.35,-47.35,-92.0,2.7,-94.7
2019-06-04,long,10:22,10:23,7069.0,7027.0,7153.0,11:29,7131.25,time_stop,42.0,1.45,62.25,1.35,60.9,124.5,2.7,121.8
2019-06-05,short,10:16,10:17,7185.75,7242.25,7072.75,11:29,7205.75,time_stop,56.5,-0.3779,-20.0,1.35,-21.35,-40.0,2.7,-42.7
2019-06-06,short,10:29,10:30,7210.0,7247.75,7134.5,11:28,7247.75,hard_stop,37.75,-1.0358,-37.75,1.35,-39.1,-75.5,2.7,-78.2
2019-06-07,long,10:00,10:01,7378.0,7310.75,7512.5,11:29,7421.5,time_stop,67.25,0.6268,43.5,1.35,42.15,87.0,2.7,84.3
2019-06-10,long,10:06,10:07,7524.0,7468.75,7634.5,11:29,7555.5,time_stop,55.25,0.5457,31.5,1.35,30.15,63.0,2.7,60.3
2019-06-11,short,10:44,10:45,7550.5,7601.0,7449.5,11:29,7533.5,time_stop,50.5,0.3099,17.0,1.35,15.65,34.0,2.7,31.3
2019-06-12,short,10:24,10:25,7477.5,7512.75,7407.0,11:29,7481.5,time_stop,35.25,-0.1518,-4.0,1.35,-5.35,-8.0,2.7,-10.7
2019-06-13,short,11:06,11:07,7496.25,7535.0,7418.75,11:29,7507.25,time_stop,38.75,-0.3187,-11.0,1.35,-12.35,-22.0,2.7,-24.7
2019-06-14,long,10:49,10:50,7486.25,7456.0,7546.75,11:29,7480.25,time_stop,30.25,-0.243,-6.0,1.35,-7.35,-12.0,2.7,-14.7
2019-06-17,long,10:41,10:42,7576.0,7518.0,7692.0,11:29,7560.0,time_stop,58.0,-0.2991,-16.0,1.35,-17.35,-32.0,2.7,-34.7
2019-06-18,long,10:02,10:03,7709.5,7625.0,7878.5,11:29,7701.5,time_stop,84.5,-0.1107,-8.0,1.35,-9.35,-16.0,2.7,-18.7
2019-06-20,short,10:19,10:20,7772.25,7802.75,7711.25,11:29,7745.25,time_stop,30.5,0.841,27.0,1.35,25.65,54.0,2.7,51.3
2019-06-21,long,10:07,10:08,7763.75,7736.75,7817.75,11:29,7779.75,time_stop,27.0,0.5426,16.0,1.35,14.65,32.0,2.7,29.3
2019-06-25,short,10:12,10:13,7710.0,7753.0,7624.0,11:29,7690.25,time_stop,43.0,0.4279,19.75,1.35,18.4,39.5,2.7,36.8
2019-06-27,short,11:18,11:19,7674.0,7702.0,7618.0,11:29,7670.0,time_stop,28.0,0.0946,4.0,1.35,2.65,8.0,2.7,5.3
2019-07-01,short,10:22,10:23,7813.5,7850.0,7740.5,11:29,7795.5,time_stop,36.5,0.4562,18.0,1.35,16.65,36.0,2.7,33.3
2019-07-02,long,10:29,10:30,7798.25,7776.75,7841.25,11:29,7795.75,time_stop,21.5,-0.1791,-2.5,1.35,-3.85,-5.0,2.7,-7.7
2019-07-05,short,10:30,10:31,7804.0,7841.5,7729.0,11:29,7825.5,time_stop,37.5,-0.6093,-21.5,1.35,-22.85,-43.0,2.7,-45.7
2019-07-09,long,10:00,10:01,7802.75,7765.5,7877.25,11:29,7825.0,time_stop,37.25,0.5611,22.25,1.35,20.9,44.5,2.7,41.8
2019-07-10,short,11:18,11:19,7884.5,7949.75,7754.0,11:29,7893.5,time_stop,65.25,-0.1586,-9.0,1.35,-10.35,-18.0,2.7,-20.7
2019-07-11,long,10:00,10:01,7950.25,7929.75,7991.25,10:31,7929.75,hard_stop,20.5,-1.0659,-20.5,1.35,-21.85,-41.0,2.7,-43.7
2019-07-12,short,10:44,10:45,7922.0,7947.75,7870.5,11:29,7946.5,time_stop,25.75,-1.0039,-24.5,1.35,-25.85,-49.0,2.7,-51.7
2019-07-16,short,10:18,10:19,7970.5,7987.5,7936.5,11:29,7967.0,time_stop,17.0,0.1265,3.5,1.35,2.15,7.0,2.7,4.3
2019-07-17,short,10:14,10:15,7943.0,7962.75,7903.5,11:29,7934.0,time_stop,19.75,0.3873,9.0,1.35,7.65,18.0,2.7,15.3
2019-07-18,long,10:21,10:22,7905.25,7863.5,7988.75,11:21,7863.5,hard_stop,41.75,-1.0323,-41.75,1.35,-43.1,-83.5,2.7,-86.2
2019-07-19,short,10:07,10:08,7940.5,7974.5,7872.5,11:29,7931.5,time_stop,34.0,0.225,9.0,1.35,7.65,18.0,2.7,15.3
2019-07-23,short,10:09,10:10,7925.75,7963.0,7851.25,11:29,7936.75,time_stop,37.25,-0.3315,-11.0,1.35,-12.35,-22.0,2.7,-24.7
2019-07-24,long,10:31,10:32,7983.5,7938.5,8073.5,11:29,7979.0,time_stop,45.0,-0.13,-4.5,1.35,-5.85,-9.0,2.7,-11.7
2019-07-29,short,10:09,10:10,7961.25,8025.0,7833.75,11:29,7983.5,time_stop,63.75,-0.3702,-22.25,1.35,-23.6,-44.5,2.7,-47.2
2019-07-30,long,10:01,10:02,7975.75,7933.25,8060.75,11:29,7968.0,time_stop,42.5,-0.2141,-7.75,1.35,-9.1,-15.5,2.7,-18.2
2019-07-31,long,10:10,10:11,7990.25,7967.5,8035.75,10:36,7967.5,hard_stop,22.75,-1.0593,-22.75,1.35,-24.1,-45.5,2.7,-48.2
2019-08-01,long,10:06,10:07,7935.5,7867.25,8072.0,11:29,8013.25,time_stop,68.25,1.1194,77.75,1.35,76.4,155.5,2.7,152.8
2019-08-02,short,10:04,10:05,7717.0,7766.0,7619.0,11:29,7683.0,time_stop,49.0,0.6663,34.0,1.35,32.65,68.0,2.7,65.3
2019-08-05,short,10:37,10:38,7479.25,7541.0,7355.75,11:29,7481.5,time_stop,61.75,-0.0583,-2.25,1.35,-3.6,-4.5,2.7,-7.2
2019-08-06,long,10:03,10:04,7530.25,7485.25,7620.25,10:14,7485.25,hard_stop,45.0,-1.03,-45.0,1.35,-46.35,-90.0,2.7,-92.7
2019-08-07,long,10:10,10:11,7465.5,7387.25,7622.0,11:29,7493.0,time_stop,78.25,0.3342,27.5,1.35,26.15,55.0,2.7,52.3
2019-08-08,long,10:09,10:10,7627.75,7577.75,7727.75,11:29,7663.75,time_stop,50.0,0.693,36.0,1.35,34.65,72.0,2.7,69.3
2019-08-09,short,10:08,10:09,7660.75,7720.25,7541.75,11:29,7605.0,time_stop,59.5,0.9143,55.75,1.35,54.4,111.5,2.7,108.8
2019-08-13,long,10:26,10:27,7775.5,7555.0,8216.5,11:29,7708.5,time_stop,220.5,-0.31,-67.0,1.35,-68.35,-134.0,2.7,-136.7
2019-08-14,short,10:12,10:13,7584.0,7634.75,7482.5,11:29,7549.75,time_stop,50.75,0.6483,34.25,1.35,32.9,68.5,2.7,65.8
2019-08-15,short,11:20,11:21,7456.5,7535.5,7298.5,11:29,7488.25,time_stop,79.0,-0.419,-31.75,1.35,-33.1,-63.5,2.7,-66.2
2019-08-20,long,10:57,10:58,7723.5,7680.25,7810.0,11:29,7727.25,time_stop,43.25,0.0555,3.75,1.35,2.4,7.5,2.7,4.8
2019-08-23,long,10:02,10:03,7684.25,7627.75,7797.25,11:02,7627.75,hard_stop,56.5,-1.0239,-56.5,1.35,-57.85,-113.0,2.7,-115.7
2019-08-26,short,10:11,10:12,7524.0,7565.5,7441.0,11:13,7565.5,hard_stop,41.5,-1.0325,-41.5,1.35,-42.85,-83.0,2.7,-85.7
2019-08-27,short,10:23,10:24,7616.25,7648.75,7551.25,11:29,7569.75,time_stop,32.5,1.3892,46.5,1.35,45.15,93.0,2.7,90.3
2019-08-28,long,10:08,10:09,7568.0,7504.0,7696.0,11:29,7588.0,time_stop,64.0,0.2914,20.0,1.35,18.65,40.0,2.7,37.3
2019-08-29,short,10:37,10:38,7660.0,7726.25,7527.5,11:29,7709.0,time_stop,66.25,-0.76,-49.0,1.35,-50.35,-98.0,2.7,-100.7
2019-08-30,short,10:14,10:15,7712.75,7751.0,7636.25,11:29,7661.0,time_stop,38.25,1.3176,51.75,1.35,50.4,103.5,2.7,100.8
2019-09-03,short,10:04,10:05,7612.25,7677.0,7482.75,11:29,7627.0,time_stop,64.75,-0.2486,-14.75,1.35,-16.1,-29.5,2.7,-32.2
2019-09-04,short,10:07,10:08,7676.0,7705.75,7616.5,11:29,7692.5,time_stop,29.75,-0.6,-16.5,1.35,-17.85,-33.0,2.7,-35.7
2019-09-05,long,10:00,10:01,7850.75,7804.0,7944.25,11:29,7862.5,time_stop,46.75,0.2225,11.75,1.35,10.4,23.5,2.7,20.8
2019-09-09,short,10:21,10:22,7844.5,7884.25,7765.0,11:29,7871.75,time_stop,39.75,-0.7195,-27.25,1.35,-28.6,-54.5,2.7,-57.2
2019-09-11,long,10:12,10:13,7856.5,7811.25,7947.0,11:29,7864.75,time_stop,45.25,0.1525,8.25,1.35,6.9,16.5,2.7,13.8
2019-09-12,long,10:10,10:11,7972.0,7909.25,8097.5,11:29,7945.25,time_stop,62.75,-0.4478,-26.75,1.35,-28.1,-53.5,2.7,-56.2
2019-09-13,long,11:06,11:07,7923.0,7887.25,7994.5,11:29,7905.75,time_stop,35.75,-0.5203,-17.25,1.35,-18.6,-34.5,2.7,-37.2
2019-09-19,long,10:02,10:03,7965.25,7924.0,8047.75,11:29,7959.5,time_stop,41.25,-0.1721,-5.75,1.35,-7.1,-11.5,2.7,-14.2
2019-09-20,short,10:15,10:16,7924.5,7942.5,7888.5,11:29,7904.25,time_stop,18.0,1.05,20.25,1.35,18.9,40.5,2.7,37.8
2019-09-23,short,10:09,10:10,7817.0,7848.25,7754.5,11:29,7841.5,time_stop,31.25,-0.8272,-24.5,1.35,-25.85,-49.0,2.7,-51.7
2019-09-24,short,10:15,10:16,7859.0,7894.25,7788.5,11:29,7827.75,time_stop,35.25,0.8482,31.25,1.35,29.9,62.5,2.7,59.8
2019-09-25,short,10:00,10:01,7686.0,7739.75,7578.5,10:54,7739.75,hard_stop,53.75,-1.0251,-53.75,1.35,-55.1,-107.5,2.7,-110.2
2019-09-26,short,10:15,10:16,7763.5,7814.25,7662.0,11:29,7750.0,time_stop,50.75,0.2394,13.5,1.35,12.15,27.0,2.7,24.3
2019-09-27,short,10:04,10:05,7748.25,7811.25,7622.25,11:29,7789.0,time_stop,63.0,-0.6683,-40.75,1.35,-42.1,-81.5,2.7,-84.2
2019-09-30,long,10:15,10:16,7747.75,7710.25,7822.75,11:29,7755.0,time_stop,37.5,0.1573,7.25,1.35,5.9,14.5,2.7,11.8
2019-10-01,short,10:05,10:06,7790.0,7841.75,7686.5,11:29,7758.0,time_stop,51.75,0.5923,32.0,1.35,30.65,64.0,2.7,61.3
2019-10-02,short,10:01,10:02,7583.5,7652.75,7445.0,11:29,7564.0,time_stop,69.25,0.2621,19.5,1.35,18.15,39.0,2.7,36.3
2019-10-03,short,10:00,10:01,7511.0,7585.25,7362.5,11:03,7585.25,hard_stop,74.25,-1.0182,-74.25,1.35,-75.6,-148.5,2.7,-151.2
2019-10-04,long,10:00,10:01,7723.0,7681.75,7805.5,11:29,7722.0,time_stop,41.25,-0.057,-1.0,1.35,-2.35,-2.0,2.7,-4.7
2019-10-07,long,10:10,10:11,7757.0,7724.0,7823.0,11:29,7772.25,time_stop,33.0,0.4212,15.25,1.35,13.9,30.5,2.7,27.8
2019-10-08,short,10:02,10:03,7637.0,7694.0,7523.0,11:29,7648.0,time_stop,57.0,-0.2167,-11.0,1.35,-12.35,-22.0,2.7,-24.7
2019-10-10,long,10:54,10:55,7764.5,7690.75,7912.0,11:29,7779.0,time_stop,73.75,0.1783,14.5,1.35,13.15,29.0,2.7,26.3
2019-10-11,long,10:26,10:27,7890.5,7842.5,7986.5,11:29,7899.25,time_stop,48.0,0.1542,8.75,1.35,7.4,17.5,2.7,14.8
2019-10-14,long,10:08,10:09,7870.0,7835.75,7938.5,11:29,7861.75,time_stop,34.25,-0.2803,-8.25,1.35,-9.6,-16.5,2.7,-19.2
2019-10-15,long,10:06,10:07,7903.75,7871.5,7968.25,11:29,7945.75,time_stop,32.25,1.2605,42.0,1.35,40.65,84.0,2.7,81.3
2019-10-17,short,10:28,10:29,7959.5,7992.5,7893.5,11:29,7948.0,time_stop,33.0,0.3076,11.5,1.35,10.15,23.0,2.7,20.3
2019-10-21,short,10:04,10:05,7902.5,7936.5,7834.5,11:13,7936.5,hard_stop,34.0,-1.0397,-34.0,1.35,-35.35,-68.0,2.7,-70.7
2019-10-22,short,10:15,10:16,7960.25,7989.0,7902.75,11:29,7935.0,time_stop,28.75,0.8313,25.25,1.35,23.9,50.5,2.7,47.8
2019-10-23,long,10:54,10:55,7888.25,7852.75,7959.25,11:29,7895.75,time_stop,35.5,0.1732,7.5,1.35,6.15,15.0,2.7,12.3
2019-10-24,short,10:02,10:03,7923.0,7961.5,7846.0,11:29,7961.5,hard_stop,38.5,-1.0351,-38.5,1.35,-39.85,-77.0,2.7,-79.7
2019-10-25,long,10:09,10:10,7972.0,7929.0,8058.0,11:29,8031.5,time_stop,43.0,1.3523,59.5,1.35,58.15,119.0,2.7,116.3
2019-10-28,long,10:16,10:17,8099.25,8073.75,8150.25,11:29,8104.5,time_stop,25.5,0.1529,5.25,1.35,3.9,10.5,2.7,7.8
2019-10-29,short,10:01,10:02,8084.25,8114.25,8024.25,11:29,8071.25,time_stop,30.0,0.3883,13.0,1.35,11.65,26.0,2.7,23.3
2019-10-30,short,10:03,10:04,8033.75,8068.75,7963.75,11:29,8052.0,time_stop,35.0,-0.56,-18.25,1.35,-19.6,-36.5,2.7,-39.2
2019-10-31,short,10:00,10:01,8082.0,8117.75,8010.5,11:29,8082.25,time_stop,35.75,-0.0448,-0.25,1.35,-1.6,-0.5,2.7,-3.2
2019-11-01,long,10:02,10:03,8153.25,8117.25,8225.25,11:29,8139.25,time_stop,36.0,-0.4264,-14.0,1.35,-15.35,-28.0,2.7,-30.7
2019-11-04,short,10:01,10:02,8212.75,8234.0,8170.25,11:29,8207.0,time_stop,21.25,0.2071,5.75,1.35,4.4,11.5,2.7,8.8
2019-11-05,long,10:01,10:02,8233.0,8208.0,8283.0,10:09,8208.0,hard_stop,25.0,-1.054,-25.0,1.35,-26.35,-50.0,2.7,-52.7
2019-11-06,short,10:29,10:30,8186.5,8211.5,8136.5,11:29,8187.5,time_stop,25.0,-0.094,-1.0,1.35,-2.35,-2.0,2.7,-4.7
2019-11-07,long,10:15,10:16,8264.0,8233.75,8324.5,11:29,8264.25,time_stop,30.25,-0.0364,0.25,1.35,-1.1,0.5,2.7,-2.2
2019-11-08,short,10:00,10:01,8201.0,8234.0,8135.0,10:44,8234.0,hard_stop,33.0,-1.0409,-33.0,1.35,-34.35,-66.0,2.7,-68.7
2019-11-11,long,10:11,10:12,8231.0,8206.25,8280.5,11:29,8232.75,time_stop,24.75,0.0162,1.75,1.35,0.4,3.5,2.7,0.8
2019-11-12,long,10:00,10:01,8274.25,8251.75,8319.25,11:29,8295.75,time_stop,22.5,0.8956,21.5,1.35,20.15,43.0,2.7,40.3
2019-11-13,long,10:20,10:21,8265.75,8236.5,8324.25,11:29,8260.5,time_stop,29.25,-0.2256,-5.25,1.35,-6.6,-10.5,2.7,-13.2
2019-11-14,long,10:03,10:04,8260.0,8237.5,8305.0,10:56,8237.5,hard_stop,22.5,-1.06,-22.5,1.35,-23.85,-45.0,2.7,-47.7
2019-11-15,long,11:05,11:06,8319.5,8288.75,8381.0,11:29,8319.0,time_stop,30.75,-0.0602,-0.5,1.35,-1.85,-1.0,2.7,-3.7
2019-11-18,long,11:10,11:11,8315.25,8279.0,8387.75,11:29,8312.0,time_stop,36.25,-0.1269,-3.25,1.35,-4.6,-6.5,2.7,-9.2
2019-11-19,short,10:02,10:03,8337.25,8364.75,8282.25,11:29,8338.25,time_stop,27.5,-0.0855,-1.0,1.35,-2.35,-2.0,2.7,-4.7
2019-11-20,long,10:01,10:02,8334.5,8316.5,8370.5,11:29,8332.5,time_stop,18.0,-0.1861,-2.0,1.35,-3.35,-4.0,2.7,-6.7
2019-11-21,short,10:16,10:17,8259.75,8286.25,8206.75,11:29,8265.5,time_stop,26.5,-0.2679,-5.75,1.35,-7.1,-11.5,2.7,-14.2
2019-11-22,short,10:09,10:10,8276.25,8299.0,8230.75,11:29,8256.75,time_stop,22.75,0.7978,19.5,1.35,18.15,39.0,2.7,36.3
2019-11-25,long,10:06,10:07,8355.5,8311.5,8443.5,11:29,8365.0,time_stop,44.0,0.1852,9.5,1.35,8.15,19.0,2.7,16.3
2019-11-26,long,10:48,10:49,8391.5,8368.5,8437.5,11:29,8391.25,time_stop,23.0,-0.0696,-0.25,1.35,-1.6,-0.5,2.7,-3.2
2019-11-27,long,10:12,10:13,8420.75,8402.25,8457.75,11:29,8431.25,time_stop,18.5,0.4946,10.5,1.35,9.15,21.0,2.7,18.3
2019-12-02,short,10:00,10:01,8324.0,8413.75,8144.5,11:29,8297.25,time_stop,89.75,0.283,26.75,1.35,25.4,53.5,2.7,50.8
2019-12-05,short,10:05,10:06,8299.75,8327.5,8244.25,11:29,8294.25,time_stop,27.75,0.1495,5.5,1.35,4.15,11.0,2.7,8.3
2019-12-06,long,10:50,10:51,8394.0,8367.75,8446.5,11:29,8394.5,time_stop,26.25,-0.0324,0.5,1.35,-0.85,1.0,2.7,-1.7
2019-12-10,long,10:08,10:09,8372.0,8338.25,8439.5,11:29,8384.75,time_stop,33.75,0.3378,12.75,1.35,11.4,25.5,2.7,22.8
2019-12-11,long,10:01,10:02,8394.25,8363.25,8456.25,11:29,8384.0,time_stop,31.0,-0.3742,-10.25,1.35,-11.6,-20.5,2.7,-23.2
2019-12-12,long,10:00,10:01,8473.25,8380.75,8658.25,11:29,8437.0,time_stop,92.5,-0.4065,-36.25,1.35,-37.6,-72.5,2.7,-75.2
2019-12-13,long,10:01,10:02,8490.0,8440.0,8590.0,11:29,8458.25,time_stop,50.0,-0.662,-31.75,1.35,-33.1,-63.5,2.7,-66.2
2019-12-16,long,10:18,10:19,8605.5,8571.25,8674.0,11:29,8611.25,time_stop,34.25,0.1285,5.75,1.35,4.4,11.5,2.7,8.8
2019-12-18,short,10:00,10:01,8610.5,8629.25,8573.0,11:16,8629.25,hard_stop,18.75,-1.072,-18.75,1.35,-20.1,-37.5,2.7,-40.2
2019-12-19,long,10:29,10:30,8638.5,8618.0,8679.5,11:29,8650.5,time_stop,20.5,0.5195,12.0,1.35,10.65,24.0,2.7,21.3
2019-12-26,long,10:05,10:06,8761.25,8738.75,8806.25,11:29,8772.75,time_stop,22.5,0.4511,11.5,1.35,10.15,23.0,2.7,20.3
2019-12-30,short,10:14,10:15,8700.5,8793.25,8515.0,11:29,8733.5,time_stop,92.75,-0.3704,-33.0,1.35,-34.35,-66.0,2.7,-68.7
2020-01-02,short,10:15,10:16,8811.75,8852.75,8729.75,11:29,8827.75,time_stop,41.0,-0.4232,-16.0,1.35,-17.35,-32.0,2.7,-34.7
2020-01-06,long,10:10,10:11,8804.5,8728.75,8956.0,11:29,8827.5,time_stop,75.75,0.2858,23.0,1.35,21.65,46.0,2.7,43.3
2020-01-07,long,11:01,11:02,8879.75,8834.25,8970.75,11:29,8883.5,time_stop,45.5,0.0527,3.75,1.35,2.4,7.5,2.7,4.8
2020-01-09,short,11:28,11:29,8994.5,9022.5,8938.5,11:29,8999.0,time_stop,28.0,-0.2089,-4.5,1.35,-5.85,-9.0,2.7,-11.7
2020-01-13,long,11:12,11:13,9039.25,9003.5,9110.75,11:29,9042.75,time_stop,35.75,0.0601,3.5,1.35,2.15,7.0,2.7,4.3
2020-01-15,long,10:09,10:10,9088.25,9051.0,9162.75,11:29,9076.0,time_stop,37.25,-0.3651,-12.25,1.35,-13.6,-24.5,2.7,-27.2
2020-01-16,short,11:14,11:15,9085.75,9118.25,9020.75,11:29,9088.75,time_stop,32.5,-0.1338,-3.0,1.35,-4.35,-6.0,2.7,-8.7
2020-01-17,short,11:13,11:14,9134.25,9180.25,9042.25,11:29,9139.0,time_stop,46.0,-0.1326,-4.75,1.35,-6.1,-9.5,2.7,-12.2
2020-01-21,long,10:01,10:02,9177.5,9151.5,9229.5,11:29,9189.25,time_stop,26.0,0.4,11.75,1.35,10.4,23.5,2.7,20.8
2020-01-22,long,10:36,10:37,9245.75,9211.5,9314.25,11:29,9228.75,time_stop,34.25,-0.5358,-17.0,1.35,-18.35,-34.0,2.7,-36.7
2020-01-23,long,10:07,10:08,9201.5,9151.5,9301.5,11:29,9176.75,time_stop,50.0,-0.522,-24.75,1.35,-26.1,-49.5,2.7,-52.2
2020-01-24,short,10:07,10:08,9255.5,9283.5,9199.5,11:29,9228.75,time_stop,28.0,0.9071,26.75,1.35,25.4,53.5,2.7,50.8
2020-01-27,long,10:28,10:29,8992.75,8925.25,9127.75,11:29,8960.25,time_stop,67.5,-0.5015,-32.5,1.35,-33.85,-65.0,2.7,-67.7
2020-01-28,long,10:24,10:25,9049.5,9000.75,9147.0,11:29,9085.0,time_stop,48.75,0.7005,35.5,1.35,34.15,71.0,2.7,68.3
2020-01-29,short,10:00,10:01,9098.0,9159.0,8976.0,11:29,9122.5,time_stop,61.0,-0.4238,-24.5,1.35,-25.85,-49.0,2.7,-51.7
2020-01-30,short,10:45,10:46,9037.75,9115.0,8883.25,11:29,9066.25,time_stop,77.25,-0.3864,-28.5,1.35,-29.85,-57.0,2.7,-59.7
2020-01-31,short,10:08,10:09,9099.0,9184.25,8928.5,11:29,9028.25,time_stop,85.25,0.8141,70.75,1.35,69.4,141.5,2.7,138.8
2020-02-03,long,10:00,10:01,9137.75,9035.5,9342.25,11:29,9131.75,time_stop,102.25,-0.0719,-6.0,1.35,-7.35,-12.0,2.7,-14.7
2020-02-04,long,10:29,10:30,9280.0,9226.75,9386.5,11:29,9304.5,time_stop,53.25,0.4347,24.5,1.35,23.15,49.0,2.7,46.3
2020-02-05,short,10:14,10:15,9370.5,9458.0,9195.5,11:29,9356.5,time_stop,87.5,0.1446,14.0,1.35,12.65,28.0,2.7,25.3
2020-02-06,long,10:05,10:06,9415.25,9362.25,9521.25,11:29,9440.0,time_stop,53.0,0.4415,24.75,1.35,23.4,49.5,2.7,46.8
2020-02-07,long,10:31,10:32,9428.75,9384.75,9516.75,11:29,9451.25,time_stop,44.0,0.4807,22.5,1.35,21.15,45.0,2.7,42.3
2020-02-10,long,10:00,10:01,9450.25,9378.5,9593.75,11:29,9472.0,time_stop,71.75,0.2843,21.75,1.35,20.4,43.5,2.7,40.8
2020-02-11,long,10:08,10:09,9582.5,9538.5,9670.5,11:29,9594.5,time_stop,44.0,0.242,12.0,1.35,10.65,24.0,2.7,21.3
2020-02-12,short,10:07,10:08,9559.75,9604.25,9470.75,11:25,9604.25,hard_stop,44.5,-1.0303,-44.5,1.35,-45.85,-89.0,2.7,-91.7
2020-02-13,long,10:44,10:45,9594.75,9539.0,9706.25,11:29,9618.25,time_stop,55.75,0.3973,23.5,1.35,22.15,47.0,2.7,44.3
2020-02-14,short,10:11,10:12,9600.25,9640.25,9520.25,11:18,9640.25,hard_stop,40.0,-1.0337,-40.0,1.35,-41.35,-80.0,2.7,-82.7
2020-02-18,long,10:07,10:08,9626.0,9574.25,9729.5,11:29,9591.25,time_stop,51.75,-0.6976,-34.75,1.35,-36.1,-69.5,2.7,-72.2
2020-02-19,long,10:20,10:21,9717.75,9681.25,9790.75,11:29,9734.0,time_stop,36.5,0.4082,16.25,1.35,14.9,32.5,2.7,29.8
2020-02-20,long,10:06,10:07,9722.5,9685.75,9796.0,11:10,9685.75,hard_stop,36.75,-1.0367,-36.75,1.35,-38.1,-73.5,2.7,-76.2
2020-02-21,short,10:40,10:41,9478.5,9605.0,9225.5,11:29,9519.25,time_stop,126.5,-0.3328,-40.75,1.35,-42.1,-81.5,2.7,-84.2
2020-02-24,long,10:01,10:02,9191.5,9041.0,9492.5,11:29,9134.75,time_stop,150.5,-0.386,-56.75,1.35,-58.1,-113.5,2.7,-116.2
2020-02-25,short,10:20,10:21,9089.5,9191.25,8886.0,11:29,8987.25,time_stop,101.75,0.9916,102.25,1.35,100.9,204.5,2.7,201.8
2020-02-26,long,10:35,10:36,9016.5,8879.75,9290.0,11:29,9019.5,time_stop,136.75,0.0121,3.0,1.35,1.65,6.0,2.7,3.3
2020-03-02,short,10:05,10:06,8476.75,8596.25,8237.75,10:53,8596.25,hard_stop,119.5,-1.0113,-119.5,1.35,-120.85,-239.0,2.7,-241.7
2020-03-03,long,10:00,10:01,8972.0,8744.5,9427.0,11:24,8744.5,hard_stop,227.5,-1.0059,-227.5,1.35,-228.85,-455.0,2.7,-457.7
2020-03-04,long,10:23,10:24,8791.25,8665.0,9043.75,11:29,8765.75,time_stop,126.25,-0.2127,-25.5,1.35,-26.85,-51.0,2.7,-53.7
2020-03-05,long,10:18,10:19,8784.0,8701.25,8949.5,11:29,8852.5,time_stop,82.75,0.8115,68.5,1.35,67.15,137.0,2.7,134.3
2020-03-06,long,10:16,10:17,8466.25,8363.25,8672.25,11:29,8461.5,time_stop,103.0,-0.0592,-4.75,1.35,-6.1,-9.5,2.7,-12.2
2020-03-09,long,10:06,10:07,8123.0,7819.75,8729.5,11:29,8127.75,time_stop,303.25,0.0112,4.75,1.35,3.4,9.5,2.7,6.8
2020-03-10,long,10:20,10:21,8247.0,8134.75,8471.5,10:46,8134.75,hard_stop,112.25,-1.012,-112.25,1.35,-113.6,-224.5,2.7,-227.2
2020-03-11,short,10:30,10:31,8120.25,8217.0,7926.75,11:29,8075.0,time_stop,96.75,0.4537,45.25,1.35,43.9,90.5,2.7,87.8
2020-03-12,long,10:26,10:27,7583.0,7327.0,8095.0,11:29,7466.75,time_stop,256.0,-0.4594,-116.25,1.35,-117.6,-232.5,2.7,-235.2
2020-03-13,short,10:57,10:58,7465.0,7736.25,6922.5,11:29,7390.5,time_stop,271.25,0.2697,74.5,1.35,73.15,149.0,2.7,146.3
2020-03-16,long,10:35,10:36,7414.0,7022.75,8196.5,11:29,7545.0,time_stop,391.25,0.3314,131.0,1.35,129.65,262.0,2.7,259.3
2020-03-17,short,10:00,10:01,6948.0,7234.5,6375.0,10:49,7234.5,hard_stop,286.5,-1.0047,-286.5,1.35,-287.85,-573.0,2.7,-575.7
2020-03-18,long,10:03,10:04,7281.5,6961.25,7922.0,11:29,7111.5,time_stop,320.25,-0.5351,-170.0,1.35,-171.35,-340.0,2.7,-342.7
2020-03-19,long,10:05,10:06,7257.5,7009.75,7753.0,11:29,7426.0,time_stop,247.75,0.6747,168.5,1.35,167.15,337.0,2.7,334.3
2020-03-20,long,10:56,10:57,7475.25,7288.0,7849.75,11:29,7337.25,time_stop,187.25,-0.7442,-138.0,1.35,-139.35,-276.0,2.7,-278.7
2020-03-23,long,10:12,10:13,7071.75,6834.25,7546.75,11:26,6834.25,hard_stop,237.5,-1.0057,-237.5,1.35,-238.85,-475.0,2.7,-477.7
2020-03-24,long,10:25,10:26,7440.25,7324.75,7671.25,11:29,7415.0,time_stop,115.5,-0.2303,-25.25,1.35,-26.6,-50.5,2.7,-53.2
2020-03-25,short,10:00,10:01,7457.0,7664.5,7042.0,11:29,7501.5,time_stop,207.5,-0.221,-44.5,1.35,-45.85,-89.0,2.7,-91.7
2020-03-26,long,10:05,10:06,7643.5,7514.5,7901.5,11:29,7715.25,time_stop,129.0,0.5457,71.75,1.35,70.4,143.5,2.7,140.8
2020-04-02,long,10:12,10:13,7522.5,7408.5,7750.5,11:29,7544.25,time_stop,114.0,0.1789,21.75,1.35,20.4,43.5,2.7,40.8
2020-04-03,short,10:22,10:23,7563.75,7660.5,7370.25,11:29,7526.25,time_stop,96.75,0.3736,37.5,1.35,36.15,75.0,2.7,72.3
2020-04-06,long,10:02,10:03,7859.25,7749.75,8078.25,11:29,7882.25,time_stop,109.5,0.1977,23.0,1.35,21.65,46.0,2.7,43.3
2020-04-07,short,10:07,10:08,8195.75,8298.75,7989.75,11:29,8158.0,time_stop,103.0,0.3534,37.75,1.35,36.4,75.5,2.7,72.8
2020-04-08,short,10:05,10:06,8059.0,8154.5,7868.0,11:20,8154.5,hard_stop,95.5,-1.0141,-95.5,1.35,-96.85,-191.0,2.7,-193.7
2020-04-09,short,10:08,10:09,8235.5,8326.5,8053.5,11:29,8207.0,time_stop,91.0,0.2984,28.5,1.35,27.15,57.0,2.7,54.3
2020-04-13,short,11:02,11:03,8160.5,8243.75,7994.0,11:29,8202.75,time_stop,83.25,-0.5237,-42.25,1.35,-43.6,-84.5,2.7,-87.2
2020-04-14,long,10:16,10:17,8601.75,8456.75,8891.75,11:29,8565.0,time_stop,145.0,-0.2628,-36.75,1.35,-38.1,-73.5,2.7,-76.2
2020-04-15,long,10:53,10:54,8570.0,8486.25,8737.5,11:29,8548.5,time_stop,83.75,-0.2728,-21.5,1.35,-22.85,-43.0,2.7,-45.7
2020-04-16,short,10:01,10:02,8637.0,8698.25,8514.5,10:49,8698.25,hard_stop,61.25,-1.022,-61.25,1.35,-62.6,-122.5,2.7,-125.2
2020-04-17,short,10:38,10:39,8764.0,8871.75,8548.5,11:29,8725.5,time_stop,107.75,0.3448,38.5,1.35,37.15,77.0,2.7,74.3
2020-04-20,long,10:25,10:26,8791.5,8729.5,8915.5,11:29,8818.5,time_stop,62.0,0.4137,27.0,1.35,25.65,54.0,2.7,51.3
2020-04-21,short,10:19,10:20,8522.25,8652.25,8262.25,11:29,8368.5,time_stop,130.0,1.1723,153.75,1.35,152.4,307.5,2.7,304.8
2020-04-22,long,10:40,10:41,8598.75,8533.5,8729.25,11:29,8588.5,time_stop,65.25,-0.1778,-10.25,1.35,-11.6,-20.5,2.7,-23.2
2020-04-23,long,10:18,10:19,8744.0,8661.75,8908.5,11:29,8766.25,time_stop,82.25,0.2541,22.25,1.35,20.9,44.5,2.7,41.8
2020-04-27,long,10:03,10:04,8869.25,8819.0,8969.75,10:59,8819.0,hard_stop,50.25,-1.0269,-50.25,1.35,-51.6,-100.5,2.7,-103.2
2020-04-28,short,10:00,10:01,8818.25,8905.5,8643.75,11:29,8736.25,time_stop,87.25,0.9244,82.0,1.35,80.65,164.0,2.7,161.3
2020-04-29,long,10:16,10:17,8905.75,8815.75,9085.75,11:29,8924.75,time_stop,90.0,0.1961,19.0,1.35,17.65,38.0,2.7,35.3
2020-05-01,long,10:00,10:01,8845.25,8779.75,8976.25,11:29,8784.0,time_stop,65.5,-0.9557,-61.25,1.35,-62.6,-122.5,2.7,-125.2
2020-05-04,long,10:01,10:02,8725.75,8650.25,8876.75,11:29,8745.75,time_stop,75.5,0.247,20.0,1.35,18.65,40.0,2.7,37.3
2020-05-05,long,10:00,10:01,8965.25,8895.0,9105.75,11:29,8971.75,time_stop,70.25,0.0733,6.5,1.35,5.15,13.0,2.7,10.3
2020-05-06,short,10:04,10:05,8965.25,9029.25,8837.25,10:45,9029.25,hard_stop,64.0,-1.0211,-64.0,1.35,-65.35,-128.0,2.7,-130.7
2020-05-07,short,10:07,10:08,9055.5,9109.25,8948.0,11:29,9072.25,time_stop,53.75,-0.3367,-16.75,1.35,-18.1,-33.5,2.7,-36.2
2020-05-08,long,10:17,10:18,9171.5,9115.75,9283.0,11:29,9178.0,time_stop,55.75,0.0924,6.5,1.35,5.15,13.0,2.7,10.3
2020-05-11,long,10:02,10:03,9225.0,9147.25,9380.5,11:29,9260.75,time_stop,77.75,0.4424,35.75,1.35,34.4,71.5,2.7,68.8
2020-05-13,long,10:02,10:03,9147.5,9042.5,9357.5,11:29,9081.5,time_stop,105.0,-0.6414,-66.0,1.35,-67.35,-132.0,2.7,-134.7
2020-05-14,short,10:29,10:30,8852.25,8976.0,8604.75,11:29,8924.0,time_stop,123.75,-0.5907,-71.75,1.35,-73.1,-143.5,2.7,-146.2
2020-05-15,long,10:00,10:01,9019.0,8943.25,9170.5,11:29,8983.25,time_stop,75.75,-0.4898,-35.75,1.35,-37.1,-71.5,2.7,-74.2
2020-05-18,long,10:26,10:27,9298.0,9236.25,9421.5,11:29,9328.75,time_stop,61.75,0.4761,30.75,1.35,29.4,61.5,2.7,58.8
2020-05-19,long,10:01,10:02,9383.75,9313.75,9523.75,11:29,9400.25,time_stop,70.0,0.2164,16.5,1.35,15.15,33.0,2.7,30.3
2020-05-20,long,10:01,10:02,9466.25,9401.75,9595.25,11:29,9489.75,time_stop,64.5,0.3434,23.5,1.35,22.15,47.0,2.7,44.3
2020-05-21,short,10:04,10:05,9439.75,9511.0,9297.25,11:29,9382.25,time_stop,71.25,0.7881,57.5,1.35,56.15,115.0,2.7,112.3
2020-05-26,short,10:43,10:44,9479.25,9570.0,9297.75,11:29,9463.75,time_stop,90.75,0.1559,15.5,1.35,14.15,31.0,2.7,28.3
2020-05-27,short,10:01,10:02,9270.5,9385.5,9040.5,11:29,9252.75,time_stop,115.0,0.1426,17.75,1.35,16.4,35.5,2.7,32.8
2020-05-28,long,10:08,10:09,9464.25,9382.0,9628.75,11:29,9487.5,time_stop,82.25,0.2663,23.25,1.35,21.9,46.5,2.7,43.8
2020-05-29,short,10:08,10:09,9411.0,9483.25,9266.5,11:29,9416.0,time_stop,72.25,-0.0879,-5.0,1.35,-6.35,-10.0,2.7,-12.7
2020-06-01,long,10:05,10:06,9571.75,9505.5,9704.25,11:29,9548.75,time_stop,66.25,-0.3675,-23.0,1.35,-24.35,-46.0,2.7,-48.7
2020-06-02,long,10:20,10:21,9609.25,9558.0,9711.75,10:46,9558.0,hard_stop,51.25,-1.0263,-51.25,1.35,-52.6,-102.5,2.7,-105.2
2020-06-03,long,10:00,10:01,9702.0,9650.5,9805.0,11:29,9683.25,time_stop,51.5,-0.3903,-18.75,1.35,-20.1,-37.5,2.7,-40.2
2020-06-04,short,11:12,11:13,9668.75,9742.75,9520.75,11:29,9650.0,time_stop,74.0,0.2351,18.75,1.35,17.4,37.5,2.7,34.8
2020-06-05,long,10:58,10:59,9779.75,9653.0,10033.25,11:29,9809.0,time_stop,126.75,0.2201,29.25,1.35,27.9,58.5,2.7,55.8
2020-06-08,short,10:01,10:02,9767.5,9829.75,9643.0,11:29,9820.75,time_stop,62.25,-0.8771,-53.25,1.35,-54.6,-106.5,2.7,-109.2
2020-06-09,long,10:22,10:23,9912.25,9851.75,10033.25,11:29,9963.0,time_stop,60.5,0.8165,50.75,1.35,49.4,101.5,2.7,98.8
2020-06-10,long,10:00,10:01,10069.5,10023.25,10162.0,10:56,10023.25,hard_stop,46.25,-1.0292,-46.25,1.35,-47.6,-92.5,2.7,-95.2
2020-06-11,long,10:12,10:13,9957.25,9875.75,10120.25,11:01,9875.75,hard_stop,81.5,-1.0166,-81.5,1.35,-82.85,-163.0,2.7,-165.7
2020-06-12,short,10:14,10:15,9774.0,9849.5,9623.0,11:03,9623.0,tp1,75.5,1.9854,151.0,1.1,149.9,302.0,2.2,299.8
2020-06-15,long,10:03,10:04,9603.0,9483.25,9842.5,11:29,9617.75,time_stop,119.75,0.1119,14.75,1.35,13.4,29.5,2.7,26.8
2020-06-16,short,10:41,10:42,9939.0,9997.0,9823.0,10:59,9823.0,tp1,58.0,1.981,116.0,1.1,114.9,232.0,2.2,229.8
2020-06-17,short,10:18,10:19,9953.25,10018.25,9823.25,11:29,9989.5,time_stop,65.0,-0.5785,-36.25,1.35,-37.6,-72.5,2.7,-75.2
2020-06-18,long,10:09,10:10,9989.0,9941.5,10084.0,10:33,9941.5,hard_stop,47.5,-1.0284,-47.5,1.35,-48.85,-95.0,2.7,-97.7
2020-06-22,long,10:00,10:01,10023.0,9975.5,10118.0,11:29,10050.0,time_stop,47.5,0.54,27.0,1.35,25.65,54.0,2.7,51.3
2020-06-23,long,10:17,10:18,10201.5,10158.5,10287.5,11:29,10253.0,time_stop,43.0,1.1663,51.5,1.35,50.15,103.0,2.7,100.3
2020-06-24,short,10:01,10:02,10086.5,10221.75,9816.0,11:29,10022.5,time_stop,135.25,0.4632,64.0,1.35,62.65,128.0,2.7,125.3
2020-06-26,short,10:02,10:03,9988.5,10082.5,9800.5,11:29,9931.75,time_stop,94.0,0.5894,56.75,1.35,55.4,113.5,2.7,110.8
2020-06-29,long,10:26,10:27,9849.75,9728.5,10092.25,11:29,9890.0,time_stop,121.25,0.3208,40.25,1.35,38.9,80.5,2.7,77.8
2020-07-02,short,10:29,10:30,10364.5,10419.75,10254.0,11:29,10338.75,time_stop,55.25,0.4416,25.75,1.35,24.4,51.5,2.7,48.8
2020-07-06,long,10:00,10:01,10531.75,10469.75,10655.75,11:29,10605.0,time_stop,62.0,1.1597,73.25,1.35,71.9,146.5,2.7,143.8
2020-07-07,long,10:11,10:12,10636.0,10557.0,10794.0,11:29,10686.25,time_stop,79.0,0.619,50.25,1.35,48.9,100.5,2.7,97.8
2020-07-08,long,10:12,10:13,10635.75,10566.25,10774.75,11:18,10566.25,hard_stop,69.5,-1.0194,-69.5,1.35,-70.85,-139.0,2.7,-141.7
2020-07-09,short,10:17,10:18,10688.25,10748.25,10568.25,11:04,10568.25,tp1,60.0,1.9817,120.0,1.1,118.9,240.0,2.2,237.8
2020-07-10,short,10:00,10:01,10642.5,10749.75,10428.0,11:29,10723.25,time_stop,107.25,-0.7655,-80.75,1.35,-82.1,-161.5,2.7,-164.2
2020-07-13,long,10:29,10:30,10999.0,10929.25,11138.5,11:29,11052.0,time_stop,69.75,0.7405,53.0,1.35,51.65,106.0,2.7,103.3
2020-07-14,short,10:12,10:13,10378.25,10629.5,9875.75,11:29,10538.5,time_stop,251.25,-0.6432,-160.25,1.35,-161.6,-320.5,2.7,-323.2
2020-07-15,short,11:03,11:04,10663.75,10766.75,10457.75,11:29,10671.25,time_stop,103.0,-0.0859,-7.5,1.35,-8.85,-15.0,2.7,-17.7
2020-07-16,short,10:01,10:02,10533.25,10600.0,10399.75,11:29,10511.25,time_stop,66.75,0.3094,22.0,1.35,20.65,44.0,2.7,41.3
2020-07-17,short,10:24,10:25,10558.0,10650.25,10373.5,11:29,10613.75,time_stop,92.25,-0.619,-55.75,1.35,-57.1,-111.5,2.7,-114.2
2020-07-20,long,10:04,10:05,10697.0,10605.5,10880.0,11:29,10787.0,time_stop,91.5,0.9689,90.0,1.35,88.65,180.0,2.7,177.3
2020-07-21,short,10:10,10:11,10899.25,11003.0,10691.75,11:29,10881.75,time_stop,103.75,0.1557,17.5,1.35,16.15,35.0,2.7,32.3
2020-07-22,short,10:47,10:48,10818.0,10896.0,10662.0,11:29,10815.5,time_stop,78.0,0.0147,2.5,1.35,1.15,5.0,2.7,2.3
2020-07-23,short,10:13,10:14,10798.5,10872.0,10651.5,11:29,10813.75,time_stop,73.5,-0.2259,-15.25,1.35,-16.6,-30.5,2.7,-33.2
2020-07-24,long,10:20,10:21,10435.25,10300.75,10704.25,11:29,10523.25,time_stop,134.5,0.6442,88.0,1.35,86.65,176.0,2.7,173.3
2020-07-27,long,10:00,10:01,10631.25,10513.5,10866.75,11:29,10539.5,time_stop,117.75,-0.7907,-91.75,1.35,-93.1,-183.5,2.7,-186.2
2020-07-30,short,10:20,10:21,10524.75,10621.5,10331.25,11:21,10621.5,hard_stop,96.75,-1.014,-96.75,1.35,-98.1,-193.5,2.7,-196.2
2020-07-31,short,10:08,10:09,10775.0,10902.0,10521.0,11:29,10812.75,time_stop,127.0,-0.3079,-37.75,1.35,-39.1,-75.5,2.7,-78.2
2020-08-03,long,10:01,10:02,11062.5,10980.25,11227.0,11:29,11040.5,time_stop,82.25,-0.2839,-22.0,1.35,-23.35,-44.0,2.7,-46.7
2020-08-04,long,10:01,10:02,11068.0,11006.0,11192.0,11:29,11029.25,time_stop,62.0,-0.6468,-38.75,1.35,-40.1,-77.5,2.7,-80.2
2020-08-05,long,10:02,10:03,11113.75,11064.25,11212.75,11:29,11103.0,time_stop,49.5,-0.2444,-10.75,1.35,-12.1,-21.5,2.7,-24.2
2020-08-06,long,10:10,10:11,11126.0,11072.75,11232.5,11:29,11116.5,time_stop,53.25,-0.2038,-9.5,1.35,-10.85,-19.0,2.7,-21.7
2020-08-07,long,10:51,10:52,11252.75,11207.5,11343.25,11:28,11207.5,hard_stop,45.25,-1.0298,-45.25,1.35,-46.6,-90.5,2.7,-93.2
2020-08-10,short,10:05,10:06,11057.75,11147.0,10879.25,11:29,11010.25,time_stop,89.25,0.5171,47.5,1.35,46.15,95.0,2.7,92.3
2020-08-11,short,10:07,10:08,10950.5,11042.5,10766.5,11:08,11042.5,hard_stop,92.0,-1.0147,-92.0,1.35,-93.35,-184.0,2.7,-186.7
2020-08-12,long,10:07,10:08,11067.75,10957.25,11288.75,11:29,11115.75,time_stop,110.5,0.4222,48.0,1.35,46.65,96.0,2.7,93.3
2020-08-13,long,10:31,10:32,11231.5,11164.25,11366.0,11:29,11239.0,time_stop,67.25,0.0914,7.5,1.35,6.15,15.0,2.7,12.3
2020-08-14,short,10:13,10:14,11134.25,11207.0,10988.75,11:29,11149.0,time_stop,72.75,-0.2213,-14.75,1.35,-16.1,-29.5,2.7,-32.2
2020-08-17,long,10:00,10:01,11270.25,11221.25,11368.25,11:29,11263.0,time_stop,49.0,-0.1755,-7.25,1.35,-8.6,-14.5,2.7,-17.2
2020-08-18,short,10:07,10:08,11321.0,11382.25,11198.5,11:29,11348.5,time_stop,61.25,-0.471,-27.5,1.35,-28.85,-55.0,2.7,-57.7
2020-08-20,long,10:49,10:50,11378.5,11266.75,11602.0,11:29,11397.5,time_stop,111.75,0.1579,19.0,1.35,17.65,38.0,2.7,35.3
2020-08-21,long,10:25,10:26,11514.0,11455.25,11631.5,11:29,11538.25,time_stop,58.75,0.3898,24.25,1.35,22.9,48.5,2.7,45.8
2020-08-24,short,10:03,10:04,11612.5,11722.75,11392.0,11:29,11559.0,time_stop,110.25,0.473,53.5,1.35,52.15,107.0,2.7,104.3
2020-08-25,long,10:16,10:17,11633.25,11574.5,11750.75,11:29,11664.75,time_stop,58.75,0.5132,31.5,1.35,30.15,63.0,2.7,60.3
2020-08-26,long,10:24,10:25,11800.75,11762.5,11877.25,11:29,11858.75,time_stop,38.25,1.481,58.0,1.35,56.65,116.0,2.7,113.3
2020-08-27,short,10:12,10:13,11905.75,12016.0,11685.25,11:01,12016.0,hard_stop,110.25,-1.0122,-110.25,1.35,-111.6,-220.5,2.7,-223.2
2020-08-28,long,10:02,10:03,12010.25,11947.5,12135.75,11:04,11947.5,hard_stop,62.75,-1.0215,-62.75,1.35,-64.1,-125.5,2.7,-128.2
2020-08-31,long,10:19,10:20,12055.75,11993.5,12180.25,11:29,12048.0,time_stop,62.25,-0.1462,-7.75,1.35,-9.1,-15.5,2.7,-18.2
2020-09-01,long,10:00,10:01,12221.5,12124.75,12415.0,11:29,12227.75,time_stop,96.75,0.0506,6.25,1.35,4.9,12.5,2.7,9.8
2020-09-03,short,10:12,10:13,12131.0,12242.75,11907.5,10:48,11907.5,tp1,111.75,1.9902,223.5,1.1,222.4,447.0,2.2,444.8
2020-09-04,short,10:13,10:14,11489.25,11843.25,10781.25,11:29,11288.25,time_stop,354.0,0.564,201.0,1.35,199.65,402.0,2.7,399.3
2020-09-08,long,10:08,10:09,11328.25,11116.75,11751.25,11:29,11282.25,time_stop,211.5,-0.2239,-46.0,1.35,-47.35,-92.0,2.7,-94.7
2020-09-09,long,10:25,10:26,11323.5,11188.0,11594.5,11:29,11368.25,time_stop,135.5,0.3203,44.75,1.35,43.4,89.5,2.7,86.8
2020-09-10,long,10:03,10:04,11554.5,11456.25,11751.0,10:46,11456.25,hard_stop,98.25,-1.0137,-98.25,1.35,-99.6,-196.5,2.7,-199.2
2020-09-11,short,10:10,10:11,11104.5,11280.25,10753.0,11:29,11174.0,time_stop,175.75,-0.4031,-69.5,1.35,-70.85,-139.0,2.7,-141.7
2020-09-14,long,10:04,10:05,11319.0,11207.25,11542.5,11:29,11345.75,time_stop,111.75,0.2273,26.75,1.35,25.4,53.5,2.7,50.8
2020-09-15,long,10:01,10:02,11469.75,11399.75,11609.75,10:24,11399.75,hard_stop,70.0,-1.0193,-70.0,1.35,-71.35,-140.0,2.7,-142.7
2020-09-16,short,10:33,10:34,11390.5,11478.0,11215.5,11:29,11416.5,time_stop,87.5,-0.3126,-26.0,1.35,-27.35,-52.0,2.7,-54.7
2020-09-17,long,10:05,10:06,11084.0,10944.75,11362.5,11:29,11100.0,time_stop,139.25,0.1052,16.0,1.35,14.65,32.0,2.7,29.3
2020-09-18,short,10:34,10:35,11012.5,11135.25,10767.0,11:29,10951.0,time_stop,122.75,0.49,61.5,1.35,60.15,123.0,2.7,120.3
2020-09-21,short,10:29,10:30,10702.75,10840.75,10426.75,11:29,10730.5,time_stop,138.0,-0.2109,-27.75,1.35,-29.1,-55.5,2.7,-58.2
2020-09-22,short,10:59,11:00,10946.0,11075.0,10688.0,11:29,10988.75,time_stop,129.0,-0.3419,-42.75,1.35,-44.1,-85.5,2.7,-88.2
2020-09-23,short,10:05,10:06,11066.25,11161.25,10876.25,11:29,11045.0,time_stop,95.0,0.2095,21.25,1.35,19.9,42.5,2.7,39.8
2020-09-24,long,10:00,10:01,10884.5,10703.75,11246.0,11:29,10907.25,time_stop,180.75,0.1184,22.75,1.35,21.4,45.5,2.7,42.8
2020-09-25,long,10:22,10:23,10926.5,10830.25,11119.0,11:29,11014.0,time_stop,96.25,0.8951,87.5,1.35,86.15,175.0,2.7,172.3
2020-09-28,short,10:09,10:10,11250.5,11343.25,11065.0,11:29,11290.0,time_stop,92.75,-0.4404,-39.5,1.35,-40.85,-79.0,2.7,-81.7
2020-09-30,long,10:00,10:01,11421.5,11310.0,11644.5,11:29,11470.25,time_stop,111.5,0.4251,48.75,1.35,47.4,97.5,2.7,94.8
2020-10-01,short,10:00,10:01,11510.0,11568.75,11392.5,11:29,11536.25,time_stop,58.75,-0.4698,-26.25,1.35,-27.6,-52.5,2.7,-55.2
2020-10-02,long,10:01,10:02,11431.75,11301.0,11693.25,11:29,11373.5,time_stop,130.75,-0.4558,-58.25,1.35,-59.6,-116.5,2.7,-119.2
2020-10-05,long,10:00,10:01,11380.25,11321.25,11498.25,11:29,11430.5,time_stop,59.0,0.8288,50.25,1.35,48.9,100.5,2.7,97.8
2020-10-06,long,10:03,10:04,11479.75,11417.75,11603.75,11:11,11417.75,hard_stop,62.0,-1.0218,-62.0,1.35,-63.35,-124.0,2.7,-126.7
2020-10-07,short,10:12,10:13,11382.0,11438.0,11270.0,11:29,11427.75,time_stop,56.0,-0.8411,-45.75,1.35,-47.1,-91.5,2.7,-94.2
2020-10-08,short,10:20,10:21,11509.5,11577.0,11374.5,11:29,11526.75,time_stop,67.5,-0.2756,-17.25,1.35,-18.6,-34.5,2.7,-37.2
2020-10-09,long,10:03,10:04,11642.75,11588.0,11752.25,11:29,11661.75,time_stop,54.75,0.3224,19.0,1.35,17.65,38.0,2.7,35.3
2020-10-12,long,10:53,10:54,11952.25,11867.0,12122.75,11:29,12006.25,time_stop,85.25,0.6176,54.0,1.35,52.65,108.0,2.7,105.3
2020-10-13,long,11:21,11:22,12163.25,12031.75,12426.25,11:29,12154.25,time_stop,131.5,-0.0787,-9.0,1.35,-10.35,-18.0,2.7,-20.7
2020-10-14,short,10:25,10:26,12059.25,12153.25,11871.25,11:29,12056.75,time_stop,94.0,0.0122,2.5,1.35,1.15,5.0,2.7,2.3
2020-10-16,long,10:00,10:01,11972.0,11926.5,12063.0,11:10,11926.5,hard_stop,45.5,-1.0297,-45.5,1.35,-46.85,-91.0,2.7,-93.7
2020-10-19,short,10:00,10:01,11869.25,11950.75,11706.25,11:29,11800.75,time_stop,81.5,0.8239,68.5,1.35,67.15,137.0,2.7,134.3
2020-10-20,long,10:05,10:06,11718.0,11631.5,11891.0,11:00,11631.5,hard_stop,86.5,-1.0156,-86.5,1.35,-87.85,-173.0,2.7,-175.7
2020-10-21,short,11:15,11:16,11653.25,11779.5,11400.75,11:29,11668.0,time_stop,126.25,-0.1275,-14.75,1.35,-16.1,-29.5,2.7,-32.2
2020-10-22,short,10:00,10:01,11657.5,11724.25,11524.0,10:44,11524.0,tp1,66.75,1.9835,133.5,1.1,132.4,267.0,2.2,264.8
2020-10-23,short,10:00,10:01,11585.25,11679.25,11397.25,11:29,11594.25,time_stop,94.0,-0.1101,-9.0,1.35,-10.35,-18.0,2.7,-20.7
2020-10-26,long,10:02,10:03,11686.75,11566.25,11927.75,10:49,11566.25,hard_stop,120.5,-1.0112,-120.5,1.35,-121.85,-241.0,2.7,-243.7
2020-10-27,short,10:22,10:23,11494.75,11578.25,11327.75,11:12,11578.25,hard_stop,83.5,-1.0162,-83.5,1.35,-84.85,-167.0,2.7,-169.7
2020-10-28,short,10:16,10:17,11247.75,11423.25,10896.75,11:29,11219.75,time_stop,175.5,0.1519,28.0,1.35,26.65,56.0,2.7,53.3
2020-10-29,long,10:03,10:04,11284.5,11170.25,11513.0,11:29,11323.5,time_stop,114.25,0.3295,39.0,1.35,37.65,78.0,2.7,75.3
2020-10-30,short,10:13,10:14,11122.75,11281.5,10805.25,11:29,11005.25,time_stop,158.75,0.7317,117.5,1.35,116.15,235.0,2.7,232.3
2020-11-02,short,11:12,11:13,11099.0,11212.25,10872.5,11:29,11076.25,time_stop,113.25,0.189,22.75,1.35,21.4,45.5,2.7,42.8
2020-11-03,long,10:00,10:01,11207.5,11101.0,11420.5,11:29,11308.75,time_stop,106.5,0.938,101.25,1.35,99.9,202.5,2.7,199.8
2020-11-04,long,10:04,10:05,11689.5,11556.75,11955.0,11:29,11752.0,time_stop,132.75,0.4606,62.5,1.35,61.15,125.0,2.7,122.3
2020-11-05,long,10:01,10:02,12091.0,11972.5,12328.0,11:29,12058.0,time_stop,118.5,-0.2899,-33.0,1.35,-34.35,-66.0,2.7,-68.7
2020-11-09,long,10:04,10:05,12214.5,12041.75,12560.0,11:29,12185.5,time_stop,172.75,-0.1757,-29.0,1.35,-30.35,-58.0,2.7,-60.7
2020-11-10,short,10:22,10:23,11590.75,11749.75,11272.75,11:29,11655.25,time_stop,159.0,-0.4142,-64.5,1.35,-65.85,-129.0,2.7,-131.7
2020-11-11,long,10:30,10:31,11836.25,11702.75,12103.25,11:29,11820.75,time_stop,133.5,-0.1262,-15.5,1.35,-16.85,-31.0,2.7,-33.7
2020-11-12,long,10:41,10:42,11971.5,11879.75,12155.0,11:29,11915.25,time_stop,91.75,-0.6278,-56.25,1.35,-57.6,-112.5,2.7,-115.2
2020-11-16,long,10:22,10:23,11990.5,11887.5,12196.5,11:29,11995.5,time_stop,103.0,0.0354,5.0,1.35,3.65,10.0,2.7,7.3
2020-11-19,long,10:38,10:39,11939.5,11841.5,12135.5,11:29,11947.0,time_stop,98.0,0.0628,7.5,1.35,6.15,15.0,2.7,12.3
2020-11-23,short,10:06,10:07,11942.25,12002.0,11822.75,11:13,11822.75,tp1,59.75,1.9816,119.5,1.1,118.4,239.0,2.2,236.8
2020-11-24,long,10:41,10:42,11962.0,11872.5,12141.0,11:29,12015.25,time_stop,89.5,0.5799,53.25,1.35,51.9,106.5,2.7,103.8
2020-11-25,short,10:04,10:05,12092.5,12145.5,11986.5,11:29,12113.5,time_stop,53.0,-0.4217,-21.0,1.35,-22.35,-42.0,2.7,-44.7
2020-11-30,short,10:28,10:29,12213.5,12300.25,12040.0,11:29,12154.75,time_stop,86.75,0.6617,58.75,1.35,57.4,117.5,2.7,114.8
2020-12-01,long,10:00,10:01,12397.75,12334.0,12525.25,11:29,12429.5,time_stop,63.75,0.4769,31.75,1.35,30.4,63.5,2.7,60.8
2020-12-02,long,10:12,10:13,12400.0,12312.25,12575.5,11:29,12436.5,time_stop,87.75,0.4006,36.5,1.35,35.15,73.0,2.7,70.3
2020-12-03,long,10:03,10:04,12512.75,12463.25,12611.75,11:09,12463.25,hard_stop,49.5,-1.0273,-49.5,1.35,-50.85,-99.0,2.7,-101.7
2020-12-04,long,10:05,10:06,12510.75,12448.25,12635.75,11:29,12511.5,time_stop,62.5,-0.0096,0.75,1.35,-0.6,1.5,2.7,-1.2
2020-12-07,long,10:01,10:02,12591.0,12525.5,12722.0,11:29,12601.75,time_stop,65.5,0.1435,10.75,1.35,9.4,21.5,2.7,18.8
2020-12-08,short,10:20,10:21,12516.75,12587.5,12375.25,11:29,12561.75,time_stop,70.75,-0.6551,-45.0,1.35,-46.35,-90.0,2.7,-92.7
2020-12-09,short,10:11,10:12,12582.75,12641.75,12464.75,11:29,12600.5,time_stop,59.0,-0.3237,-17.75,1.35,-19.1,-35.5,2.7,-38.2
2020-12-10,long,10:08,10:09,12394.0,12218.0,12746.0,11:29,12435.5,time_stop,176.0,0.2281,41.5,1.35,40.15,83.0,2.7,80.3
2020-12-11,long,10:13,10:14,12357.0,12274.5,12522.0,11:29,12284.0,time_stop,82.5,-0.9012,-73.0,1.35,-74.35,-146.0,2.7,-148.7
2020-12-14,long,10:00,10:01,12522.5,12419.0,12729.5,11:29,12524.0,time_stop,103.5,0.0014,1.5,1.35,0.15,3.0,2.7,0.3
2020-12-15,short,10:38,10:39,12537.5,12585.25,12442.0,11:29,12494.0,time_stop,47.75,0.8827,43.5,1.35,42.15,87.0,2.7,84.3
2020-12-16,long,10:37,10:38,12630.25,12571.75,12747.25,11:29,12633.0,time_stop,58.5,0.0239,2.75,1.35,1.4,5.5,2.7,2.8
2020-12-17,short,10:04,10:05,12726.0,12762.75,12652.5,11:29,12724.5,time_stop,36.75,0.0041,1.5,1.35,0.15,3.0,2.7,0.3
2020-12-18,short,10:00,10:01,12711.0,12788.0,12557.0,11:29,12689.0,time_stop,77.0,0.2682,22.0,1.35,20.65,44.0,2.7,41.3
2020-12-21,short,10:03,10:04,12552.0,12649.0,12358.0,11:29,12544.5,time_stop,97.0,0.0634,7.5,1.35,6.15,15.0,2.7,12.3
2020-12-22,short,11:01,11:02,12676.75,12754.5,12521.25,11:29,12682.5,time_stop,77.75,-0.0913,-5.75,1.35,-7.1,-11.5,2.7,-14.2
2020-12-28,short,10:05,10:06,12778.5,12820.25,12695.0,11:02,12820.25,hard_stop,41.75,-1.0323,-41.75,1.35,-43.1,-83.5,2.7,-86.2
2020-12-29,short,10:01,10:02,12844.5,12918.5,12696.5,11:29,12873.5,time_stop,74.0,-0.4101,-29.0,1.35,-30.35,-58.0,2.7,-60.7
2020-12-30,short,10:13,10:14,12845.25,12910.0,12715.75,11:29,12856.5,time_stop,64.75,-0.1946,-11.25,1.35,-12.6,-22.5,2.7,-25.2
2021-01-04,short,10:11,10:12,12854.0,12941.5,12679.0,11:29,12720.0,time_stop,87.5,1.516,134.0,1.35,132.65,268.0,2.7,265.3
2021-01-05,long,10:04,10:05,12772.75,12650.0,13018.25,11:29,12731.0,time_stop,122.75,-0.3511,-41.75,1.35,-43.1,-83.5,2.7,-86.2
2021-01-06,long,10:10,10:11,12686.25,12551.0,12956.75,11:29,12772.0,time_stop,135.25,0.624,85.75,1.35,84.4,171.5,2.7,168.8
2021-01-07,long,10:00,10:01,12841.5,12725.75,13073.0,11:29,12897.5,time_stop,115.75,0.4721,56.0,1.35,54.65,112.0,2.7,109.3
2021-01-08,short,10:26,10:27,12979.5,13052.25,12834.0,11:06,13052.25,hard_stop,72.75,-1.0186,-72.75,1.35,-74.1,-145.5,2.7,-148.2
2021-01-11,long,10:06,10:07,12980.25,12892.0,13156.75,11:29,12978.75,time_stop,88.25,-0.0323,-1.5,1.35,-2.85,-3.0,2.7,-5.7
2021-01-13,long,10:35,10:36,12946.5,12864.25,13111.0,11:29,12973.0,time_stop,82.25,0.3058,26.5,1.35,25.15,53.0,2.7,50.3
2021-01-14,long,10:41,10:42,13016.5,12968.5,13112.5,11:29,12998.5,time_stop,48.0,-0.4031,-18.0,1.35,-19.35,-36.0,2.7,-38.7
2021-01-15,short,10:03,10:04,12873.0,12931.5,12756.0,10:23,12756.0,tp1,58.5,1.9812,117.0,1.1,115.9,234.0,2.2,231.8
2021-01-19,short,11:18,11:19,12856.25,12930.5,12707.75,11:29,12868.0,time_stop,74.25,-0.1764,-11.75,1.35,-13.1,-23.5,2.7,-26.2
2021-01-20,long,10:07,10:08,13201.5,13120.75,13363.0,11:29,13243.25,time_stop,80.75,0.5003,41.75,1.35,40.4,83.5,2.7,80.8
2021-01-21,long,10:10,10:11,13345.5,13283.0,13470.5,11:29,13375.75,time_stop,62.5,0.4624,30.25,1.35,28.9,60.5,2.7,57.8
2021-01-25,short,10:44,10:45,13495.75,13554.75,13377.75,10:58,13377.75,tp1,59.0,1.9814,118.0,1.1,116.9,236.0,2.2,233.8
2021-01-26,long,10:48,10:49,13512.75,13426.5,13685.25,11:29,13482.5,time_stop,86.25,-0.3664,-30.25,1.35,-31.6,-60.5,2.7,-63.2
2021-01-28,long,10:15,10:16,13256.25,13128.0,13512.75,11:29,13274.0,time_stop,128.25,0.1279,17.75,1.35,16.4,35.5,2.7,32.8
2021-01-29,long,10:24,10:25,13147.0,12997.75,13445.5,11:22,12997.75,hard_stop,149.25,-1.009,-149.25,1.35,-150.6,-298.5,2.7,-301.2
2021-02-01,long,10:43,10:44,13119.5,12970.0,13418.5,11:29,13155.0,time_stop,149.5,0.2284,35.5,1.35,34.15,71.0,2.7,68.3
2021-02-02,long,10:18,10:19,13432.25,13344.75,13607.25,11:29,13428.25,time_stop,87.5,-0.0611,-4.0,1.35,-5.35,-8.0,2.7,-10.7
2021-02-03,short,10:10,10:11,13460.0,13548.0,13284.0,11:29,13430.5,time_stop,88.0,0.3199,29.5,1.35,28.15,59.0,2.7,56.3
2021-02-04,short,10:02,10:03,13403.5,13480.5,13249.5,11:29,13444.25,time_stop,77.0,-0.5468,-40.75,1.35,-42.1,-81.5,2.7,-84.2
2021-02-05,short,10:02,10:03,13530.5,13593.5,13404.5,11:29,13547.0,time_stop,63.0,-0.2833,-16.5,1.35,-17.85,-33.0,2.7,-35.7
2021-02-09,long,10:00,10:01,13712.0,13645.0,13846.0,11:29,13677.0,time_stop,67.0,-0.5425,-35.0,1.35,-36.35,-70.0,2.7,-72.7
2021-02-10,short,10:12,10:13,13712.75,13762.25,13613.75,10:22,13613.75,tp1,49.5,1.9778,99.0,1.1,97.9,198.0,2.2,195.8
2021-02-11,long,10:50,10:51,13741.0,13681.75,13859.5,11:29,13722.0,time_stop,59.25,-0.3435,-19.0,1.35,-20.35,-38.0,2.7,-40.7
2021-02-12,long,10:14,10:15,13707.25,13645.75,13830.25,11:29,13743.0,time_stop,61.5,0.5593,35.75,1.35,34.4,71.5,2.7,68.8
2021-02-16,long,10:31,10:32,13870.5,13811.25,13989.0,11:08,13811.25,hard_stop,59.25,-1.0228,-59.25,1.35,-60.6,-118.5,2.7,-121.2
2021-02-17,short,10:21,10:22,13603.5,13692.75,13425.0,11:29,13578.25,time_stop,89.25,0.2678,25.25,1.35,23.9,50.5,2.7,47.8
2021-02-18,short,10:06,10:07,13513.0,13583.75,13371.5,11:29,13546.25,time_stop,70.75,-0.489,-33.25,1.35,-34.6,-66.5,2.7,-69.2
2021-02-19,short,10:11,10:12,13636.75,13700.75,13508.75,11:29,13692.5,time_stop,64.0,-0.8922,-55.75,1.35,-57.1,-111.5,2.7,-114.2
2021-02-22,long,10:00,10:01,13441.75,13358.25,13608.75,10:22,13358.25,hard_stop,83.5,-1.0162,-83.5,1.35,-84.85,-167.0,2.7,-169.7
2021-02-23,long,10:26,10:27,13019.75,12757.0,13545.25,11:29,13029.5,time_stop,262.75,0.032,9.75,1.35,8.4,19.5,2.7,16.8
2021-02-24,short,10:01,10:02,13000.75,13121.5,12759.25,11:05,13121.5,hard_stop,120.75,-1.0112,-120.75,1.35,-122.1,-241.5,2.7,-244.2
2021-02-25,short,10:04,10:05,13171.25,13290.25,12933.25,11:29,13100.5,time_stop,119.0,0.5832,70.75,1.35,69.4,141.5,2.7,138.8
2021-02-26,short,10:00,10:01,12844.5,13032.25,12469.0,11:29,12933.0,time_stop,187.75,-0.4786,-88.5,1.35,-89.85,-177.0,2.7,-179.7
2021-03-01,long,10:17,10:18,13118.0,13040.25,13273.5,11:29,13183.25,time_stop,77.75,0.8219,65.25,1.35,63.9,130.5,2.7,127.8
2021-03-02,short,10:29,10:30,13157.0,13303.25,12864.5,11:29,13154.0,time_stop,146.25,0.0113,3.0,1.35,1.65,6.0,2.7,3.3
2021-03-03,short,10:06,10:07,12890.75,13052.25,12567.75,11:29,12962.0,time_stop,161.5,-0.4495,-71.25,1.35,-72.6,-142.5,2.7,-145.2
2021-03-04,short,10:03,10:04,12563.75,12765.25,12160.75,11:02,12765.25,hard_stop,201.5,-1.0067,-201.5,1.35,-202.85,-403.0,2.7,-405.7
2021-03-05,short,10:23,10:24,12349.0,12606.25,11834.5,11:29,12231.25,time_stop,257.25,0.4525,117.75,1.35,116.4,235.5,2.7,232.8
2021-03-08,long,10:30,10:31,12709.25,12526.5,13074.75,11:29,12627.5,time_stop,182.75,-0.4547,-81.75,1.35,-83.1,-163.5,2.7,-166.2
2021-03-09,long,10:01,10:02,12726.0,12586.75,13004.5,11:29,12743.0,time_stop,139.25,0.1124,17.0,1.35,15.65,34.0,2.7,31.3
2021-03-10,short,10:21,10:22,12852.0,12979.75,12596.5,11:29,12837.75,time_stop,127.75,0.101,14.25,1.35,12.9,28.5,2.7,25.8
2021-03-11,short,10:18,10:19,12922.5,13007.25,12753.0,10:49,13007.25,hard_stop,84.75,-1.0159,-84.75,1.35,-86.1,-169.5,2.7,-172.2
2021-03-12,short,10:27,10:28,12782.25,12895.0,12556.75,11:29,12835.75,time_stop,112.75,-0.4865,-53.5,1.35,-54.85,-107.0,2.7,-109.7
2021-03-15,long,10:12,10:13,12984.0,12896.75,13158.5,11:29,12915.25,time_stop,87.25,-0.8034,-68.75,1.35,-70.1,-137.5,2.7,-140.2
2021-03-16,long,10:01,10:02,13235.0,13132.0,13441.0,11:29,13271.25,time_stop,103.0,0.3388,36.25,1.35,34.9,72.5,2.7,69.8
2021-03-17,long,10:10,10:11,13044.5,12934.0,13265.5,11:29,13005.5,time_stop,110.5,-0.3652,-39.0,1.35,-40.35,-78.0,2.7,-80.7
2021-03-18,short,10:10,10:11,12925.75,13022.5,12732.25,11:29,12971.75,time_stop,96.75,-0.4894,-46.0,1.35,-47.35,-92.0,2.7,-94.7
2021-03-19,short,10:04,10:05,12710.0,12837.75,12454.5,10:52,12837.75,hard_stop,127.75,-1.0106,-127.75,1.35,-129.1,-255.5,2.7,-258.2
2021-03-22,long,10:00,10:01,13023.75,12927.5,13216.25,11:29,13075.75,time_stop,96.25,0.5262,52.0,1.35,50.65,104.0,2.7,101.3
2021-03-23,long,10:10,10:11,13126.25,13050.25,13278.25,11:29,13150.5,time_stop,76.0,0.3013,24.25,1.35,22.9,48.5,2.7,45.8
2021-03-24,short,10:16,10:17,12942.0,13072.5,12681.0,11:29,13029.0,time_stop,130.5,-0.677,-87.0,1.35,-88.35,-174.0,2.7,-176.7
2021-03-25,long,10:01,10:02,12805.0,12688.5,13038.0,10:49,12688.5,hard_stop,116.5,-1.0116,-116.5,1.35,-117.85,-233.0,2.7,-235.7
2021-03-26,long,10:02,10:03,12840.25,12753.5,13013.75,11:29,12773.25,time_stop,86.75,-0.7879,-67.0,1.35,-68.35,-134.0,2.7,-136.7
2021-03-29,short,10:00,10:01,12842.75,12978.25,12571.75,11:29,12880.75,time_stop,135.5,-0.2904,-38.0,1.35,-39.35,-76.0,2.7,-78.7
2021-03-30,short,10:19,10:20,12795.0,12888.5,12608.0,11:29,12874.75,time_stop,93.5,-0.8674,-79.75,1.35,-81.1,-159.5,2.7,-162.2
2021-03-31,long,10:00,10:01,13069.5,12952.75,13303.0,11:29,13101.0,time_stop,116.75,0.2582,31.5,1.35,30.15,63.0,2.7,60.3
2021-04-01,long,10:09,10:10,13306.25,13241.5,13435.75,11:29,13290.0,time_stop,64.75,-0.2718,-16.25,1.35,-17.6,-32.5,2.7,-35.2
2021-04-05,long,10:09,10:10,13490.0,13409.0,13652.0,11:29,13525.5,time_stop,81.0,0.4216,35.5,1.35,34.15,71.0,2.7,68.3
2021-04-06,long,10:00,10:01,13598.0,13538.5,13717.0,11:29,13632.0,time_stop,59.5,0.5487,34.0,1.35,32.65,68.0,2.7,65.3
2021-04-07,long,10:01,10:02,13588.5,13512.25,13741.0,11:29,13594.75,time_stop,76.25,0.0643,6.25,1.35,4.9,12.5,2.7,9.8
2021-04-08,short,10:12,10:13,13701.75,13754.0,13597.25,11:29,13728.25,time_stop,52.25,-0.533,-26.5,1.35,-27.85,-53.0,2.7,-55.7
2021-04-09,long,10:03,10:04,13732.0,13658.0,13880.0,11:29,13723.25,time_stop,74.0,-0.1365,-8.75,1.35,-10.1,-17.5,2.7,-20.2
2021-04-12,short,10:42,10:43,13741.0,13809.75,13603.5,11:29,13784.0,time_stop,68.75,-0.6451,-43.0,1.35,-44.35,-86.0,2.7,-88.7
2021-04-14,short,10:23,10:24,13939.5,13988.75,13841.0,11:29,13881.0,time_stop,49.25,1.1604,58.5,1.35,57.15,117.0,2.7,114.3
2021-04-15,long,10:27,10:28,13981.5,13922.75,14099.0,11:29,13970.75,time_stop,58.75,-0.206,-10.75,1.35,-12.1,-21.5,2.7,-24.2
2021-04-19,short,10:06,10:07,13929.0,14013.5,13760.0,11:29,13924.0,time_stop,84.5,0.0432,5.0,1.35,3.65,10.0,2.7,7.3
2021-04-20,short,10:40,10:41,13849.0,13930.0,13687.0,11:29,13753.25,time_stop,81.0,1.1654,95.75,1.35,94.4,191.5,2.7,188.8
2021-04-21,long,10:25,10:26,13810.75,13700.25,14031.75,11:29,13847.25,time_stop,110.5,0.3181,36.5,1.35,35.15,73.0,2.7,70.3
2021-04-22,long,10:30,10:31,13918.5,13855.25,14045.0,11:29,13904.75,time_stop,63.25,-0.2387,-13.75,1.35,-15.1,-27.5,2.7,-30.2
2021-04-23,long,10:03,10:04,13839.25,13775.75,13966.25,11:29,13909.0,time_stop,63.5,1.0772,69.75,1.35,68.4,139.5,2.7,136.8
2021-04-26,long,10:06,10:07,13952.5,13902.0,14053.5,11:29,13978.5,time_stop,50.5,0.4881,26.0,1.35,24.65,52.0,2.7,49.3
2021-04-27,short,10:00,10:01,13933.75,14035.0,13731.25,11:29,13955.0,time_stop,101.25,-0.2232,-21.25,1.35,-22.6,-42.5,2.7,-45.2
2021-04-28,long,10:06,10:07,13975.0,13885.25,14154.5,11:29,13915.5,time_stop,89.75,-0.678,-59.5,1.35,-60.85,-119.0,2.7,-121.7
2021-04-29,short,10:00,10:01,13946.75,14061.0,13718.25,11:29,13926.75,time_stop,114.25,0.1632,20.0,1.35,18.65,40.0,2.7,37.3
2021-04-30,long,10:11,10:12,13910.0,13840.25,14049.5,11:29,13868.0,time_stop,69.75,-0.6215,-42.0,1.35,-43.35,-84.0,2.7,-86.7
2021-05-03,long,10:07,10:08,13924.5,13850.75,14072.0,10:53,13850.75,hard_stop,73.75,-1.0183,-73.75,1.35,-75.1,-147.5,2.7,-150.2
2021-05-04,short,10:01,10:02,13521.0,13696.75,13169.5,11:29,13451.0,time_stop,175.75,0.3906,70.0,1.35,68.65,140.0,2.7,137.3
2021-05-05,short,10:00,10:01,13573.5,13665.75,13389.0,11:29,13591.5,time_stop,92.25,-0.2098,-18.0,1.35,-19.35,-36.0,2.7,-38.7
2021-05-06,short,10:01,10:02,13417.25,13509.25,13233.25,11:29,13493.25,time_stop,92.0,-0.8408,-76.0,1.35,-77.35,-152.0,2.7,-154.7
2021-05-07,long,10:07,10:08,13754.75,13661.25,13941.75,11:29,13793.5,time_stop,93.5,0.4,38.75,1.35,37.4,77.5,2.7,74.8
2021-05-10,short,10:03,10:04,13508.5,13658.0,13209.5,11:29,13494.25,time_stop,149.5,0.0863,14.25,1.35,12.9,28.5,2.7,25.8
2021-05-11,long,11:21,11:22,13272.75,13084.5,13649.25,11:29,13309.75,time_stop,188.25,0.1894,37.0,1.35,35.65,74.0,2.7,71.3
2021-05-12,short,10:12,10:13,13115.25,13231.75,12882.25,11:29,13071.0,time_stop,116.5,0.3682,44.25,1.35,42.9,88.5,2.7,85.8
2021-05-13,long,10:00,10:01,13178.75,13086.5,13363.25,11:29,13096.75,time_stop,92.25,-0.9035,-82.0,1.35,-83.35,-164.0,2.7,-166.7
2021-05-14,long,10:01,10:02,13268.75,13208.5,13389.25,11:29,13332.25,time_stop,60.25,1.0315,63.5,1.35,62.15,127.0,2.7,124.3
2021-05-17,short,10:01,10:02,13251.5,13343.25,13068.0,11:29,13263.5,time_stop,91.75,-0.1455,-12.0,1.35,-13.35,-24.0,2.7,-26.7
2021-05-18,long,10:25,10:26,13365.5,13299.75,13497.0,11:29,13372.0,time_stop,65.75,0.0783,6.5,1.35,5.15,13.0,2.7,10.3
2021-05-19,long,10:25,10:26,13082.75,12969.25,13309.75,11:29,13125.5,time_stop,113.5,0.3648,42.75,1.35,41.4,85.5,2.7,82.8
2021-05-20,long,10:01,10:02,13399.75,13281.0,13637.25,11:29,13469.5,time_stop,118.75,0.576,69.75,1.35,68.4,139.5,2.7,136.8
2021-05-21,short,10:18,10:19,13481.25,13570.25,13303.25,11:29,13439.75,time_stop,89.0,0.4511,41.5,1.35,40.15,83.0,2.7,80.3
2021-05-24,long,10:00,10:01,13590.0,13493.25,13783.5,11:29,13644.75,time_stop,96.75,0.5519,54.75,1.35,53.4,109.5,2.7,106.8
2021-05-25,short,10:01,10:02,13649.25,13732.75,13482.25,11:29,13633.75,time_stop,83.5,0.1695,15.5,1.35,14.15,31.0,2.7,28.3
2021-05-26,short,10:02,10:03,13659.5,13709.0,13560.5,10:53,13709.0,hard_stop,49.5,-1.0273,-49.5,1.35,-50.85,-99.0,2.7,-101.7
2021-05-27,long,10:17,10:18,13696.75,13643.75,13802.75,11:29,13691.0,time_stop,53.0,-0.134,-5.75,1.35,-7.1,-11.5,2.7,-14.2
2021-06-01,short,10:04,10:05,13700.5,13773.25,13555.0,11:29,13648.25,time_stop,72.75,0.6997,52.25,1.35,50.9,104.5,2.7,101.8
2021-06-03,long,10:59,11:00,13578.75,13462.0,13812.25,11:29,13568.25,time_stop,116.75,-0.1015,-10.5,1.35,-11.85,-21.0,2.7,-23.7
2021-06-04,long,10:00,10:01,13705.75,13605.25,13906.75,11:29,13764.5,time_stop,100.5,0.5711,58.75,1.35,57.4,117.5,2.7,114.8
2021-06-07,short,10:19,10:20,13715.25,13764.75,13616.25,11:29,13724.25,time_stop,49.5,-0.2091,-9.0,1.35,-10.35,-18.0,2.7,-20.7
2021-06-08,short,10:00,10:01,13826.0,13917.5,13643.0,11:29,13770.25,time_stop,91.5,0.5945,55.75,1.35,54.4,111.5,2.7,108.8
2021-06-09,short,10:11,10:12,13837.75,13904.5,13704.25,11:29,13851.25,time_stop,66.75,-0.2225,-13.5,1.35,-14.85,-27.0,2.7,-29.7
2021-06-11,short,11:03,11:04,13937.0,13985.75,13839.5,11:29,13971.25,time_stop,48.75,-0.7303,-34.25,1.35,-35.6,-68.5,2.7,-71.2
2021-06-15,short,10:25,10:26,14062.25,14122.75,13941.25,11:29,14049.75,time_stop,60.5,0.1843,12.5,1.35,11.15,25.0,2.7,22.3
2021-06-16,long,10:07,10:08,14091.75,14042.25,14190.75,11:29,14050.0,time_stop,49.5,-0.8707,-41.75,1.35,-43.1,-83.5,2.7,-86.2
2021-06-17,long,10:02,10:03,14035.5,13931.75,14243.0,11:29,14160.0,time_stop,103.75,1.187,124.5,1.35,123.15,249.0,2.7,246.3
2021-06-18,short,11:12,11:13,14043.0,14131.75,13865.5,11:29,14015.0,time_stop,88.75,0.3003,28.0,1.35,26.65,56.0,2.7,53.3
2021-06-21,long,10:10,10:11,14074.25,13958.25,14306.25,11:29,14105.75,time_stop,116.0,0.2599,31.5,1.35,30.15,63.0,2.7,60.3
2021-06-22,long,10:31,10:32,14179.0,14107.25,14322.5,11:29,14206.75,time_stop,71.75,0.3679,27.75,1.35,26.4,55.5,2.7,52.8
2021-06-23,short,11:04,11:05,14252.75,14312.0,14134.25,11:29,14270.75,time_stop,59.25,-0.3266,-18.0,1.35,-19.35,-36.0,2.7,-38.7
2021-06-24,long,10:05,10:06,14388.5,14343.75,14478.0,11:29,14395.5,time_stop,44.75,0.1263,7.0,1.35,5.65,14.0,2.7,11.3
2021-06-25,short,10:11,10:12,14325.75,14390.75,14195.75,11:29,14354.5,time_stop,65.0,-0.4631,-28.75,1.35,-30.1,-57.5,2.7,-60.2
2021-06-28,long,10:01,10:02,14461.5,14390.5,14603.5,11:29,14474.75,time_stop,71.0,0.1676,13.25,1.35,11.9,26.5,2.7,23.8
2021-06-30,long,11:00,11:01,14573.25,14519.5,14680.75,11:29,14548.75,time_stop,53.75,-0.4809,-24.5,1.35,-25.85,-49.0,2.7,-51.7
2021-07-01,short,10:20,10:21,14511.5,14570.25,14394.0,11:29,14491.5,time_stop,58.75,0.3174,20.0,1.35,18.65,40.0,2.7,37.3
2021-07-06,long,10:07,10:08,14778.25,14737.75,14859.25,10:33,14737.75,hard_stop,40.5,-1.0333,-40.5,1.35,-41.85,-81.0,2.7,-83.7
2021-07-07,short,10:03,10:04,14811.25,14884.0,14665.75,11:29,14766.5,time_stop,72.75,0.5966,44.75,1.35,43.4,89.5,2.7,86.8
2021-07-08,long,10:05,10:06,14644.25,14540.25,14852.25,11:29,14645.0,time_stop,104.0,-0.0058,0.75,1.35,-0.6,1.5,2.7,-1.2
2021-07-09,long,10:23,10:24,14725.75,14667.75,14841.75,11:29,14796.75,time_stop,58.0,1.2009,71.0,1.35,69.65,142.0,2.7,139.3
2021-07-12,short,10:01,10:02,14808.5,14888.75,14648.0,11:29,14828.25,time_stop,80.25,-0.2629,-19.75,1.35,-21.1,-39.5,2.7,-42.2
2021-07-13,long,10:00,10:01,14931.0,14842.0,15109.0,11:29,14989.75,time_stop,89.0,0.6449,58.75,1.35,57.4,117.5,2.7,114.8
2021-07-14,long,10:04,10:05,14992.0,14934.75,15106.5,11:28,14934.75,hard_stop,57.25,-1.0236,-57.25,1.35,-58.6,-114.5,2.7,-117.2
2021-07-15,short,10:28,10:29,14787.75,14902.5,14558.25,11:29,14818.0,time_stop,114.75,-0.2754,-30.25,1.35,-31.6,-60.5,2.7,-63.2
2021-07-16,short,10:08,10:09,14797.25,14869.75,14652.25,11:29,14710.5,time_stop,72.5,1.1779,86.75,1.35,85.4,173.5,2.7,170.8
2021-07-19,short,10:01,10:02,14458.25,14573.75,14227.25,11:29,14533.0,time_stop,115.5,-0.6589,-74.75,1.35,-76.1,-149.5,2.7,-152.2
2021-07-20,long,10:20,10:21,14608.25,14516.5,14791.75,11:29,14662.0,time_stop,91.75,0.5711,53.75,1.35,52.4,107.5,2.7,104.8
2021-07-21,long,10:24,10:25,14761.0,14692.0,14899.0,11:29,14774.25,time_stop,69.0,0.1725,13.25,1.35,11.9,26.5,2.7,23.8
2021-07-22,long,10:26,10:27,14900.75,14839.25,15023.75,11:29,14894.5,time_stop,61.5,-0.1236,-6.25,1.35,-7.6,-12.5,2.7,-15.2
2021-07-23,long,10:17,10:18,14999.0,14934.0,15129.0,11:29,15057.75,time_stop,65.0,0.8831,58.75,1.35,57.4,117.5,2.7,114.8
2021-07-26,long,10:00,10:01,15102.25,15040.0,15226.75,11:29,15106.0,time_stop,62.25,0.0386,3.75,1.35,2.4,7.5,2.7,4.8
2021-07-27,short,10:05,10:06,15016.25,15107.25,14834.25,11:29,14871.25,time_stop,91.0,1.5786,145.0,1.35,143.65,290.0,2.7,287.3
2021-07-28,long,10:17,10:18,15037.5,14901.25,15310.0,11:29,15015.5,time_stop,136.25,-0.1714,-22.0,1.35,-23.35,-44.0,2.7,-46.7
2021-07-29,long,11:01,11:02,15081.75,14982.0,15281.25,11:29,15069.75,time_stop,99.75,-0.1338,-12.0,1.35,-13.35,-24.0,2.7,-26.7
2021-07-30,long,10:00,10:01,14962.0,14865.75,15154.5,11:29,14937.5,time_stop,96.25,-0.2686,-24.5,1.35,-25.85,-49.0,2.7,-51.7
2021-08-02,long,11:22,11:23,15047.25,14935.5,15270.75,11:29,15043.0,time_stop,111.75,-0.0501,-4.25,1.35,-5.6,-8.5,2.7,-11.2
2021-08-03,short,10:07,10:08,14889.0,15009.0,14649.0,11:29,14888.25,time_stop,120.0,-0.005,0.75,1.35,-0.6,1.5,2.7,-1.2
2021-08-04,short,10:20,10:21,15007.75,15069.75,14883.75,11:29,15025.0,time_stop,62.0,-0.3,-17.25,1.35,-18.6,-34.5,2.7,-37.2
2021-08-05,long,10:19,10:20,15130.75,15072.75,15246.75,11:29,15151.0,time_stop,58.0,0.3259,20.25,1.35,18.9,40.5,2.7,37.8
2021-08-06,short,10:05,10:06,15097.5,15150.25,14992.0,11:29,15087.5,time_stop,52.75,0.164,10.0,1.35,8.65,20.0,2.7,17.3
2021-08-10,long,10:00,10:01,15155.25,15116.5,15232.75,10:18,15116.5,hard_stop,38.75,-1.0348,-38.75,1.35,-40.1,-77.5,2.7,-80.2
2021-08-11,short,10:11,10:12,15042.75,15119.25,14889.75,11:29,14996.25,time_stop,76.5,0.5902,46.5,1.35,45.15,93.0,2.7,90.3
2021-08-12,long,10:19,10:20,15008.25,14946.25,15132.25,11:29,15044.0,time_stop,62.0,0.5548,35.75,1.35,34.4,71.5,2.7,68.8
2021-08-13,long,10:11,10:12,15109.75,15068.0,15193.25,11:29,15111.75,time_stop,41.75,0.0156,2.0,1.35,0.65,4.0,2.7,1.3
2021-08-16,short,10:06,10:07,15015.75,15112.5,14822.25,11:29,14958.25,time_stop,96.75,0.5804,57.5,1.35,56.15,115.0,2.7,112.3
2021-08-17,long,10:43,10:44,15048.25,14954.75,15235.25,11:29,14983.0,time_stop,93.5,-0.7123,-65.25,1.35,-66.6,-130.5,2.7,-133.2
2021-08-19,long,10:01,10:02,14846.0,14763.5,15011.0,11:29,14912.25,time_stop,82.5,0.7867,66.25,1.35,64.9,132.5,2.7,129.8
2021-08-20,long,10:03,10:04,15048.25,14958.75,15227.25,11:29,15049.25,time_stop,89.5,-0.0039,1.0,1.35,-0.35,2.0,2.7,-0.7
2021-08-23,long,10:01,10:02,15212.25,15124.5,15387.75,11:29,15272.0,time_stop,87.75,0.6655,59.75,1.35,58.4,119.5,2.7,116.8
2021-08-24,long,10:09,10:10,15361.0,15312.75,15457.5,11:29,15341.25,time_stop,48.25,-0.4373,-19.75,1.35,-21.1,-39.5,2.7,-42.2
2021-08-25,short,10:09,10:10,15357.25,15397.25,15277.25,11:29,15360.5,time_stop,40.0,-0.115,-3.25,1.35,-4.6,-6.5,2.7,-9.2
2021-08-27,long,10:02,10:03,15364.25,15284.0,15524.75,11:29,15382.5,time_stop,80.25,0.2106,18.25,1.35,16.9,36.5,2.7,33.8
2021-08-30,long,10:02,10:03,15534.25,15455.0,15692.75,11:29,15568.0,time_stop,79.25,0.4088,33.75,1.35,32.4,67.5,2.7,64.8
2021-09-02,short,10:03,10:04,15639.5,15682.25,15554.0,11:29,15652.0,time_stop,42.75,-0.324,-12.5,1.35,-13.85,-25.0,2.7,-27.7
2021-09-03,long,10:01,10:02,15646.25,15554.0,15830.75,11:29,15643.0,time_stop,92.25,-0.0499,-3.25,1.35,-4.6,-6.5,2.7,-9.2
2021-09-07,short,10:12,10:13,15611.75,15669.0,15497.25,10:49,15669.0,hard_stop,57.25,-1.0236,-57.25,1.35,-58.6,-114.5,2.7,-117.2
2021-09-08,short,10:32,10:33,15607.5,15667.5,15487.5,11:29,15583.25,time_stop,60.0,0.3817,24.25,1.35,22.9,48.5,2.7,45.8
2021-09-09,short,11:26,11:27,15617.75,15676.0,15501.25,11:29,15614.5,time_stop,58.25,0.0326,3.25,1.35,1.9,6.5,2.7,3.8
2021-09-10,short,10:02,10:03,15632.75,15668.25,15561.75,10:55,15561.75,tp1,35.5,1.969,71.0,1.1,69.9,142.0,2.2,139.8
2021-09-13,short,10:01,10:02,15407.25,15557.75,15106.25,11:29,15378.0,time_stop,150.5,0.1854,29.25,1.35,27.9,58.5,2.7,55.8
2021-09-14,short,10:00,10:01,15412.75,15524.5,15189.25,11:29,15444.75,time_stop,111.75,-0.2984,-32.0,1.35,-33.35,-64.0,2.7,-66.7
2021-09-15,short,10:12,10:13,15317.25,15433.75,15084.25,11:29,15351.25,time_stop,116.5,-0.3034,-34.0,1.35,-35.35,-68.0,2.7,-70.7
2021-09-16,short,10:03,10:04,15386.5,15473.0,15213.5,11:29,15380.25,time_stop,86.5,0.0566,6.25,1.35,4.9,12.5,2.7,9.8
2021-09-17,short,10:05,10:06,15382.0,15485.25,15175.5,11:29,15331.0,time_stop,103.25,0.4809,51.0,1.35,49.65,102.0,2.7,99.3
2021-09-20,short,10:20,10:21,15022.75,15151.5,14765.25,11:29,15038.5,time_stop,128.75,-0.1328,-15.75,1.35,-17.1,-31.5,2.7,-34.2
2021-09-21,short,10:06,10:07,15028.25,15132.0,14820.75,11:29,15049.0,time_stop,103.75,-0.213,-20.75,1.35,-22.1,-41.5,2.7,-44.2
2021-09-22,long,10:00,10:01,15080.75,15014.5,15213.25,11:29,15140.25,time_stop,66.25,0.8777,59.5,1.35,58.15,119.0,2.7,116.3
2021-09-23,long,10:02,10:03,15303.5,15181.75,15547.0,11:29,15293.0,time_stop,121.75,-0.0973,-10.5,1.35,-11.85,-21.0,2.7,-23.7
2021-09-24,long,10:00,10:01,15259.5,15189.5,15399.5,11:29,15210.5,time_stop,70.0,-0.7193,-49.0,1.35,-50.35,-98.0,2.7,-100.7
2021-09-27,long,11:04,11:05,15221.5,15083.75,15497.0,11:29,15167.5,time_stop,137.75,-0.4018,-54.0,1.35,-55.35,-108.0,2.7,-110.7
2021-09-28,short,10:01,10:02,14902.75,15029.25,14649.75,11:29,14789.75,time_stop,126.5,0.8826,113.0,1.35,111.65,226.0,2.7,223.3
2021-09-30,short,10:30,10:31,14802.25,14879.0,14648.75,11:29,14830.25,time_stop,76.75,-0.3824,-28.0,1.35,-29.35,-56.0,2.7,-58.7
2021-10-01,short,10:15,10:16,14572.25,14735.75,14245.25,11:29,14665.25,time_stop,163.5,-0.5771,-93.0,1.35,-94.35,-186.0,2.7,-188.7
2021-10-04,short,10:02,10:03,14546.5,14720.25,14199.0,11:29,14447.25,time_stop,173.75,0.5635,99.25,1.35,97.9,198.5,2.7,195.8
2021-10-05,long,10:03,10:04,14607.5,14497.25,14828.0,11:29,14689.25,time_stop,110.25,0.7293,81.75,1.35,80.4,163.5,2.7,160.8
2021-10-06,short,10:01,10:02,14507.75,14638.75,14245.75,10:22,14638.75,hard_stop,131.0,-1.0103,-131.0,1.35,-132.35,-262.0,2.7,-264.7
2021-10-07,long,10:00,10:01,14956.75,14859.0,15152.25,11:29,14966.75,time_stop,97.75,0.0885,10.0,1.35,8.65,20.0,2.7,17.3
2021-10-08,short,10:40,10:41,14839.5,14943.25,14632.0,11:29,14848.0,time_stop,103.75,-0.0949,-8.5,1.35,-9.85,-17.0,2.7,-19.7
2021-10-11,long,10:00,10:01,14876.25,14721.75,15185.25,11:29,14861.0,time_stop,154.5,-0.1074,-15.25,1.35,-16.6,-30.5,2.7,-33.2
2021-10-12,short,10:36,10:37,14653.25,14779.25,14401.25,11:29,14673.25,time_stop,126.0,-0.1694,-20.0,1.35,-21.35,-40.0,2.7,-42.7
2021-10-13,short,10:11,10:12,14691.5,14779.0,14516.5,11:29,14700.25,time_stop,87.5,-0.1154,-8.75,1.35,-10.1,-17.5,2.7,-20.2
2021-10-14,long,10:01,10:02,14967.0,14890.25,15120.5,11:29,14995.0,time_stop,76.75,0.3472,28.0,1.35,26.65,56.0,2.7,53.3
2021-10-15,long,10:57,10:58,15101.0,15049.0,15205.0,11:29,15106.0,time_stop,52.0,0.0702,5.0,1.35,3.65,10.0,2.7,7.3
2021-10-18,long,10:05,10:06,15149.0,15051.75,15343.5,11:29,15192.25,time_stop,97.25,0.4308,43.25,1.35,41.9,86.5,2.7,83.8
2021-10-19,long,10:28,10:29,15359.5,15301.75,15475.0,11:29,15372.25,time_stop,57.75,0.1974,12.75,1.35,11.4,25.5,2.7,22.8
2021-10-20,short,10:00,10:01,15391.25,15439.25,15295.25,10:30,15439.25,hard_stop,48.0,-1.0281,-48.0,1.35,-49.35,-96.0,2.7,-98.7
2021-10-21,long,10:08,10:09,15399.25,15333.75,15530.25,11:29,15404.0,time_stop,65.5,0.0519,4.75,1.35,3.4,9.5,2.7,6.8
2021-10-22,long,10:29,10:30,15462.75,15385.25,15617.75,11:15,15385.25,hard_stop,77.5,-1.0174,-77.5,1.35,-78.85,-155.0,2.7,-157.7
2021-10-26,long,10:07,10:08,15666.0,15579.75,15838.5,11:29,15665.75,time_stop,86.25,-0.0186,-0.25,1.35,-1.6,-0.5,2.7,-3.2
2021-10-27,long,10:54,10:55,15648.75,15558.5,15829.25,11:29,15650.25,time_stop,90.25,0.0017,1.5,1.35,0.15,3.0,2.7,0.3
2021-10-28,long,10:08,10:09,15695.0,15635.25,15814.5,11:29,15738.75,time_stop,59.75,0.7096,43.75,1.35,42.4,87.5,2.7,84.8
2021-10-29,long,10:08,10:09,15700.25,15615.5,15869.75,11:29,15731.0,time_stop,84.75,0.3469,30.75,1.35,29.4,61.5,2.7,58.8
2021-11-01,short,10:00,10:01,15794.0,15868.75,15644.5,11:29,15844.5,time_stop,74.75,-0.6936,-50.5,1.35,-51.85,-101.0,2.7,-103.7
2021-11-03,short,10:04,10:05,15939.0,15997.5,15822.0,11:29,15961.5,time_stop,58.5,-0.4077,-22.5,1.35,-23.85,-45.0,2.7,-47.7
2021-11-04,long,10:02,10:03,16258.75,16156.75,16462.75,11:29,16249.75,time_stop,102.0,-0.1015,-9.0,1.35,-10.35,-18.0,2.7,-20.7
2021-11-08,short,10:40,10:41,16308.5,16394.25,16137.0,11:29,16360.25,time_stop,85.75,-0.6192,-51.75,1.35,-53.1,-103.5,2.7,-106.2
2021-11-10,long,10:04,10:05,16182.5,16041.5,16464.5,11:29,16148.75,time_stop,141.0,-0.2489,-33.75,1.35,-35.1,-67.5,2.7,-70.2
2021-11-11,short,10:16,10:17,16048.25,16110.75,15923.25,11:29,16073.0,time_stop,62.5,-0.4176,-24.75,1.35,-26.1,-49.5,2.7,-52.2
2021-11-12,long,10:46,10:47,16084.75,16001.5,16251.25,11:29,16181.75,time_stop,83.25,1.1489,97.0,1.35,95.65,194.0,2.7,191.3
2021-11-15,short,10:10,10:11,16184.5,16254.5,16044.5,11:29,16163.25,time_stop,70.0,0.2843,21.25,1.35,19.9,42.5,2.7,39.8
2021-11-16,long,10:16,10:17,16254.75,16149.0,16466.25,11:29,16297.25,time_stop,105.75,0.3891,42.5,1.35,41.15,85.0,2.7,82.3
2021-11-17,long,10:12,10:13,16323.25,16269.75,16430.25,11:29,16354.75,time_stop,53.5,0.5636,31.5,1.35,30.15,63.0,2.7,60.3
2021-11-18,short,10:10,10:11,16349.25,16421.25,16205.25,11:29,16385.75,time_stop,72.0,-0.5257,-36.5,1.35,-37.85,-73.0,2.7,-75.7
2021-11-22,long,10:01,10:02,16745.25,16638.0,16959.75,11:12,16638.0,hard_stop,107.25,-1.0126,-107.25,1.35,-108.6,-214.5,2.7,-217.2
2021-11-23,short,10:13,10:14,16276.75,16419.0,15992.25,11:29,16247.0,time_stop,142.25,0.1996,29.75,1.35,28.4,59.5,2.7,56.8
2021-11-24,long,10:01,10:02,16218.0,16101.75,16450.5,11:29,16313.5,time_stop,116.25,0.8099,95.5,1.35,94.15,191.0,2.7,188.3
2021-11-29,long,10:02,10:03,16308.75,16208.25,16509.75,11:29,16290.25,time_stop,100.5,-0.1975,-18.5,1.35,-19.85,-37.0,2.7,-39.7
2021-11-30,long,10:00,10:01,16427.25,16318.75,16644.25,10:46,16318.75,hard_stop,108.5,-1.0124,-108.5,1.35,-109.85,-217.0,2.7,-219.7
2021-12-01,long,10:01,10:02,16357.75,16270.25,16532.75,11:29,16406.0,time_stop,87.5,0.536,48.25,1.35,46.9,96.5,2.7,93.8
2021-12-02,long,10:03,10:04,16024.75,15788.25,16497.75,10:43,15788.25,hard_stop,236.5,-1.0057,-236.5,1.35,-237.85,-473.0,2.7,-475.7
2021-12-03,short,10:01,10:02,15782.25,16090.75,15165.25,11:29,15708.5,time_stop,308.5,0.2347,73.75,1.35,72.4,147.5,2.7,144.8
2021-12-06,long,10:15,10:16,15769.75,15559.0,16191.25,11:29,15705.25,time_stop,210.75,-0.3125,-64.5,1.35,-65.85,-129.0,2.7,-131.7
2021-12-07,long,10:01,10:02,16236.75,16118.75,16472.75,11:29,16279.5,time_stop,118.0,0.3508,42.75,1.35,41.4,85.5,2.7,82.8
2021-12-09,short,10:07,10:08,16319.75,16414.5,16130.25,11:29,16334.25,time_stop,94.75,-0.1673,-14.5,1.35,-15.85,-29.0,2.7,-31.7
2021-12-10,short,10:46,10:47,16199.5,16326.25,15946.0,11:29,16211.25,time_stop,126.75,-0.1034,-11.75,1.35,-13.1,-23.5,2.7,-26.2
2021-12-13,short,10:21,10:22,16243.0,16339.75,16049.5,11:29,16161.0,time_stop,96.75,0.8336,82.0,1.35,80.65,164.0,2.7,161.3
2021-12-14,short,10:43,10:44,15855.5,15999.0,15568.5,11:29,15812.75,time_stop,143.5,0.2885,42.75,1.35,41.4,85.5,2.7,82.8
2021-12-15,short,11:13,11:14,15821.5,15928.0,15608.5,11:29,15813.5,time_stop,106.5,0.0624,8.0,1.35,6.65,16.0,2.7,13.3
2021-12-16,short,10:00,10:01,16165.0,16342.25,15810.5,11:29,16057.75,time_stop,177.25,0.5975,107.25,1.35,105.9,214.5,2.7,211.8
2021-12-17,long,10:45,10:46,15846.0,15656.75,16224.5,11:29,15920.0,time_stop,189.25,0.3839,74.0,1.35,72.65,148.0,2.7,145.3
2021-12-20,short,10:58,10:59,15533.5,15659.0,15282.5,11:29,15524.25,time_stop,125.5,0.0629,9.25,1.35,7.9,18.5,2.7,15.8
2021-12-21,short,10:03,10:04,15660.75,15798.5,15385.25,11:29,15722.5,time_stop,137.75,-0.4581,-61.75,1.35,-63.1,-123.5,2.7,-126.2
2021-12-22,long,10:38,10:39,16062.25,15933.0,16320.75,11:29,16115.0,time_stop,129.25,0.3977,52.75,1.35,51.4,105.5,2.7,102.8
2021-12-23,long,10:00,10:01,16245.0,16176.25,16382.5,11:29,16296.0,time_stop,68.75,0.7222,51.0,1.35,49.65,102.0,2.7,99.3
2021-12-27,long,10:02,10:03,16452.75,16344.25,16669.75,11:29,16518.5,time_stop,108.5,0.5935,65.75,1.35,64.4,131.5,2.7,128.8
2021-12-28,short,10:09,10:10,16520.0,16608.75,16342.5,11:29,16527.5,time_stop,88.75,-0.0997,-7.5,1.35,-8.85,-15.0,2.7,-17.7
2021-12-29,short,10:11,10:12,16461.5,16549.75,16285.0,11:29,16448.0,time_stop,88.25,0.1377,13.5,1.35,12.15,27.0,2.7,24.3
2021-12-30,long,10:05,10:06,16525.0,16449.0,16677.0,11:29,16545.0,time_stop,76.0,0.2454,20.0,1.35,18.65,40.0,2.7,37.3
2021-12-31,short,10:01,10:02,16360.5,16464.25,16153.0,11:29,16398.75,time_stop,103.75,-0.3817,-38.25,1.35,-39.6,-76.5,2.7,-79.2
2022-01-04,short,10:01,10:02,16427.5,16512.25,16258.0,10:55,16258.0,tp1,84.75,1.987,169.5,1.1,168.4,339.0,2.2,336.8
2022-01-05,long,10:00,10:01,16228.5,16102.75,16480.0,11:29,16170.75,time_stop,125.75,-0.47,-57.75,1.35,-59.1,-115.5,2.7,-118.2
2022-01-06,short,10:03,10:04,15661.0,15850.75,15281.5,10:57,15850.75,hard_stop,189.75,-1.0071,-189.75,1.35,-191.1,-379.5,2.7,-382.2
2022-01-07,short,10:20,10:21,15669.25,15828.0,15351.75,11:29,15611.75,time_stop,158.75,0.3537,57.5,1.35,56.15,115.0,2.7,112.3
2022-01-10,short,10:02,10:03,15230.0,15415.25,14859.5,11:29,15321.75,time_stop,185.25,-0.5026,-91.75,1.35,-93.1,-183.5,2.7,-186.2
2022-01-11,long,10:04,10:05,15620.5,15474.75,15912.0,11:29,15750.25,time_stop,145.75,0.881,129.75,1.35,128.4,259.5,2.7,256.8
2022-01-12,long,10:10,10:11,16000.5,15884.25,16233.0,10:41,15884.25,hard_stop,116.25,-1.0116,-116.25,1.35,-117.6,-232.5,2.7,-235.2
2022-01-13,short,10:03,10:04,15913.25,15980.0,15779.75,10:50,15779.75,tp1,66.75,1.9835,133.5,1.1,132.4,267.0,2.2,264.8
2022-01-18,long,10:06,10:07,15394.25,15271.5,15639.75,11:29,15291.25,time_stop,122.75,-0.8501,-103.0,1.35,-104.35,-206.0,2.7,-208.7
2022-01-19,short,10:32,10:33,15249.5,15368.25,15012.0,11:29,15149.5,time_stop,118.75,0.8307,100.0,1.35,98.65,200.0,2.7,197.3
2022-01-20,long,10:02,10:03,15287.25,15160.0,15541.75,11:29,15298.25,time_stop,127.25,0.0758,11.0,1.35,9.65,22.0,2.7,19.3
2022-01-21,short,10:01,10:02,14609.5,14818.75,14191.0,10:56,14818.75,hard_stop,209.25,-1.0065,-209.25,1.35,-210.6,-418.5,2.7,-421.2
2022-01-24,short,10:09,10:10,14038.0,14263.75,13586.5,11:29,14025.25,time_stop,225.75,0.0505,12.75,1.35,11.4,25.5,2.7,22.8
2022-01-25,short,10:01,10:02,14062.25,14305.0,13576.75,11:29,14126.5,time_stop,242.75,-0.2702,-64.25,1.35,-65.6,-128.5,2.7,-131.2
2022-01-26,long,10:03,10:04,14511.0,14350.0,14833.0,10:44,14350.0,hard_stop,161.0,-1.0084,-161.0,1.35,-162.35,-322.0,2.7,-324.7
2022-01-27,long,10:14,10:15,14401.5,14231.75,14741.0,10:31,14231.75,hard_stop,169.75,-1.008,-169.75,1.35,-171.1,-339.5,2.7,-342.2
2022-01-28,long,10:54,10:55,14110.0,13866.75,14596.5,11:29,14217.0,time_stop,243.25,0.4343,107.0,1.35,105.65,214.0,2.7,211.3
2022-01-31,long,10:00,10:01,14644.0,14416.0,15100.0,11:29,14672.75,time_stop,228.0,0.1202,28.75,1.35,27.4,57.5,2.7,54.8
2022-02-01,short,10:00,10:01,14782.25,14952.25,14442.25,11:29,14890.75,time_stop,170.0,-0.6462,-108.5,1.35,-109.85,-217.0,2.7,-219.7
2022-02-02,short,11:02,11:03,15025.0,15178.25,14718.5,11:29,15001.0,time_stop,153.25,0.1478,24.0,1.35,22.65,48.0,2.7,45.3
2022-02-03,long,10:20,10:21,14823.5,14677.25,15116.0,11:29,14724.5,time_stop,146.25,-0.6862,-99.0,1.35,-100.35,-198.0,2.7,-200.7
2022-02-04,long,10:00,10:01,14606.75,14432.5,14955.25,11:29,14541.0,time_stop,174.25,-0.3851,-65.75,1.35,-67.1,-131.5,2.7,-134.2
2022-02-07,short,11:17,11:18,14655.75,14806.5,14354.25,11:29,14669.75,time_stop,150.75,-0.1018,-14.0,1.35,-15.35,-28.0,2.7,-30.7
2022-02-08,short,10:00,10:01,14494.5,14588.25,14307.0,10:46,14588.25,hard_stop,93.75,-1.0144,-93.75,1.35,-95.1,-187.5,2.7,-190.2
2022-02-09,short,10:19,10:20,14859.25,14951.5,14674.75,11:00,14951.5,hard_stop,92.25,-1.0146,-92.25,1.35,-93.6,-184.5,2.7,-187.2
2022-02-10,long,10:02,10:03,14954.0,14734.75,15392.5,11:29,14904.75,time_stop,219.25,-0.2308,-49.25,1.35,-50.6,-98.5,2.7,-101.2
2022-02-11,short,10:13,10:14,14616.0,14767.0,14314.0,11:29,14574.5,time_stop,151.0,0.2659,41.5,1.35,40.15,83.0,2.7,80.3
2022-02-14,long,11:19,11:20,14337.75,14181.75,14649.75,11:29,14358.25,time_stop,156.0,0.1228,20.5,1.35,19.15,41.0,2.7,38.3
2022-02-15,long,10:41,10:42,14525.5,14444.75,14687.0,11:29,14520.75,time_stop,80.75,-0.0755,-4.75,1.35,-6.1,-9.5,2.7,-12.2
2022-02-17,short,10:19,10:20,14369.75,14495.25,14118.75,11:29,14395.75,time_stop,125.5,-0.2179,-26.0,1.35,-27.35,-52.0,2.7,-54.7
2022-02-18,short,10:30,10:31,14067.75,14221.0,13761.25,11:29,14033.75,time_stop,153.25,0.2131,34.0,1.35,32.65,68.0,2.7,65.3
2022-02-22,long,10:29,10:30,14105.0,13861.75,14591.5,11:29,13893.0,time_stop,243.25,-0.8771,-212.0,1.35,-213.35,-424.0,2.7,-426.7
2022-02-23,short,10:00,10:01,13878.5,14031.25,13573.0,11:29,13737.0,time_stop,152.75,0.9175,141.5,1.35,140.15,283.0,2.7,280.3
2022-02-24,long,10:14,10:15,13377.5,13057.75,14017.0,11:29,13494.75,time_stop,319.75,0.3625,117.25,1.35,115.9,234.5,2.7,231.8
2022-02-25,short,10:00,10:01,13854.25,14013.75,13535.25,10:31,14013.75,hard_stop,159.5,-1.0085,-159.5,1.35,-160.85,-319.0,2.7,-321.7
2022-02-28,long,10:36,10:37,14152.5,14027.0,14403.5,11:29,14264.75,time_stop,125.5,0.8837,112.25,1.35,110.9,224.5,2.7,221.8
2022-03-01,long,10:21,10:22,14262.0,14153.5,14479.0,10:44,14153.5,hard_stop,108.5,-1.0124,-108.5,1.35,-109.85,-217.0,2.7,-219.7
2022-03-02,short,10:09,10:10,13990.0,14130.0,13710.0,11:04,14130.0,hard_stop,140.0,-1.0096,-140.0,1.35,-141.35,-280.0,2.7,-282.7
2022-03-03,short,10:06,10:07,14223.25,14355.75,13958.25,11:29,14102.25,time_stop,132.5,0.903,121.0,1.35,119.65,242.0,2.7,239.3
2022-03-04,short,10:11,10:12,13830.75,13995.75,13500.75,11:29,13780.5,time_stop,165.0,0.2964,50.25,1.35,48.9,100.5,2.7,97.8
2022-03-07,short,10:00,10:01,13669.5,13880.0,13248.5,11:29,13614.5,time_stop,210.5,0.2549,55.0,1.35,53.65,110.0,2.7,107.3
2022-03-08,short,10:00,10:01,13212.75,13374.25,12889.75,11:29,13197.25,time_stop,161.5,0.0876,15.5,1.35,14.15,31.0,2.7,28.3
2022-03-09,long,10:02,10:03,13625.75,13495.75,13885.75,11:29,13596.0,time_stop,130.0,-0.2392,-29.75,1.35,-31.1,-59.5,2.7,-62.2
2022-03-10,long,10:19,10:20,13605.5,13486.0,13844.5,10:33,13486.0,hard_stop,119.5,-1.0113,-119.5,1.35,-120.85,-239.0,2.7,-241.7
2022-03-11,short,10:00,10:01,13541.0,13723.75,13175.5,11:29,13474.75,time_stop,182.75,0.3551,66.25,1.35,64.9,132.5,2.7,129.8
2022-03-14,long,10:11,10:12,13359.5,13204.75,13669.0,11:29,13258.75,time_stop,154.75,-0.6598,-100.75,1.35,-102.1,-201.5,2.7,-204.2
2022-03-15,long,10:04,10:05,13217.25,13087.25,13477.25,11:29,13355.25,time_stop,130.0,1.0512,138.0,1.35,136.65,276.0,2.7,273.3
2022-03-16,long,10:01,10:02,13750.0,13612.0,14026.0,11:29,13820.5,time_stop,138.0,0.5011,70.5,1.35,69.15,141.0,2.7,138.3
2022-03-17,long,10:04,10:05,13992.0,13818.75,14338.5,11:29,13916.25,time_stop,173.25,-0.445,-75.75,1.35,-77.1,-151.5,2.7,-154.2
2022-03-18,long,10:00,10:01,14160.5,13994.75,14492.0,11:29,14228.0,time_stop,165.75,0.3991,67.5,1.35,66.15,135.0,2.7,132.3
2022-03-21,short,10:04,10:05,14283.5,14467.0,13916.5,11:29,14432.25,time_stop,183.5,-0.818,-148.75,1.35,-150.1,-297.5,2.7,-300.2
2022-03-22,long,10:00,10:01,14509.75,14373.75,14781.75,11:29,14672.5,time_stop,136.0,1.1868,162.75,1.35,161.4,325.5,2.7,322.8
2022-03-23,long,10:13,10:14,14548.5,14460.5,14724.5,11:29,14627.5,time_stop,88.0,0.8824,79.0,1.35,77.65,158.0,2.7,155.3
2022-03-24,short,10:18,10:19,14453.5,14551.25,14258.0,11:01,14551.25,hard_stop,97.75,-1.0138,-97.75,1.35,-99.1,-195.5,2.7,-198.2
2022-03-25,short,10:02,10:03,14704.75,14788.75,14536.75,10:35,14788.75,hard_stop,84.0,-1.0161,-84.0,1.35,-85.35,-168.0,2.7,-170.7
2022-03-29,short,10:07,10:08,15103.75,15219.75,14871.75,11:29,15143.0,time_stop,116.0,-0.35,-39.25,1.35,-40.6,-78.5,2.7,-81.2
2022-03-30,long,10:14,10:15,15219.25,15141.0,15375.75,11:04,15141.0,hard_stop,78.25,-1.0173,-78.25,1.35,-79.6,-156.5,2.7,-159.2
2022-03-31,short,10:02,10:03,14976.5,15090.25,14749.0,10:57,15090.25,hard_stop,113.75,-1.0119,-113.75,1.35,-115.1,-227.5,2.7,-230.2
2022-04-01,short,10:03,10:04,14807.75,14932.25,14558.75,11:29,14829.25,time_stop,124.5,-0.1835,-21.5,1.35,-22.85,-43.0,2.7,-45.7
2022-04-04,long,10:01,10:02,15054.5,14883.25,15397.0,11:29,15098.25,time_stop,171.25,0.2476,43.75,1.35,42.4,87.5,2.7,84.8
2022-04-05,short,10:05,10:06,15023.0,15136.5,14796.0,11:29,14936.5,time_stop,113.5,0.7502,86.5,1.35,85.15,173.0,2.7,170.3
2022-04-06,short,10:00,10:01,14490.75,14643.75,14184.75,11:29,14483.25,time_stop,153.0,0.0402,7.5,1.35,6.15,15.0,2.7,12.3
2022-04-07,long,10:00,10:01,14579.25,14459.0,14819.75,10:40,14459.0,hard_stop,120.25,-1.0112,-120.25,1.35,-121.6,-240.5,2.7,-243.2
2022-04-08,long,11:01,11:02,14479.0,14312.25,14812.5,11:29,14428.5,time_stop,166.75,-0.3109,-50.5,1.35,-51.85,-101.0,2.7,-103.7
2022-04-11,short,10:26,10:27,14081.75,14197.25,13850.75,11:29,14059.5,time_stop,115.5,0.181,22.25,1.35,20.9,44.5,2.7,41.8
2022-04-12,long,10:10,10:11,14268.0,14112.75,14578.5,10:48,14112.75,hard_stop,155.25,-1.0087,-155.25,1.35,-156.6,-310.5,2.7,-313.2
2022-04-13,long,10:15,10:16,14072.5,13920.75,14376.0,11:29,14157.5,time_stop,151.75,0.5512,85.0,1.35,83.65,170.0,2.7,167.3
2022-04-14,short,10:05,10:06,14095.0,14247.0,13791.0,11:29,14074.25,time_stop,152.0,0.1276,20.75,1.35,19.4,41.5,2.7,38.8
2022-04-18,long,10:12,10:13,13941.0,13826.75,14169.5,11:29,13876.0,time_stop,114.25,-0.5807,-65.0,1.35,-66.35,-130.0,2.7,-132.7
2022-04-19,long,10:02,10:03,14023.75,13833.25,14404.75,11:29,14166.5,time_stop,190.5,0.7423,142.75,1.35,141.4,285.5,2.7,282.8
2022-04-20,short,10:05,10:06,14061.5,14270.25,13644.0,11:29,14042.5,time_stop,208.75,0.0846,19.0,1.35,17.65,38.0,2.7,35.3
2022-04-21,short,10:07,10:08,14161.0,14283.25,13916.5,11:29,14080.0,time_stop,122.25,0.6515,81.0,1.35,79.65,162.0,2.7,159.3
2022-04-22,short,10:20,10:21,13611.5,13778.0,13278.5,11:29,13617.25,time_stop,166.5,-0.0426,-5.75,1.35,-7.1,-11.5,2.7,-14.2
2022-04-25,long,10:25,10:26,13386.5,13235.75,13688.0,11:29,13310.25,time_stop,150.75,-0.5148,-76.25,1.35,-77.6,-152.5,2.7,-155.2
2022-04-26,short,10:01,10:02,13235.5,13451.0,12804.5,11:29,13143.75,time_stop,215.5,0.4195,91.75,1.35,90.4,183.5,2.7,180.8
2022-04-27,short,10:14,10:15,13005.75,13255.5,12506.25,11:29,13107.5,time_stop,249.75,-0.4128,-101.75,1.35,-103.1,-203.5,2.7,-206.2
2022-04-28,short,10:00,10:01,13090.25,13281.0,12708.75,11:29,13175.0,time_stop,190.75,-0.4514,-84.75,1.35,-86.1,-169.5,2.7,-172.2
2022-04-29,short,10:28,10:29,13218.5,13433.25,12789.0,11:29,13202.5,time_stop,214.75,0.0682,16.0,1.35,14.65,32.0,2.7,29.3
2022-05-02,long,10:29,10:30,12983.0,12742.5,13464.0,11:29,12867.0,time_stop,240.5,-0.4879,-116.0,1.35,-117.35,-232.0,2.7,-234.7
2022-05-03,long,10:00,10:01,13127.0,12968.25,13444.5,11:29,13111.25,time_stop,158.75,-0.1077,-15.75,1.35,-17.1,-31.5,2.7,-34.2
2022-05-04,short,10:00,10:01,13005.25,13114.5,12786.75,11:29,12909.0,time_stop,109.25,0.8686,96.25,1.35,94.9,192.5,2.7,189.8
2022-05-05,short,10:01,10:02,13148.5,13346.5,12752.5,11:29,12915.0,time_stop,198.0,1.1725,233.5,1.35,232.15,467.0,2.7,464.3
2022-05-06,long,10:18,10:19,12815.5,12518.75,13409.0,11:29,12884.25,time_stop,296.75,0.2271,68.75,1.35,67.4,137.5,2.7,134.8
2022-05-09,short,10:00,10:01,12407.0,12556.0,12109.0,11:29,12276.25,time_stop,149.0,0.8685,130.75,1.35,129.4,261.5,2.7,258.8
2022-05-10,short,10:42,10:43,12331.5,12547.25,11900.0,11:29,12229.25,time_stop,215.75,0.4677,102.25,1.35,100.9,204.5,2.7,201.8
2022-05-12,long,10:09,10:10,11910.0,11693.0,12344.0,11:29,12038.75,time_stop,217.0,0.5871,128.75,1.35,127.4,257.5,2.7,254.8
2022-05-13,long,10:02,10:03,12304.25,12064.5,12783.75,11:29,12352.5,time_stop,239.75,0.1956,48.25,1.35,46.9,96.5,2.7,93.8
2022-05-16,long,10:29,10:30,12366.25,12216.75,12665.25,10:57,12216.75,hard_stop,149.5,-1.009,-149.5,1.35,-150.85,-299.0,2.7,-301.7
2022-05-17,short,10:09,10:10,12431.25,12536.0,12221.75,11:29,12440.25,time_stop,104.75,-0.0988,-9.0,1.35,-10.35,-18.0,2.7,-20.7
2022-05-18,short,10:34,10:35,12286.5,12400.0,12059.5,11:29,12146.25,time_stop,113.5,1.2238,140.25,1.35,138.9,280.5,2.7,277.8
2022-05-19,long,10:20,10:21,11987.0,11795.0,12371.0,11:29,11946.0,time_stop,192.0,-0.2206,-41.0,1.35,-42.35,-82.0,2.7,-84.7
2022-05-20,short,10:07,10:08,11922.5,12053.25,11661.0,11:29,11762.5,time_stop,130.75,1.2134,160.0,1.35,158.65,320.0,2.7,317.3
2022-05-23,short,10:01,10:02,11815.25,11977.75,11490.25,11:29,11952.75,time_stop,162.5,-0.8545,-137.5,1.35,-138.85,-275.0,2.7,-277.7
2022-05-24,short,10:00,10:01,11663.75,11847.75,11295.75,11:29,11658.25,time_stop,184.0,0.0226,5.5,1.35,4.15,11.0,2.7,8.3
2022-05-25,long,10:26,10:27,11861.75,11707.75,12169.75,11:29,11870.25,time_stop,154.0,0.0464,8.5,1.35,7.15,17.0,2.7,14.3
2022-05-26,long,10:00,10:01,12129.5,11898.75,12591.0,11:29,12204.75,time_stop,230.75,0.3203,75.25,1.35,73.9,150.5,2.7,147.8
2022-05-27,long,10:02,10:03,12534.0,12401.75,12798.5,11:29,12563.25,time_stop,132.25,0.211,29.25,1.35,27.9,58.5,2.7,55.8
2022-05-31,short,10:04,10:05,12508.75,12688.25,12149.75,11:29,12587.25,time_stop,179.5,-0.4448,-78.5,1.35,-79.85,-157.0,2.7,-159.7
2022-06-01,short,10:08,10:09,12703.5,12823.75,12463.0,11:29,12557.75,time_stop,120.25,1.2008,145.75,1.35,144.4,291.5,2.7,288.8
2022-06-02,long,10:02,10:03,12575.25,12442.25,12841.25,11:29,12675.5,time_stop,133.0,0.7436,100.25,1.35,98.9,200.5,2.7,197.8
2022-06-03,long,10:00,10:01,12721.5,12609.0,12946.5,10:36,12609.0,hard_stop,112.5,-1.012,-112.5,1.35,-113.85,-225.0,2.7,-227.7
2022-06-06,long,10:03,10:04,12794.0,12673.25,13035.5,11:16,12673.25,hard_stop,120.75,-1.0112,-120.75,1.35,-122.1,-241.5,2.7,-244.2
2022-06-07,long,10:28,10:29,12589.5,12412.25,12944.0,11:29,12597.5,time_stop,177.25,0.0375,8.0,1.35,6.65,16.0,2.7,13.3
2022-06-09,long,10:30,10:31,12659.25,12505.75,12966.25,11:29,12557.0,time_stop,153.5,-0.6749,-102.25,1.35,-103.6,-204.5,2.7,-207.2
2022-06-10,short,10:00,10:01,11921.0,12090.25,11582.5,11:29,11838.5,time_stop,169.25,0.4795,82.5,1.35,81.15,165.0,2.7,162.3
2022-06-13,short,10:10,10:11,11460.75,11575.5,11231.25,11:29,11390.0,time_stop,114.75,0.6048,70.75,1.35,69.4,141.5,2.7,138.8
2022-06-14,short,10:20,10:21,11294.25,11442.25,10998.25,11:29,11327.25,time_stop,148.0,-0.2321,-33.0,1.35,-34.35,-66.0,2.7,-68.7
2022-06-15,long,10:06,10:07,11552.0,11459.5,11737.0,11:29,11502.75,time_stop,92.5,-0.547,-49.25,1.35,-50.6,-98.5,2.7,-101.2
2022-06-16,short,10:00,10:01,11242.25,11350.0,11026.75,11:29,11216.25,time_stop,107.75,0.2288,26.0,1.35,24.65,52.0,2.7,49.3
2022-06-17,short,10:33,10:34,11162.75,11348.75,10790.75,11:29,11293.5,time_stop,186.0,-0.7102,-130.75,1.35,-132.1,-261.5,2.7,-264.2
2022-06-21,long,10:03,10:04,11638.25,11475.5,11963.75,11:29,11649.5,time_stop,162.75,0.0608,11.25,1.35,9.9,22.5,2.7,19.8
2022-06-22,long,10:13,10:14,11623.25,11446.5,11976.75,11:29,11677.5,time_stop,176.75,0.2993,54.25,1.35,52.9,108.5,2.7,105.8
2022-06-23,long,10:40,10:41,11712.5,11542.75,12052.0,11:29,11712.75,time_stop,169.75,-0.0065,0.25,1.35,-1.1,0.5,2.7,-2.2
2022-06-24,long,10:00,10:01,12003.25,11838.5,12332.75,11:29,12003.25,time_stop,164.75,-0.0082,0.0,1.35,-1.35,0.0,2.7,-2.7
2022-06-28,short,10:06,10:07,12033.0,12174.5,11750.0,11:29,11861.5,time_stop,141.5,1.2025,171.5,1.35,170.15,343.0,2.7,340.3
2022-06-29,long,10:02,10:03,11742.0,11564.25,12097.5,11:29,11675.25,time_stop,177.75,-0.3831,-66.75,1.35,-68.1,-133.5,2.7,-136.2
2022-06-30,short,10:00,10:01,11392.0,11588.25,10999.5,11:26,11588.25,hard_stop,196.25,-1.0069,-196.25,1.35,-197.6,-392.5,2.7,-395.2
2022-07-01,short,10:37,10:38,11415.5,11599.75,11047.0,11:29,11484.5,time_stop,184.25,-0.3818,-69.0,1.35,-70.35,-138.0,2.7,-140.7
2022-07-05,long,10:13,10:14,11502.75,11389.0,11730.25,11:29,11495.0,time_stop,113.75,-0.08,-7.75,1.35,-9.1,-15.5,2.7,-18.2
2022-07-07,long,10:47,10:48,12057.5,11918.0,12336.5,11:29,12036.25,time_stop,139.5,-0.162,-21.25,1.35,-22.6,-42.5,2.7,-45.2
2022-07-08,long,10:25,10:26,12092.0,11978.0,12320.0,11:29,12202.5,time_stop,114.0,0.9575,110.5,1.35,109.15,221.0,2.7,218.3
2022-07-12,short,10:00,10:01,11822.25,12025.75,11415.25,11:29,11920.5,time_stop,203.5,-0.4894,-98.25,1.35,-99.6,-196.5,2.7,-199.2
2022-07-13,long,10:32,10:33,11715.75,11522.25,12102.75,11:29,11742.5,time_stop,193.5,0.1313,26.75,1.35,25.4,53.5,2.7,50.8
2022-07-14,short,10:01,10:02,11531.5,11684.75,11225.0,11:29,11652.5,time_stop,153.25,-0.7984,-121.0,1.35,-122.35,-242.0,2.7,-244.7
2022-07-15,long,11:14,11:15,11986.5,11853.25,12253.0,11:29,11973.0,time_stop,133.25,-0.1114,-13.5,1.35,-14.85,-27.0,2.7,-29.7
2022-07-19,long,10:27,10:28,12082.75,11992.75,12262.75,11:29,12169.5,time_stop,90.0,0.9489,86.75,1.35,85.4,173.5,2.7,170.8
2022-07-20,long,10:23,10:24,12355.0,12257.25,12550.5,11:29,12468.5,time_stop,97.75,1.1473,113.5,1.35,112.15,227.0,2.7,224.3
2022-07-21,long,10:00,10:01,12539.25,12409.0,12799.75,10:14,12409.0,hard_stop,130.25,-1.0104,-130.25,1.35,-131.6,-260.5,2.7,-263.2
2022-07-22,short,10:00,10:01,12561.75,12698.75,12287.75,11:29,12487.25,time_stop,137.0,0.5339,74.5,1.35,73.15,149.0,2.7,146.3
2022-07-25,short,10:06,10:07,12350.75,12444.25,12163.75,11:29,12359.5,time_stop,93.5,-0.108,-8.75,1.35,-10.1,-17.5,2.7,-20.2
2022-07-26,short,10:20,10:21,12192.25,12291.5,11993.75,11:29,12147.25,time_stop,99.25,0.4398,45.0,1.35,43.65,90.0,2.7,87.3
2022-07-27,long,10:05,10:06,12414.0,12276.25,12689.5,11:29,12421.5,time_stop,137.75,0.0446,7.5,1.35,6.15,15.0,2.7,12.3
2022-07-28,long,11:27,11:28,12661.25,12453.5,13076.75,11:29,12665.5,time_stop,207.75,0.014,4.25,1.35,2.9,8.5,2.7,5.8
2022-07-29,long,10:02,10:03,12898.25,12744.0,13206.75,11:29,12801.0,time_stop,154.25,-0.6392,-97.25,1.35,-98.6,-194.5,2.7,-197.2
2022-08-01,long,10:05,10:06,13027.0,12851.5,13378.0,11:29,13073.0,time_stop,175.5,0.2544,46.0,1.35,44.65,92.0,2.7,89.3
2022-08-02,short,10:09,10:10,12851.0,12957.0,12639.0,10:50,12957.0,hard_stop,106.0,-1.0127,-106.0,1.35,-107.35,-212.0,2.7,-214.7
2022-08-03,long,10:03,10:04,13142.25,12989.25,13448.25,11:29,13181.5,time_stop,153.0,0.2477,39.25,1.35,37.9,78.5,2.7,75.8
2022-08-04,short,10:17,10:18,13244.0,13339.25,13053.5,11:29,13223.0,time_stop,95.25,0.2063,21.0,1.35,19.65,42.0,2.7,39.3
2022-08-05,long,10:02,10:03,13224.25,13114.25,13444.25,11:26,13114.25,hard_stop,110.0,-1.0123,-110.0,1.35,-111.35,-220.0,2.7,-222.7
2022-08-09,short,10:00,10:01,12988.0,13112.5,12739.0,11:29,13046.5,time_stop,124.5,-0.4807,-58.5,1.35,-59.85,-117.0,2.7,-119.7
2022-08-10,short,10:19,10:20,13258.0,13355.25,13063.5,11:01,13355.25,hard_stop,97.25,-1.0139,-97.25,1.35,-98.6,-194.5,2.7,-197.2
2022-08-11,long,10:00,10:01,13519.25,13455.25,13647.25,11:05,13455.25,hard_stop,64.0,-1.0211,-64.0,1.35,-65.35,-128.0,2.7,-130.7
2022-08-12,long,10:10,10:11,13443.0,13359.0,13611.0,11:29,13469.0,time_stop,84.0,0.2935,26.0,1.35,24.65,52.0,2.7,49.3
2022-08-16,short,10:01,10:02,13573.5,13659.5,13401.5,11:29,13627.25,time_stop,86.0,-0.6407,-53.75,1.35,-55.1,-107.5,2.7,-110.2
2022-08-17,short,10:14,10:15,13483.0,13566.0,13317.0,11:29,13462.5,time_stop,83.0,0.2307,20.5,1.35,19.15,41.0,2.7,38.3
2022-08-18,short,10:00,10:01,13428.75,13502.5,13281.25,10:40,13502.5,hard_stop,73.75,-1.0183,-73.75,1.35,-75.1,-147.5,2.7,-150.2
2022-08-19,short,10:00,10:01,13296.5,13425.5,13038.5,11:29,13265.0,time_stop,129.0,0.2337,31.5,1.35,30.15,63.0,2.7,60.3
2022-08-22,short,10:10,10:11,13001.25,13092.5,12818.75,11:29,12955.5,time_stop,91.25,0.4866,45.75,1.35,44.4,91.5,2.7,88.8
2022-08-23,long,10:09,10:10,12994.25,12865.75,13251.25,11:29,12910.5,time_stop,128.5,-0.6623,-83.75,1.35,-85.1,-167.5,2.7,-170.2
2022-08-24,long,10:00,10:01,12921.0,12851.25,13060.5,11:29,12987.0,time_stop,69.75,0.9269,66.0,1.35,64.65,132.0,2.7,129.3
2022-08-25,long,10:00,10:01,13053.25,12961.75,13236.25,11:29,13024.75,time_stop,91.5,-0.3262,-28.5,1.35,-29.85,-57.0,2.7,-59.7
2022-08-26,short,10:01,10:02,13073.0,13161.25,12896.5,10:09,13161.25,hard_stop,88.25,-1.0153,-88.25,1.35,-89.6,-176.5,2.7,-179.2
2022-08-29,short,10:53,10:54,12467.75,12605.75,12191.75,11:29,12468.75,time_stop,138.0,-0.017,-1.0,1.35,-2.35,-2.0,2.7,-4.7
2022-08-30,short,10:05,10:06,12439.25,12587.5,12142.75,11:29,12344.75,time_stop,148.25,0.6283,94.5,1.35,93.15,189.0,2.7,186.3
2022-08-31,short,10:29,10:30,12384.75,12513.25,12127.75,11:29,12331.5,time_stop,128.5,0.4039,53.25,1.35,51.9,106.5,2.7,103.8
2022-09-01,short,10:02,10:03,12122.0,12224.25,11917.5,11:29,12034.0,time_stop,102.25,0.8474,88.0,1.35,86.65,176.0,2.7,173.3
2022-09-02,short,10:00,10:01,12288.75,12415.25,12035.75,10:30,12415.25,hard_stop,126.5,-1.0107,-126.5,1.35,-127.85,-253.0,2.7,-255.7
2022-09-06,short,10:01,10:02,11978.0,12169.25,11595.5,11:29,12066.75,time_stop,191.25,-0.4711,-88.75,1.35,-90.1,-177.5,2.7,-180.2
2022-09-07,long,11:12,11:13,12140.25,12035.75,12349.25,11:29,12127.25,time_stop,104.5,-0.1373,-13.0,1.35,-14.35,-26.0,2.7,-28.7
2022-09-08,long,10:20,10:21,12283.5,12115.5,12619.5,11:29,12357.75,time_stop,168.0,0.4339,74.25,1.35,72.9,148.5,2.7,145.8
2022-09-09,long,10:00,10:01,12508.25,12415.25,12694.25,11:29,12558.75,time_stop,93.0,0.5285,50.5,1.35,49.15,101.0,2.7,98.3
2022-09-12,long,10:00,10:01,12742.0,12641.25,12943.5,11:29,12733.0,time_stop,100.75,-0.1027,-9.0,1.35,-10.35,-18.0,2.7,-20.7
2022-09-13,short,10:00,10:01,12379.75,12508.75,12121.75,11:29,12274.25,time_stop,129.0,0.8074,105.5,1.35,104.15,211.0,2.7,208.3
2022-09-14,long,10:54,10:55,12224.0,12098.5,12475.0,11:29,12196.5,time_stop,125.5,-0.2299,-27.5,1.35,-28.85,-55.0,2.7,-57.7
2022-09-15,long,10:00,10:01,12225.5,12110.0,12456.5,10:29,12110.0,hard_stop,115.5,-1.0117,-115.5,1.35,-116.85,-231.0,2.7,-233.7
2022-09-16,long,10:13,10:14,11881.25,11781.75,12080.25,11:29,11817.0,time_stop,99.5,-0.6593,-64.25,1.35,-65.6,-128.5,2.7,-131.2
2022-09-19,long,10:35,10:36,11940.25,11815.5,12189.75,11:29,11903.25,time_stop,124.75,-0.3074,-37.0,1.35,-38.35,-74.0,2.7,-76.7
2022-09-20,long,10:50,10:51,11947.5,11886.75,12069.0,11:29,11974.0,time_stop,60.75,0.414,26.5,1.35,25.15,53.0,2.7,50.3
2022-09-22,short,10:03,10:04,11570.5,11682.5,11346.5,11:29,11541.25,time_stop,112.0,0.2491,29.25,1.35,27.9,58.5,2.7,55.8
2022-09-23,short,10:01,10:02,11348.0,11471.25,11101.5,11:29,11377.5,time_stop,123.25,-0.2503,-29.5,1.35,-30.85,-59.0,2.7,-61.7
2022-09-26,long,10:00,10:01,11510.25,11342.25,11846.25,11:29,11378.0,time_stop,168.0,-0.7952,-132.25,1.35,-133.6,-264.5,2.7,-267.2
2022-09-27,short,10:00,10:01,11448.5,11568.5,11208.5,11:29,11379.75,time_stop,120.0,0.5617,68.75,1.35,67.4,137.5,2.7,134.8
2022-09-28,long,10:00,10:01,11363.25,11265.75,11558.25,11:29,11429.25,time_stop,97.5,0.6631,66.0,1.35,64.65,132.0,2.7,129.3
2022-09-29,short,10:01,10:02,11231.5,11402.5,10889.5,11:29,11216.5,time_stop,171.0,0.0798,15.0,1.35,13.65,30.0,2.7,27.3
2022-09-30,long,10:31,10:32,11270.5,11142.75,11526.0,11:29,11329.5,time_stop,127.75,0.4513,59.0,1.35,57.65,118.0,2.7,115.3
2022-10-03,long,10:00,10:01,11134.75,11039.5,11325.25,11:29,11225.75,time_stop,95.25,0.9412,91.0,1.35,89.65,182.0,2.7,179.3
2022-10-04,long,10:00,10:01,11636.5,11514.0,11881.5,11:29,11657.5,time_stop,122.5,0.1604,21.0,1.35,19.65,42.0,2.7,39.3
2022-10-05,short,10:00,10:01,11456.75,11539.25,11291.75,11:29,11427.25,time_stop,82.5,0.3412,29.5,1.35,28.15,59.0,2.7,56.3
2022-10-06,short,10:01,10:02,11574.5,11721.75,11280.0,11:29,11648.25,time_stop,147.25,-0.51,-73.75,1.35,-75.1,-147.5,2.7,-150.2
2022-10-07,short,10:01,10:02,11212.5,11350.25,10937.0,11:29,11211.0,time_stop,137.75,0.0011,1.5,1.35,0.15,3.0,2.7,0.3
2022-10-10,short,10:03,10:04,11002.25,11126.25,10754.25,11:29,10968.5,time_stop,124.0,0.2613,33.75,1.35,32.4,67.5,2.7,64.8
2022-10-11,short,10:00,10:01,10815.25,10945.0,10555.75,11:29,10909.75,time_stop,129.75,-0.7387,-94.5,1.35,-95.85,-189.0,2.7,-191.7
2022-10-13,long,10:04,10:05,10638.25,10484.5,10945.75,11:20,10945.75,tp1,153.75,1.9928,307.5,1.1,306.4,615.0,2.2,612.8
2022-10-14,short,10:00,10:01,10981.5,11207.75,10529.0,11:29,10920.25,time_stop,226.25,0.2648,61.25,1.35,59.9,122.5,2.7,119.8
2022-10-17,long,10:14,10:15,11127.25,10998.75,11384.25,11:29,11090.75,time_stop,128.5,-0.2946,-36.5,1.35,-37.85,-73.0,2.7,-75.7
2022-10-18,short,10:24,10:25,11289.5,11432.0,11004.5,11:29,11129.25,time_stop,142.5,1.1151,160.25,1.35,158.9,320.5,2.7,317.8
2022-10-19,long,10:15,10:16,11226.0,11109.75,11458.5,11:29,11186.0,time_stop,116.25,-0.3557,-40.0,1.35,-41.35,-80.0,2.7,-82.7
2022-10-20,long,10:02,10:03,11240.25,11090.75,11539.25,11:29,11264.5,time_stop,149.5,0.1532,24.25,1.35,22.9,48.5,2.7,45.8
2022-10-21,long,10:00,10:01,11160.25,10995.0,11490.75,11:29,11120.25,time_stop,165.25,-0.2502,-40.0,1.35,-41.35,-80.0,2.7,-82.7
2022-10-24,short,10:02,10:03,11293.0,11426.25,11026.5,11:29,11370.25,time_stop,133.25,-0.5899,-77.25,1.35,-78.6,-154.5,2.7,-157.2
2022-10-25,long,11:09,11:10,11670.75,11514.75,11982.75,11:29,11675.25,time_stop,156.0,0.0202,4.5,1.35,3.15,9.0,2.7,6.3
2022-10-26,long,10:00,10:01,11541.75,11432.75,11759.75,11:29,11680.25,time_stop,109.0,1.2583,138.5,1.35,137.15,277.0,2.7,274.3
2022-10-28,long,10:25,10:26,11371.25,11206.0,11701.75,11:29,11453.5,time_stop,165.25,0.4896,82.25,1.35,80.9,164.5,2.7,161.8
2022-10-31,short,10:08,10:09,11411.0,11522.75,11187.5,11:29,11458.75,time_stop,111.75,-0.4394,-47.75,1.35,-49.1,-95.5,2.7,-98.2
2022-11-01,short,10:00,10:01,11479.5,11619.25,11200.0,11:29,11381.75,time_stop,139.75,0.6898,97.75,1.35,96.4,195.5,2.7,192.8
2022-11-02,short,10:14,10:15,11266.5,11341.25,11117.0,11:29,11233.25,time_stop,74.75,0.4268,33.25,1.35,31.9,66.5,2.7,63.8
2022-11-03,short,10:00,10:01,10721.5,10848.75,10467.0,10:45,10848.75,hard_stop,127.25,-1.0106,-127.25,1.35,-128.6,-254.5,2.7,-257.2
2022-11-08,long,10:16,10:17,11086.25,11006.5,11245.75,11:29,11187.25,time_stop,79.75,1.2495,101.0,1.35,99.65,202.0,2.7,199.3
2022-11-09,short,10:41,10:42,10956.0,11040.25,10787.5,11:29,10983.25,time_stop,84.25,-0.3395,-27.25,1.35,-28.6,-54.5,2.7,-57.2
2022-11-10,long,10:02,10:03,11463.75,11269.0,11853.25,11:29,11454.25,time_stop,194.75,-0.0557,-9.5,1.35,-10.85,-19.0,2.7,-21.7
2022-11-11,long,10:11,10:12,11692.5,11569.0,11939.5,11:29,11655.25,time_stop,123.5,-0.3126,-37.25,1.35,-38.6,-74.5,2.7,-77.2
2022-11-14,long,10:07,10:08,11788.25,11701.75,11961.25,11:29,11744.75,time_stop,86.5,-0.5185,-43.5,1.35,-44.85,-87.0,2.7,-89.7
2022-11-15,short,11:01,11:02,11959.0,12063.75,11749.5,11:29,11982.0,time_stop,104.75,-0.2325,-23.0,1.35,-24.35,-46.0,2.7,-48.7
2022-11-16,short,10:15,10:16,11744.75,11836.5,11561.25,11:29,11766.5,time_stop,91.75,-0.2518,-21.75,1.35,-23.1,-43.5,2.7,-46.2
2022-11-17,long,10:16,10:17,11636.25,11543.5,11821.75,11:29,11640.0,time_stop,92.75,0.0259,3.75,1.35,2.4,7.5,2.7,4.8
2022-11-18,short,10:00,10:01,11731.0,11842.75,11507.5,11:29,11698.0,time_stop,111.75,0.2832,33.0,1.35,31.65,66.0,2.7,63.3
2022-11-21,short,10:06,10:07,11622.25,11700.0,11466.75,11:29,11605.5,time_stop,77.75,0.1981,16.75,1.35,15.4,33.5,2.7,30.8
2022-11-22,long,10:48,10:49,11635.25,11527.0,11851.75,11:29,11642.0,time_stop,108.25,0.0499,6.75,1.35,5.4,13.5,2.7,10.8
2022-11-23,long,10:06,10:07,11857.0,11745.0,12081.0,11:29,11863.25,time_stop,112.0,0.0438,6.25,1.35,4.9,12.5,2.7,9.8
2022-11-28,short,10:25,10:26,11685.75,11788.75,11479.75,11:29,11694.0,time_stop,103.0,-0.0932,-8.25,1.35,-9.6,-16.5,2.7,-19.2
2022-11-29,long,10:50,10:51,11628.75,11565.0,11756.25,11:03,11565.0,hard_stop,63.75,-1.0212,-63.75,1.35,-65.1,-127.5,2.7,-130.2
2022-11-30,short,11:04,11:05,11514.75,11581.75,11380.75,11:29,11552.0,time_stop,67.0,-0.5761,-37.25,1.35,-38.6,-74.5,2.7,-77.2
2022-12-01,short,10:12,10:13,12014.25,12136.25,11770.25,11:29,12024.0,time_stop,122.0,-0.091,-9.75,1.35,-11.1,-19.5,2.7,-22.2
2022-12-02,long,10:12,10:13,11922.5,11837.0,12093.5,11:29,11932.0,time_stop,85.5,0.0953,9.5,1.35,8.15,19.0,2.7,16.3
2022-12-05,short,10:00,10:01,11898.0,11972.5,11749.0,11:29,11890.5,time_stop,74.5,0.0826,7.5,1.35,6.15,15.0,2.7,12.3
2022-12-06,short,10:02,10:03,11651.5,11806.0,11342.5,11:29,11633.0,time_stop,154.5,0.111,18.5,1.35,17.15,37.0,2.7,34.3
2022-12-07,short,10:00,10:01,11448.25,11596.5,11151.75,11:29,11469.25,time_stop,148.25,-0.1508,-21.0,1.35,-22.35,-42.0,2.7,-44.7
2022-12-08,long,10:00,10:01,11609.75,11477.0,11875.25,11:29,11624.75,time_stop,132.75,0.1028,15.0,1.35,13.65,30.0,2.7,27.3
2022-12-09,long,10:31,10:32,11663.75,11549.75,11891.75,11:29,11688.25,time_stop,114.0,0.2031,24.5,1.35,23.15,49.0,2.7,46.3
2022-12-12,short,10:49,10:50,11540.25,11609.0,11402.75,11:29,11582.0,time_stop,68.75,-0.6269,-41.75,1.35,-43.1,-83.5,2.7,-86.2
2022-12-13,short,10:07,10:08,12163.25,12304.0,11881.75,11:29,12097.25,time_stop,140.75,0.4593,66.0,1.35,64.65,132.0,2.7,129.3
2022-12-14,long,10:04,10:05,12016.5,11929.75,12190.0,11:29,12047.5,time_stop,86.75,0.3418,31.0,1.35,29.65,62.0,2.7,59.3
2022-12-15,short,10:01,10:02,11552.0,11715.75,11224.5,11:29,11493.75,time_stop,163.75,0.3475,58.25,1.35,56.9,116.5,2.7,113.8
2022-12-16,short,10:06,10:07,11400.5,11491.75,11218.0,11:29,11316.0,time_stop,91.25,0.9112,84.5,1.35,83.15,169.0,2.7,166.3
2022-12-19,short,10:03,10:04,11242.75,11359.25,11009.75,11:29,11229.25,time_stop,116.5,0.1043,13.5,1.35,12.15,27.0,2.7,24.3
2022-12-20,long,10:02,10:03,11188.25,11066.5,11431.75,11:29,11114.0,time_stop,121.75,-0.6209,-74.25,1.35,-75.6,-148.5,2.7,-151.2
2022-12-21,long,10:08,10:09,11284.25,11180.75,11491.25,11:29,11345.5,time_stop,103.5,0.5787,61.25,1.35,59.9,122.5,2.7,119.8
2022-12-22,short,10:01,10:02,11079.75,11208.5,10822.25,11:29,11003.25,time_stop,128.75,0.5837,76.5,1.35,75.15,153.0,2.7,150.3
2022-12-23,long,10:30,10:31,11059.0,10922.0,11333.0,11:29,11017.0,time_stop,137.0,-0.3164,-42.0,1.35,-43.35,-84.0,2.7,-86.7
2022-12-27,short,10:02,10:03,10897.75,11056.25,10580.75,11:29,10980.0,time_stop,158.5,-0.5274,-82.25,1.35,-83.6,-164.5,2.7,-167.2
2022-12-28,short,10:55,10:56,10859.25,10996.75,10584.25,11:29,10829.25,time_stop,137.5,0.2084,30.0,1.35,28.65,60.0,2.7,57.3
2022-12-29,long,10:00,10:01,10977.75,10856.25,11220.75,11:29,11024.75,time_stop,121.5,0.3757,47.0,1.35,45.65,94.0,2.7,91.3
2022-12-30,long,10:47,10:48,10953.0,10855.25,11148.5,11:29,10911.25,time_stop,97.75,-0.4409,-41.75,1.35,-43.1,-83.5,2.7,-86.2
2023-01-03,short,10:04,10:05,10986.0,11182.25,10593.5,11:29,10914.25,time_stop,196.25,0.3587,71.75,1.35,70.4,143.5,2.7,140.8
2023-01-04,short,10:00,10:01,10947.25,11046.75,10748.25,11:29,10992.25,time_stop,99.5,-0.4658,-45.0,1.35,-46.35,-90.0,2.7,-92.7
2023-01-06,long,10:37,10:38,10957.5,10766.0,11340.5,11:29,10986.25,time_stop,191.5,0.1431,28.75,1.35,27.4,57.5,2.7,54.8
2023-01-09,long,10:00,10:01,11316.5,11194.5,11560.5,11:29,11373.5,time_stop,122.0,0.4561,57.0,1.35,55.65,114.0,2.7,111.3
2023-01-10,long,10:12,10:13,11261.25,11137.75,11508.25,10:44,11137.75,hard_stop,123.5,-1.0109,-123.5,1.35,-124.85,-247.0,2.7,-249.7
2023-01-11,long,10:22,10:23,11373.75,11290.75,11539.75,11:29,11369.25,time_stop,83.0,-0.0705,-4.5,1.35,-5.85,-9.0,2.7,-11.7
2023-01-13,long,10:00,10:01,11477.75,11408.5,11616.25,11:29,11485.25,time_stop,69.25,0.0888,7.5,1.35,6.15,15.0,2.7,12.3
2023-01-17,long,10:00,10:01,11635.75,11549.25,11808.75,11:29,11582.75,time_stop,86.5,-0.6283,-53.0,1.35,-54.35,-106.0,2.7,-108.7
2023-01-18,long,10:00,10:01,11736.5,11672.0,11865.5,10:37,11672.0,hard_stop,64.5,-1.0209,-64.5,1.35,-65.85,-129.0,2.7,-131.7
2023-01-19,short,10:46,10:47,11348.25,11446.75,11151.25,11:29,11331.75,time_stop,98.5,0.1538,16.5,1.35,15.15,33.0,2.7,30.3
2023-01-20,long,10:06,10:07,11479.5,11383.25,11672.0,11:29,11536.0,time_stop,96.25,0.573,56.5,1.35,55.15,113.0,2.7,110.3
2023-01-23,long,10:00,10:01,11823.75,11671.5,12128.25,11:29,11911.0,time_stop,152.25,0.5642,87.25,1.35,85.9,174.5,2.7,171.8
2023-01-25,short,10:36,10:37,11619.5,11724.25,11410.0,11:19,11724.25,hard_stop,104.75,-1.0129,-104.75,1.35,-106.1,-209.5,2.7,-212.2
2023-01-26,short,10:54,10:55,11936.0,12075.25,11657.5,11:29,11946.0,time_stop,139.25,-0.0815,-10.0,1.35,-11.35,-20.0,2.7,-22.7
2023-01-27,long,10:02,10:03,12156.75,12041.5,12387.25,11:29,12158.0,time_stop,115.25,-0.0009,1.25,1.35,-0.1,2.5,2.7,-0.2
2023-01-30,long,10:04,10:05,12135.5,12059.25,12288.0,10:23,12059.25,hard_stop,76.25,-1.0177,-76.25,1.35,-77.6,-152.5,2.7,-155.2
2023-01-31,long,10:29,10:30,12059.0,11968.75,12239.5,11:29,12083.75,time_stop,90.25,0.2593,24.75,1.35,23.4,49.5,2.7,46.8
2023-02-01,short,10:51,10:52,12098.25,12158.25,11978.25,11:29,12130.0,time_stop,60.0,-0.5517,-31.75,1.35,-33.1,-63.5,2.7,-66.2
2023-02-02,short,10:00,10:01,12658.75,12748.5,12479.25,10:30,12748.5,hard_stop,89.75,-1.015,-89.75,1.35,-91.1,-179.5,2.7,-182.2
2023-02-03,long,10:14,10:15,12755.75,12558.25,13150.75,11:29,12841.0,time_stop,197.5,0.4248,85.25,1.35,83.9,170.5,2.7,167.8
2023-02-06,long,10:02,10:03,12570.0,12502.25,12705.5,10:20,12502.25,hard_stop,67.75,-1.0199,-67.75,1.35,-69.1,-135.5,2.7,-138.2
2023-02-07,short,10:00,10:01,12486.5,12554.5,12350.5,11:08,12554.5,hard_stop,68.0,-1.0199,-68.0,1.35,-69.35,-136.0,2.7,-138.7
2023-02-08,short,10:30,10:31,12634.5,12752.25,12399.0,11:29,12535.25,time_stop,117.75,0.8314,99.25,1.35,97.9,198.5,2.7,195.8
2023-02-09,short,10:27,10:28,12628.0,12728.75,12426.5,11:29,12580.0,time_stop,100.75,0.463,48.0,1.35,46.65,96.0,2.7,93.3
2023-02-10,short,10:02,10:03,12308.75,12394.25,12137.75,10:11,12394.25,hard_stop,85.5,-1.0158,-85.5,1.35,-86.85,-171.0,2.7,-173.7
2023-02-13,long,10:01,10:02,12466.5,12351.75,12696.0,11:29,12523.5,time_stop,114.75,0.485,57.0,1.35,55.65,114.0,2.7,111.3
2023-02-14,long,10:01,10:02,12621.0,12390.25,13082.5,11:29,12469.75,time_stop,230.75,-0.6613,-151.25,1.35,-152.6,-302.5,2.7,-305.2
2023-02-15,short,10:08,10:09,12540.0,12631.75,12356.5,11:29,12631.75,hard_stop,91.75,-1.0147,-91.75,1.35,-93.1,-183.5,2.7,-186.2
2023-02-16,long,10:12,10:13,12598.25,12496.25,12802.25,11:29,12642.5,time_stop,102.0,0.4206,44.25,1.35,42.9,88.5,2.7,85.8
2023-02-17,short,11:24,11:25,12294.75,12424.0,12036.25,11:29,12293.75,time_stop,129.25,-0.0027,1.0,1.35,-0.35,2.0,2.7,-0.7
2023-02-21,short,10:10,10:11,12214.5,12290.25,12063.0,11:29,12161.25,time_stop,75.75,0.6851,53.25,1.35,51.9,106.5,2.7,103.8
2023-02-22,short,10:00,10:01,12115.25,12174.75,11996.25,11:29,12089.75,time_stop,59.5,0.4059,25.5,1.35,24.15,51.0,2.7,48.3
2023-02-23,short,10:06,10:07,12185.25,12260.0,12035.75,11:29,12081.5,time_stop,74.75,1.3699,103.75,1.35,102.4,207.5,2.7,204.8
2023-02-24,short,10:07,10:08,11950.25,12043.25,11764.25,11:29,11973.5,time_stop,93.0,-0.2645,-23.25,1.35,-24.6,-46.5,2.7,-49.2
2023-02-27,long,10:03,10:04,12156.75,12106.0,12258.25,10:37,12106.0,hard_stop,50.75,-1.0266,-50.75,1.35,-52.1,-101.5,2.7,-104.2
2023-02-28,long,10:06,10:07,12119.75,12041.25,12276.75,11:29,12097.0,time_stop,78.5,-0.307,-22.75,1.35,-24.1,-45.5,2.7,-48.2
2023-03-01,short,10:05,10:06,11996.5,12079.75,11830.0,11:29,11954.5,time_stop,83.25,0.4883,42.0,1.35,40.65,84.0,2.7,81.3
2023-03-02,long,10:01,10:02,11915.75,11846.0,12055.25,11:29,11892.75,time_stop,69.75,-0.3491,-23.0,1.35,-24.35,-46.0,2.7,-48.7
2023-03-03,long,10:15,10:16,12207.25,12111.25,12399.25,11:29,12198.5,time_stop,96.0,-0.1052,-8.75,1.35,-10.1,-17.5,2.7,-20.2
2023-03-06,long,10:08,10:09,12399.75,12347.0,12505.25,11:29,12450.25,time_stop,52.75,0.9318,50.5,1.35,49.15,101.0,2.7,98.3
2023-03-07,short,10:00,10:01,12281.75,12363.0,12119.25,11:29,12215.5,time_stop,81.25,0.7988,66.25,1.35,64.9,132.5,2.7,129.8
2023-03-08,short,10:00,10:01,12137.25,12216.25,11979.25,10:33,12216.25,hard_stop,79.0,-1.0171,-79.0,1.35,-80.35,-158.0,2.7,-160.7
2023-03-09,long,10:03,10:04,12346.0,12229.75,12578.5,11:29,12283.25,time_stop,116.25,-0.5514,-62.75,1.35,-64.1,-125.5,2.7,-128.2
2023-03-10,long,11:26,11:27,12040.75,11864.75,12392.75,11:29,12044.75,time_stop,176.0,0.0151,4.0,1.35,2.65,8.0,2.7,5.3
2023-03-13,long,10:08,10:09,11935.0,11704.75,12395.5,11:29,12039.5,time_stop,230.25,0.448,104.5,1.35,103.15,209.0,2.7,206.3
2023-03-14,long,10:22,10:23,12293.25,12200.5,12478.75,11:29,12340.5,time_stop,92.75,0.4949,47.25,1.35,45.9,94.5,2.7,91.8
2023-03-15,short,10:34,10:35,12172.25,12276.5,11963.75,11:29,12240.0,time_stop,104.25,-0.6628,-67.75,1.35,-69.1,-135.5,2.7,-138.2
2023-03-16,long,10:01,10:02,12422.25,12313.75,12639.25,11:29,12596.25,time_stop,108.5,1.5912,174.0,1.35,172.65,348.0,2.7,345.3
2023-03-17,long,10:00,10:01,12771.25,12691.5,12930.75,10:24,12691.5,hard_stop,79.75,-1.0169,-79.75,1.35,-81.1,-159.5,2.7,-162.2
2023-03-20,long,10:49,10:50,12634.75,12529.25,12845.75,11:29,12691.75,time_stop,105.5,0.5275,57.0,1.35,55.65,114.0,2.7,111.3
2023-03-21,long,10:00,10:01,12823.5,12763.25,12944.0,10:16,12763.25,hard_stop,60.25,-1.0224,-60.25,1.35,-61.6,-120.5,2.7,-123.2
2023-03-23,long,10:00,10:01,12908.5,12847.0,13031.5,11:29,12976.5,time_stop,61.5,1.0837,68.0,1.35,66.65,136.0,2.7,133.3
2023-03-24,short,11:22,11:23,12732.5,12845.0,12507.5,11:29,12750.5,time_stop,112.5,-0.172,-18.0,1.35,-19.35,-36.0,2.7,-38.7
2023-03-27,short,10:30,10:31,12879.75,12965.5,12708.25,11:29,12848.5,time_stop,85.75,0.3487,31.25,1.35,29.9,62.5,2.7,59.8
2023-03-28,short,10:32,10:33,12676.0,12777.5,12473.0,11:29,12704.0,time_stop,101.5,-0.2892,-28.0,1.35,-29.35,-56.0,2.7,-58.7
2023-03-31,long,10:27,10:28,13155.5,13080.0,13306.5,11:29,13187.25,time_stop,75.5,0.4026,31.75,1.35,30.4,63.5,2.7,60.8
2023-04-03,long,10:22,10:23,13265.25,13198.0,13399.75,10:51,13198.0,hard_stop,67.25,-1.0201,-67.25,1.35,-68.6,-134.5,2.7,-137.2
2023-04-04,long,10:00,10:01,13313.25,13229.75,13480.25,11:09,13229.75,hard_stop,83.5,-1.0162,-83.5,1.35,-84.85,-167.0,2.7,-169.7
2023-04-05,short,10:04,10:05,13114.75,13182.25,12979.75,11:29,13038.0,time_stop,67.5,1.117,76.75,1.35,75.4,153.5,2.7,150.8
2023-04-06,long,10:02,10:03,13015.75,12953.0,13141.25,11:29,13072.75,time_stop,62.75,0.8869,57.0,1.35,55.65,114.0,2.7,111.3
2023-04-10,long,11:06,11:07,13051.25,12967.25,13219.25,11:29,13064.75,time_stop,84.0,0.1446,13.5,1.35,12.15,27.0,2.7,24.3
2023-04-11,short,10:12,10:13,13085.25,13160.75,12934.25,11:29,13075.25,time_stop,75.5,0.1146,10.0,1.35,8.65,20.0,2.7,17.3
2023-04-12,short,10:55,10:56,13015.5,13180.75,12685.0,11:29,13026.25,time_stop,165.25,-0.0732,-10.75,1.35,-12.1,-21.5,2.7,-24.2
2023-04-13,long,10:06,10:07,13087.75,13019.5,13224.25,11:29,13129.25,time_stop,68.25,0.5883,41.5,1.35,40.15,83.0,2.7,80.3
2023-04-14,short,10:32,10:33,13132.5,13252.0,12893.5,11:29,13135.0,time_stop,119.5,-0.0322,-2.5,1.35,-3.85,-5.0,2.7,-7.7
2023-04-17,short,10:38,10:39,13124.5,13206.25,12961.0,11:29,13119.5,time_stop,81.75,0.0446,5.0,1.35,3.65,10.0,2.7,7.3
2023-04-18,short,10:01,10:02,13238.25,13298.0,13118.75,11:29,13185.75,time_stop,59.75,0.8561,52.5,1.35,51.15,105.0,2.7,102.3
2023-04-19,long,10:39,10:40,13135.75,13080.25,13246.75,11:29,13147.5,time_stop,55.5,0.1874,11.75,1.35,10.4,23.5,2.7,20.8
2023-04-20,long,10:07,10:08,13126.75,13046.0,13288.25,11:29,13123.0,time_stop,80.75,-0.0632,-3.75,1.35,-5.1,-7.5,2.7,-10.2
2023-04-21,short,10:01,10:02,12991.75,13074.25,12826.75,10:26,13074.25,hard_stop,82.5,-1.0164,-82.5,1.35,-83.85,-165.0,2.7,-167.7
2023-04-24,short,10:36,10:37,13050.75,13134.25,12883.75,11:29,12998.25,time_stop,83.5,0.6126,52.5,1.35,51.15,105.0,2.7,102.3
2023-04-25,short,10:10,10:11,12961.0,13015.75,12851.5,11:29,12950.0,time_stop,54.75,0.1763,11.0,1.35,9.65,22.0,2.7,19.3
2023-04-26,long,10:06,10:07,12965.75,12899.0,13099.25,10:22,12899.0,hard_stop,66.75,-1.0202,-66.75,1.35,-68.1,-133.5,2.7,-136.2
2023-04-27,long,10:13,10:14,13064.5,13013.25,13167.0,11:29,13136.0,time_stop,51.25,1.3688,71.5,1.35,70.15,143.0,2.7,140.3
2023-04-28,long,10:10,10:11,13251.5,13172.0,13410.5,11:29,13214.75,time_stop,79.5,-0.4792,-36.75,1.35,-38.1,-73.5,2.7,-76.2
2023-05-01,short,10:25,10:26,13283.75,13328.5,13194.25,11:00,13328.5,hard_stop,44.75,-1.0302,-44.75,1.35,-46.1,-89.5,2.7,-92.2
2023-05-02,short,10:09,10:10,13265.0,13313.5,13168.0,10:37,13168.0,tp1,48.5,1.9773,97.0,1.1,95.9,194.0,2.2,191.8
2023-05-03,short,11:06,11:07,13186.0,13242.0,13074.0,11:29,13187.25,time_stop,56.0,-0.0464,-1.25,1.35,-2.6,-2.5,2.7,-5.2
2023-05-04,short,10:17,10:18,13021.0,13086.25,12890.5,11:09,13086.25,hard_stop,65.25,-1.0207,-65.25,1.35,-66.6,-130.5,2.7,-133.2
2023-05-05,long,10:00,10:01,13194.5,13124.0,13335.5,11:29,13272.25,time_stop,70.5,1.0837,77.75,1.35,76.4,155.5,2.7,152.8
2023-05-08,short,10:34,10:35,13260.0,13310.5,13159.0,11:29,13289.0,time_stop,50.5,-0.601,-29.0,1.35,-30.35,-58.0,2.7,-60.7
2023-05-09,short,11:12,11:13,13266.0,13311.75,13174.5,11:29,13275.25,time_stop,45.75,-0.2317,-9.25,1.35,-10.6,-18.5,2.7,-21.2
2023-05-10,long,10:06,10:07,13421.25,13321.0,13621.75,10:46,13321.0,hard_stop,100.25,-1.0135,-100.25,1.35,-101.6,-200.5,2.7,-203.2
2023-05-11,short,10:39,10:40,13371.0,13433.5,13246.0,11:28,13433.5,hard_stop,62.5,-1.0216,-62.5,1.35,-63.85,-125.0,2.7,-127.7
2023-05-12,short,10:01,10:02,13425.0,13487.5,13300.0,11:29,13379.0,time_stop,62.5,0.7144,46.0,1.35,44.65,92.0,2.7,89.3
2023-05-15,short,10:06,10:07,13368.75,13428.5,13249.25,11:19,13428.5,hard_stop,59.75,-1.0226,-59.75,1.35,-61.1,-119.5,2.7,-122.2
2023-05-16,long,10:56,10:57,13528.5,13434.25,13717.0,11:29,13538.5,time_stop,94.25,0.0918,10.0,1.35,8.65,20.0,2.7,17.3
2023-05-17,long,11:17,11:18,13549.5,13475.25,13698.0,11:29,13536.75,time_stop,74.25,-0.1899,-12.75,1.35,-14.1,-25.5,2.7,-28.2
2023-05-18,long,10:06,10:07,13728.75,13652.5,13881.25,11:29,13821.25,time_stop,76.25,1.1954,92.5,1.35,91.15,185.0,2.7,182.3
2023-05-19,short,10:02,10:03,13871.25,13929.25,13755.25,11:29,13854.5,time_stop,58.0,0.2655,16.75,1.35,15.4,33.5,2.7,30.8
2023-05-24,short,10:04,10:05,13617.25,13675.25,13501.25,11:29,13615.0,time_stop,58.0,0.0155,2.25,1.35,0.9,4.5,2.7,1.8
2023-05-25,long,11:12,11:13,13967.75,13851.0,14201.25,11:29,13963.25,time_stop,116.75,-0.0501,-4.5,1.35,-5.85,-9.0,2.7,-11.7
2023-05-26,long,10:00,10:01,14141.25,14014.5,14394.75,11:29,14246.25,time_stop,126.75,0.8178,105.0,1.35,103.65,210.0,2.7,207.3
2023-05-30,short,10:00,10:01,14419.5,14559.75,14139.0,11:29,14454.0,time_stop,140.25,-0.2556,-34.5,1.35,-35.85,-69.0,2.7,-71.7
2023-05-31,short,10:17,10:18,14316.5,14412.5,14124.5,11:29,14268.5,time_stop,96.0,0.4859,48.0,1.35,46.65,96.0,2.7,93.3
2023-06-01,long,10:00,10:01,14327.5,14251.75,14479.0,11:29,14382.75,time_stop,75.75,0.7116,55.25,1.35,53.9,110.5,2.7,107.8
2023-06-05,long,10:52,10:53,14653.25,14567.5,14824.75,11:29,14672.0,time_stop,85.75,0.2029,18.75,1.35,17.4,37.5,2.7,34.8
2023-06-06,long,10:10,10:11,14568.0,14504.25,14695.5,11:29,14562.25,time_stop,63.75,-0.1114,-5.75,1.35,-7.1,-11.5,2.7,-14.2
2023-06-07,short,10:15,10:16,14573.0,14675.25,14368.5,11:29,14486.5,time_stop,102.25,0.8328,86.5,1.35,85.15,173.0,2.7,170.3
2023-06-08,long,10:05,10:06,14404.0,14327.75,14556.5,11:29,14491.0,time_stop,76.25,1.1233,87.0,1.35,85.65,174.0,2.7,171.3
2023-06-09,long,10:05,10:06,14671.25,14556.75,14900.25,11:28,14556.75,hard_stop,114.5,-1.0118,-114.5,1.35,-115.85,-229.0,2.7,-231.7
2023-06-13,short,10:07,10:08,15007.25,15130.25,14761.25,11:29,15093.25,time_stop,123.0,-0.7102,-86.0,1.35,-87.35,-172.0,2.7,-174.7
2023-06-14,long,10:04,10:05,15127.25,15052.25,15277.25,11:29,15197.25,time_stop,75.0,0.9153,70.0,1.35,68.65,140.0,2.7,137.3
2023-06-15,long,10:06,10:07,15233.5,15114.25,15472.0,11:29,15293.5,time_stop,119.25,0.4918,60.0,1.35,58.65,120.0,2.7,117.3
2023-06-16,short,11:27,11:28,15329.75,15475.75,15037.75,11:29,15343.25,time_stop,146.0,-0.1017,-13.5,1.35,-14.85,-27.0,2.7,-29.7
2023-06-20,short,10:15,10:16,15198.25,15311.0,14972.75,11:29,15176.25,time_stop,112.75,0.1831,22.0,1.35,20.65,44.0,2.7,41.3
2023-06-21,short,10:00,10:01,15108.5,15219.5,14886.5,11:29,15046.5,time_stop,111.0,0.5464,62.0,1.35,60.65,124.0,2.7,121.3
2023-06-22,long,10:11,10:12,15110.5,14963.75,15404.0,11:29,15109.25,time_stop,146.75,-0.0177,-1.25,1.35,-2.6,-2.5,2.7,-5.2
2023-06-26,long,10:01,10:02,15147.5,15024.25,15394.0,11:05,15024.25,hard_stop,123.25,-1.011,-123.25,1.35,-124.6,-246.5,2.7,-249.2
2023-06-27,short,10:12,10:13,14893.0,14970.75,14737.5,11:28,14970.75,hard_stop,77.75,-1.0174,-77.75,1.35,-79.1,-155.5,2.7,-158.2
2023-06-28,long,10:18,10:19,15112.5,15025.25,15287.0,11:29,15144.75,time_stop,87.25,0.3542,32.25,1.35,30.9,64.5,2.7,61.8
2023-06-29,short,10:07,10:08,15065.25,15145.0,14905.75,11:29,15131.5,time_stop,79.75,-0.8476,-66.25,1.35,-67.6,-132.5,2.7,-135.2
2023-06-30,long,10:05,10:06,15334.75,15238.25,15527.75,11:29,15328.0,time_stop,96.5,-0.0839,-6.75,1.35,-8.1,-13.5,2.7,-16.2
2023-07-05,long,10:16,10:17,15403.25,15292.25,15625.25,11:29,15362.0,time_stop,111.0,-0.3838,-41.25,1.35,-42.6,-82.5,2.7,-85.2
2023-07-06,short,10:04,10:05,15128.25,15214.5,14955.75,11:29,15135.75,time_stop,86.25,-0.1026,-7.5,1.35,-8.85,-15.0,2.7,-17.7
2023-07-07,short,10:34,10:35,15184.25,15277.0,14998.75,11:29,15249.0,time_stop,92.75,-0.7127,-64.75,1.35,-66.1,-129.5,2.7,-132.2
2023-07-11,short,10:04,10:05,15133.25,15233.75,14932.25,11:29,15180.25,time_stop,100.5,-0.4811,-47.0,1.35,-48.35,-94.0,2.7,-96.7
2023-07-12,long,10:08,10:09,15472.75,15408.25,15601.75,11:29,15450.25,time_stop,64.5,-0.3698,-22.5,1.35,-23.85,-45.0,2.7,-47.7
2023-07-14,long,10:03,10:04,15812.25,15721.25,15994.25,11:29,15807.75,time_stop,91.0,-0.0643,-4.5,1.35,-5.85,-9.0,2.7,-11.7
2023-07-17,long,11:28,11:29,15783.0,15708.5,15932.0,11:29,15780.0,time_stop,74.5,-0.0584,-3.0,1.35,-4.35,-6.0,2.7,-8.7
2023-07-19,short,10:15,10:16,15973.25,16037.25,15845.25,10:43,16037.25,hard_stop,64.0,-1.0211,-64.0,1.35,-65.35,-128.0,2.7,-130.7
2023-07-20,short,10:03,10:04,15825.5,15895.25,15686.0,11:29,15742.75,time_stop,69.75,1.167,82.75,1.35,81.4,165.5,2.7,162.8
2023-07-21,short,10:00,10:01,15620.5,15719.5,15422.5,11:29,15633.25,time_stop,99.0,-0.1424,-12.75,1.35,-14.1,-25.5,2.7,-28.2
2023-07-26,short,10:55,10:56,15559.25,15639.5,15398.75,11:29,15550.5,time_stop,80.25,0.0922,8.75,1.35,7.4,17.5,2.7,14.8
2023-07-27,short,10:24,10:25,15819.0,15904.25,15648.5,11:29,15823.75,time_stop,85.25,-0.0716,-4.75,1.35,-6.1,-9.5,2.7,-12.2
2023-07-28,long,10:02,10:03,15821.5,15715.5,16033.5,11:29,15863.75,time_stop,106.0,0.3858,42.25,1.35,40.9,84.5,2.7,81.8
2023-08-01,short,10:14,10:15,15755.75,15808.25,15650.75,10:36,15808.25,hard_stop,52.5,-1.0257,-52.5,1.35,-53.85,-105.0,2.7,-107.7
2023-08-02,short,10:06,10:07,15579.0,15669.0,15399.0,11:29,15503.75,time_stop,90.0,0.8211,75.25,1.35,73.9,150.5,2.7,147.8
2023-08-03,long,10:01,10:02,15461.25,15351.0,15681.75,11:29,15462.25,time_stop,110.25,-0.0032,1.0,1.35,-0.35,2.0,2.7,-0.7
2023-08-04,short,10:02,10:03,15426.75,15583.75,15112.75,11:29,15543.0,time_stop,157.0,-0.749,-116.25,1.35,-117.6,-232.5,2.7,-235.2
2023-08-07,short,10:00,10:01,15370.0,15473.5,15163.0,11:29,15360.5,time_stop,103.5,0.0787,9.5,1.35,8.15,19.0,2.7,16.3
2023-08-08,short,10:01,10:02,15267.5,15379.75,15043.0,11:29,15260.5,time_stop,112.25,0.0503,7.0,1.35,5.65,14.0,2.7,11.3
2023-08-09,short,10:21,10:22,15260.0,15368.75,15042.5,11:29,15170.75,time_stop,108.75,0.8083,89.25,1.35,87.9,178.5,2.7,175.8
2023-08-10,long,10:00,10:01,15430.75,15273.0,15746.25,11:20,15273.0,hard_stop,157.75,-1.0086,-157.75,1.35,-159.1,-315.5,2.7,-318.2
2023-08-11,long,10:02,10:03,15119.25,15051.75,15254.25,11:29,15057.75,time_stop,67.5,-0.9311,-61.5,1.35,-62.85,-123.0,2.7,-125.7
2023-08-14,long,10:04,10:05,15130.25,15034.75,15321.25,11:29,15221.0,time_stop,95.5,0.9361,90.75,1.35,89.4,181.5,2.7,178.8
2023-08-15,short,10:00,10:01,15174.5,15259.5,15004.5,11:29,15171.5,time_stop,85.0,0.0194,3.0,1.35,1.65,6.0,2.7,3.3
2023-08-16,long,10:18,10:19,15134.0,15050.75,15300.5,11:29,15099.5,time_stop,83.25,-0.4306,-34.5,1.35,-35.85,-69.0,2.7,-71.7
2023-08-17,short,10:12,10:13,14901.25,15007.75,14688.25,11:29,14868.75,time_stop,106.5,0.2925,32.5,1.35,31.15,65.0,2.7,62.3
2023-08-18,short,10:17,10:18,14618.5,14697.25,14461.0,10:40,14697.25,hard_stop,78.75,-1.0171,-78.75,1.35,-80.1,-157.5,2.7,-160.2
2023-08-21,long,10:04,10:05,14915.75,14805.25,15136.75,11:10,14805.25,hard_stop,110.5,-1.0122,-110.5,1.35,-111.85,-221.0,2.7,-223.7
2023-08-22,short,10:31,10:32,14989.75,15092.5,14784.25,11:29,15021.0,time_stop,102.75,-0.3173,-31.25,1.35,-32.6,-62.5,2.7,-65.2
2023-08-23,long,10:09,10:10,15105.75,14999.25,15318.75,11:29,15189.5,time_stop,106.5,0.7737,83.75,1.35,82.4,167.5,2.7,164.8
2023-08-24,short,10:07,10:08,15183.0,15340.0,14869.0,11:29,15018.0,time_stop,157.0,1.0424,165.0,1.35,163.65,330.0,2.7,327.3
2023-08-25,long,10:02,10:03,14957.5,14892.0,15088.5,10:08,14892.0,hard_stop,65.5,-1.0206,-65.5,1.35,-66.85,-131.0,2.7,-133.7
2023-08-29,long,10:00,10:01,15203.0,15062.5,15484.0,11:29,15344.5,time_stop,140.5,0.9975,141.5,1.35,140.15,283.0,2.7,280.3
2023-08-30,long,10:01,10:02,15484.25,15386.25,15680.25,10:26,15386.25,hard_stop,98.0,-1.0138,-98.0,1.35,-99.35,-196.0,2.7,-198.7
2023-08-31,long,10:00,10:01,15570.5,15488.5,15734.5,11:29,15566.5,time_stop,82.0,-0.0652,-4.0,1.35,-5.35,-8.0,2.7,-10.7
2023-09-01,short,10:56,10:57,15491.5,15653.0,15168.5,11:29,15507.5,time_stop,161.5,-0.1074,-16.0,1.35,-17.35,-32.0,2.7,-34.7
2023-09-05,long,10:24,10:25,15510.5,15446.0,15639.5,11:29,15531.75,time_stop,64.5,0.3085,21.25,1.35,19.9,42.5,2.7,39.8
2023-09-06,short,10:00,10:01,15453.0,15514.5,15330.0,11:29,15389.5,time_stop,61.5,1.0106,63.5,1.35,62.15,127.0,2.7,124.3
2023-09-07,long,10:40,10:41,15252.5,15157.25,15443.0,11:29,15229.0,time_stop,95.25,-0.2609,-23.5,1.35,-24.85,-47.0,2.7,-49.7
2023-09-08,long,10:06,10:07,15382.0,15269.75,15606.5,11:29,15355.25,time_stop,112.25,-0.2503,-26.75,1.35,-28.1,-53.5,2.7,-56.2
2023-09-11,short,10:12,10:13,15343.25,15448.5,15132.75,11:29,15395.75,time_stop,105.25,-0.5116,-52.5,1.35,-53.85,-105.0,2.7,-107.7
2023-09-12,short,10:27,10:28,15584.0,15659.0,15434.0,11:29,15544.25,time_stop,75.0,0.512,39.75,1.35,38.4,79.5,2.7,76.8
2023-09-13,short,10:05,10:06,15491.75,15561.75,15351.75,10:40,15561.75,hard_stop,70.0,-1.0193,-70.0,1.35,-71.35,-140.0,2.7,-142.7
2023-09-14,long,10:44,10:45,15645.5,15536.0,15864.5,11:29,15660.5,time_stop,109.5,0.1247,15.0,1.35,13.65,30.0,2.7,27.3
2023-09-15,short,10:12,10:13,15487.75,15627.75,15207.75,11:29,15430.25,time_stop,140.0,0.4011,57.5,1.35,56.15,115.0,2.7,112.3
2023-09-18,long,10:17,10:18,15435.25,15342.75,15620.25,11:29,15422.25,time_stop,92.5,-0.1551,-13.0,1.35,-14.35,-26.0,2.7,-28.7
2023-09-19,short,10:00,10:01,15298.5,15373.5,15148.5,11:29,15281.0,time_stop,75.0,0.2153,17.5,1.35,16.15,35.0,2.7,32.3
2023-09-20,short,10:14,10:15,15373.0,15435.5,15248.0,11:29,15335.75,time_stop,62.5,0.5744,37.25,1.35,35.9,74.5,2.7,71.8
2023-09-21,short,10:01,10:02,14923.0,15020.5,14728.0,11:29,14943.0,time_stop,97.5,-0.219,-20.0,1.35,-21.35,-40.0,2.7,-42.7
2023-09-22,long,10:05,10:06,14950.75,14887.75,15076.75,11:29,15010.5,time_stop,63.0,0.927,59.75,1.35,58.4,119.5,2.7,116.8
2023-09-25,long,11:16,11:17,14901.5,14782.25,15140.0,11:29,14896.5,time_stop,119.25,-0.0532,-5.0,1.35,-6.35,-10.0,2.7,-12.7
2023-09-26,short,10:04,10:05,14760.75,14846.5,14589.25,11:29,14728.75,time_stop,85.75,0.3574,32.0,1.35,30.65,64.0,2.7,61.3
2023-09-27,short,10:01,10:02,14748.25,14806.25,14632.25,11:29,14738.75,time_stop,58.0,0.1405,9.5,1.35,8.15,19.0,2.7,16.3
2023-09-28,long,10:00,10:01,14763.75,14657.75,14975.75,11:29,14827.0,time_stop,106.0,0.584,63.25,1.35,61.9,126.5,2.7,123.8
2023-09-29,long,10:00,10:01,15047.25,14976.5,15188.75,10:24,14976.5,hard_stop,70.75,-1.0191,-70.75,1.35,-72.1,-141.5,2.7,-144.2
2023-10-02,long,10:02,10:03,14976.5,14847.5,15234.5,11:29,15039.0,time_stop,129.0,0.474,62.5,1.35,61.15,125.0,2.7,122.3
2023-10-03,short,10:02,10:03,14870.75,14975.0,14662.25,11:29,14738.0,time_stop,104.25,1.2604,132.75,1.35,131.4,265.5,2.7,262.8
2023-10-04,short,10:08,10:09,14742.75,14834.75,14558.75,10:41,14834.75,hard_stop,92.0,-1.0147,-92.0,1.35,-93.35,-184.0,2.7,-186.7
2023-10-05,short,10:00,10:01,14814.25,14926.75,14589.25,11:29,14756.25,time_stop,112.5,0.5036,58.0,1.35,56.65,116.0,2.7,113.3
2023-10-06,long,10:23,10:24,14806.25,14702.0,15014.75,11:29,14923.5,time_stop,104.25,1.1118,117.25,1.35,115.9,234.5,2.7,231.8
2023-10-10,long,10:00,10:01,15255.25,15179.75,15406.25,11:29,15351.5,time_stop,75.5,1.257,96.25,1.35,94.9,192.5,2.7,189.8
2023-10-11,short,10:00,10:01,15312.5,15387.5,15162.5,11:29,15313.25,time_stop,75.0,-0.028,-0.75,1.35,-2.1,-1.5,2.7,-4.2
2023-10-12,long,10:06,10:07,15423.0,15365.75,15537.5,11:29,15418.25,time_stop,57.25,-0.1066,-4.75,1.35,-6.1,-9.5,2.7,-12.2
2023-10-13,short,10:07,10:08,15292.0,15367.0,15142.0,11:29,15159.25,time_stop,75.0,1.752,132.75,1.35,131.4,265.5,2.7,262.8
2023-10-16,long,10:12,10:13,15263.5,15168.5,15453.5,11:29,15302.25,time_stop,95.0,0.3937,38.75,1.35,37.4,77.5,2.7,74.8
2023-10-17,long,10:11,10:12,15156.25,15050.0,15368.75,11:29,15231.5,time_stop,106.25,0.6955,75.25,1.35,73.9,150.5,2.7,147.8
2023-10-18,long,10:19,10:20,15200.25,15122.25,15356.25,10:36,15122.25,hard_stop,78.0,-1.0173,-78.0,1.35,-79.35,-156.0,2.7,-158.7
2023-10-19,short,10:29,10:30,15003.75,15109.25,14792.75,11:29,15014.0,time_stop,105.5,-0.11,-10.25,1.35,-11.6,-20.5,2.7,-23.2
2023-10-20,short,10:11,10:12,14790.5,14886.25,14599.0,11:29,14676.25,time_stop,95.75,1.1791,114.25,1.35,112.9,228.5,2.7,225.8
2023-10-23,long,10:12,10:13,14654.5,14514.0,14935.5,11:29,14741.0,time_stop,140.5,0.606,86.5,1.35,85.15,173.0,2.7,170.3
2023-10-24,long,10:29,10:30,14847.75,14758.25,15026.75,11:29,14802.25,time_stop,89.5,-0.5235,-45.5,1.35,-46.85,-91.0,2.7,-93.7
2023-10-25,short,10:26,10:27,14602.0,14749.5,14307.0,11:29,14637.25,time_stop,147.5,-0.2481,-35.25,1.35,-36.6,-70.5,2.7,-73.2
2023-10-26,short,10:01,10:02,14313.0,14459.25,14020.5,11:29,14257.5,time_stop,146.25,0.3703,55.5,1.35,54.15,111.0,2.7,108.3
2023-10-27,short,10:41,10:42,14288.5,14357.25,14151.0,11:05,14357.25,hard_stop,68.75,-1.0196,-68.75,1.35,-70.1,-137.5,2.7,-140.2
2023-10-30,short,10:30,10:31,14333.5,14476.75,14047.0,11:29,14340.5,time_stop,143.25,-0.0583,-7.0,1.35,-8.35,-14.0,2.7,-16.7
2023-10-31,long,11:00,11:01,14433.0,14311.0,14677.0,11:29,14379.75,time_stop,122.0,-0.4475,-53.25,1.35,-54.6,-106.5,2.7,-109.2
2023-11-01,long,10:20,10:21,14591.0,14515.0,14743.0,11:29,14590.75,time_stop,76.0,-0.0211,-0.25,1.35,-1.6,-0.5,2.7,-3.2
2023-11-02,short,10:07,10:08,14888.5,14952.75,14760.0,10:51,14952.75,hard_stop,64.25,-1.021,-64.25,1.35,-65.6,-128.5,2.7,-131.2
2023-11-06,short,10:03,10:04,15195.75,15257.75,15071.75,11:29,15221.25,time_stop,62.0,-0.4331,-25.5,1.35,-26.85,-51.0,2.7,-53.7
2023-11-07,long,10:00,10:01,15317.0,15223.75,15503.5,11:29,15384.75,time_stop,93.25,0.7121,67.75,1.35,66.4,135.5,2.7,132.8
2023-11-08,short,10:02,10:03,15363.0,15417.75,15253.5,11:29,15346.0,time_stop,54.75,0.2858,17.0,1.35,15.65,34.0,2.7,31.3
2023-11-09,short,10:07,10:08,15355.75,15423.25,15220.75,11:11,15423.25,hard_stop,67.5,-1.02,-67.5,1.35,-68.85,-135.0,2.7,-137.7
2023-11-10,long,11:03,11:04,15395.0,15305.25,15574.5,11:29,15436.25,time_stop,89.75,0.4446,41.25,1.35,39.9,82.5,2.7,79.8
2023-11-13,long,10:46,10:47,15541.75,15465.0,15695.25,11:29,15568.5,time_stop,76.75,0.3309,26.75,1.35,25.4,53.5,2.7,50.8
2023-11-14,long,10:00,10:01,15876.0,15790.0,16048.0,11:29,15870.25,time_stop,86.0,-0.0826,-5.75,1.35,-7.1,-11.5,2.7,-14.2
2023-11-16,long,10:06,10:07,15901.0,15825.0,16053.0,10:41,15825.0,hard_stop,76.0,-1.0178,-76.0,1.35,-77.35,-152.0,2.7,-154.7
2023-11-17,short,11:05,11:06,15826.75,15881.0,15718.25,11:29,15859.0,time_stop,54.25,-0.6194,-32.25,1.35,-33.6,-64.5,2.7,-67.2
2023-11-20,long,10:05,10:06,15997.5,15894.5,16203.5,11:29,16011.25,time_stop,103.0,0.1204,13.75,1.35,12.4,27.5,2.7,24.8
2023-11-21,short,10:17,10:18,15977.5,16021.0,15890.5,11:29,15947.5,time_stop,43.5,0.6586,30.0,1.35,28.65,60.0,2.7,57.3
2023-11-22,short,10:02,10:03,16032.5,16173.75,15750.0,11:29,16064.25,time_stop,141.25,-0.2343,-31.75,1.35,-33.1,-63.5,2.7,-66.2
2023-11-27,long,10:09,10:10,16044.0,15970.0,16192.0,11:29,16028.25,time_stop,74.0,-0.2311,-15.75,1.35,-17.1,-31.5,2.7,-34.2
2023-11-28,long,10:39,10:40,16010.25,15958.25,16114.25,11:29,16040.5,time_stop,52.0,0.5558,30.25,1.35,28.9,60.5,2.7,57.8
2023-11-29,short,10:05,10:06,16143.0,16208.75,16011.5,11:29,16045.0,time_stop,65.75,1.47,98.0,1.35,96.65,196.0,2.7,193.3
2023-11-30,short,10:02,10:03,15930.0,16051.75,15686.5,11:29,15894.75,time_stop,121.75,0.2784,35.25,1.35,33.9,70.5,2.7,67.8
2023-12-01,long,10:02,10:03,15949.0,15875.25,16096.5,10:26,15875.25,hard_stop,73.75,-1.0183,-73.75,1.35,-75.1,-147.5,2.7,-150.2
2023-12-04,short,10:15,10:16,15816.25,15876.75,15695.25,11:29,15769.75,time_stop,60.5,0.7463,46.5,1.35,45.15,93.0,2.7,90.3
2023-12-05,long,10:00,10:01,15894.5,15783.0,16117.5,11:29,15876.75,time_stop,111.5,-0.1713,-17.75,1.35,-19.1,-35.5,2.7,-38.2
2023-12-06,short,10:00,10:01,15933.0,16038.0,15723.0,11:29,15909.25,time_stop,105.0,0.2133,23.75,1.35,22.4,47.5,2.7,44.8
2023-12-07,long,10:21,10:22,15991.0,15887.25,16198.5,11:29,15970.0,time_stop,103.75,-0.2154,-21.0,1.35,-22.35,-42.0,2.7,-44.7
2023-12-08,long,10:00,10:01,16031.75,15947.0,16201.25,11:29,16054.25,time_stop,84.75,0.2496,22.5,1.35,21.15,45.0,2.7,42.3
2023-12-11,long,10:00,10:01,16164.5,16068.5,16356.5,11:29,16152.5,time_stop,96.0,-0.1391,-12.0,1.35,-13.35,-24.0,2.7,-26.7
2023-12-12,long,10:01,10:02,16471.25,16396.25,16621.25,11:29,16495.5,time_stop,75.0,0.3053,24.25,1.35,22.9,48.5,2.7,45.8
2023-12-14,short,10:05,10:06,16807.5,16877.5,16667.5,11:29,16765.75,time_stop,70.0,0.5771,41.75,1.35,40.4,83.5,2.7,80.8
2023-12-15,long,10:15,10:16,16846.75,16779.75,16980.75,11:29,16876.0,time_stop,67.0,0.4164,29.25,1.35,27.9,58.5,2.7,55.8
2023-12-18,long,10:02,10:03,16891.25,16832.25,17009.25,11:29,16899.75,time_stop,59.0,0.1212,8.5,1.35,7.15,17.0,2.7,14.3
2023-12-19,long,10:32,10:33,16996.75,16944.25,17101.75,11:29,16998.0,time_stop,52.5,-0.0019,1.25,1.35,-0.1,2.5,2.7,-0.2
2023-12-20,long,10:01,10:02,17025.5,16970.75,17135.0,11:29,17041.75,time_stop,54.75,0.2721,16.25,1.35,14.9,32.5,2.7,29.8
2023-12-21,short,10:05,10:06,16875.75,16959.0,16709.25,11:29,16898.0,time_stop,83.25,-0.2835,-22.25,1.35,-23.6,-44.5,2.7,-47.2
2023-12-22,short,11:00,11:01,16986.0,17041.75,16874.5,11:29,16998.5,time_stop,55.75,-0.2484,-12.5,1.35,-13.85,-25.0,2.7,-27.7
2023-12-26,long,10:26,10:27,17052.75,17005.25,17147.75,11:29,17037.25,time_stop,47.5,-0.3547,-15.5,1.35,-16.85,-31.0,2.7,-33.7
2023-12-28,short,10:05,10:06,17110.5,17159.25,17013.0,11:29,17114.25,time_stop,48.75,-0.1046,-3.75,1.35,-5.1,-7.5,2.7,-10.2
2023-12-29,short,10:35,10:36,17071.25,17107.75,16998.25,11:08,16998.25,tp1,36.5,1.9699,73.0,1.1,71.9,146.0,2.2,143.8
2024-01-02,short,10:30,10:31,16706.5,16873.75,16372.0,11:29,16761.0,time_stop,167.25,-0.3339,-54.5,1.35,-55.85,-109.0,2.7,-111.7
2024-01-03,short,10:12,10:13,16573.25,16642.5,16434.75,11:29,16590.25,time_stop,69.25,-0.265,-17.0,1.35,-18.35,-34.0,2.7,-36.7
2024-01-04,long,10:08,10:09,16507.0,16443.0,16635.0,11:29,16566.25,time_stop,64.0,0.9047,59.25,1.35,57.9,118.5,2.7,115.8
2024-01-05,long,10:00,10:01,16498.25,16437.25,16620.25,11:29,16518.75,time_stop,61.0,0.3139,20.5,1.35,19.15,41.0,2.7,38.3
2024-01-08,long,10:04,10:05,16641.0,16505.25,16912.5,11:29,16649.25,time_stop,135.75,0.0508,8.25,1.35,6.9,16.5,2.7,13.8
2024-01-09,long,10:09,10:10,16720.25,16660.25,16840.25,11:29,16779.75,time_stop,60.0,0.9692,59.5,1.35,58.15,119.0,2.7,116.3
2024-01-10,short,10:02,10:03,16810.75,16874.25,16683.75,10:42,16874.25,hard_stop,63.5,-1.0213,-63.5,1.35,-64.85,-127.0,2.7,-129.7
2024-01-11,short,10:03,10:04,16920.75,17043.75,16674.75,11:29,16796.0,time_stop,123.0,1.0033,124.75,1.35,123.4,249.5,2.7,246.8
2024-01-12,short,10:00,10:01,16965.0,17042.75,16809.5,11:29,16982.0,time_stop,77.75,-0.236,-17.0,1.35,-18.35,-34.0,2.7,-36.7
2024-01-16,long,10:16,10:17,16946.75,16854.75,17130.75,11:29,16995.25,time_stop,92.0,0.5125,48.5,1.35,47.15,97.0,2.7,94.3
2024-01-17,short,10:00,10:01,16691.25,16843.25,16387.25,11:29,16818.25,time_stop,152.0,-0.8444,-127.0,1.35,-128.35,-254.0,2.7,-256.7
2024-01-18,short,10:03,10:04,16992.25,17054.5,16867.75,10:37,17054.5,hard_stop,62.25,-1.0217,-62.25,1.35,-63.6,-124.5,2.7,-127.2
2024-01-19,long,10:00,10:01,17215.0,17166.0,17313.0,11:29,17257.75,time_stop,49.0,0.8449,42.75,1.35,41.4,85.5,2.7,82.8
2024-01-22,short,10:28,10:29,17491.5,17585.25,17304.0,11:29,17494.25,time_stop,93.75,-0.0437,-2.75,1.35,-4.1,-5.5,2.7,-8.2
2024-01-24,long,10:15,10:16,17703.0,17637.25,17834.5,11:29,17708.5,time_stop,65.75,0.0631,5.5,1.35,4.15,11.0,2.7,8.3
2024-01-25,short,10:03,10:04,17652.0,17727.0,17502.0,10:22,17727.0,hard_stop,75.0,-1.018,-75.0,1.35,-76.35,-150.0,2.7,-152.7
2024-01-26,short,10:05,10:06,17516.0,17571.25,17405.5,10:27,17571.25,hard_stop,55.25,-1.0244,-55.25,1.35,-56.6,-110.5,2.7,-113.2
2024-01-29,short,11:00,11:01,17521.75,17583.75,17397.75,11:29,17558.75,time_stop,62.0,-0.6185,-37.0,1.35,-38.35,-74.0,2.7,-76.7
2024-01-31,short,10:14,10:15,17336.5,17426.75,17156.0,11:29,17336.75,time_stop,90.25,-0.0177,-0.25,1.35,-1.6,-0.5,2.7,-3.2
2024-02-01,short,10:00,10:01,17283.75,17338.0,17175.25,10:08,17338.0,hard_stop,54.25,-1.0249,-54.25,1.35,-55.6,-108.5,2.7,-111.2
2024-02-02,long,10:40,10:41,17627.75,17465.25,17952.75,11:29,17671.0,time_stop,162.5,0.2578,43.25,1.35,41.9,86.5,2.7,83.8
2024-02-05,short,10:02,10:03,17676.5,17737.5,17554.5,10:45,17554.5,tp1,61.0,1.982,122.0,1.1,120.9,244.0,2.2,241.8
2024-02-06,short,10:00,10:01,17646.75,17768.0,17404.25,11:29,17655.5,time_stop,121.25,-0.0833,-8.75,1.35,-10.1,-17.5,2.7,-20.2
2024-02-07,long,10:13,10:14,17805.75,17718.5,17980.25,11:29,17828.5,time_stop,87.25,0.2453,22.75,1.35,21.4,45.5,2.7,42.8
2024-02-08,long,10:01,10:02,17853.0,17807.75,17943.5,11:29,17863.5,time_stop,45.25,0.2022,10.5,1.35,9.15,21.0,2.7,18.3
2024-02-09,long,10:16,10:17,17951.5,17874.75,18105.0,11:29,17983.25,time_stop,76.75,0.3961,31.75,1.35,30.4,63.5,2.7,60.8
2024-02-12,long,10:40,10:41,18052.0,18007.0,18142.0,11:29,18094.0,time_stop,45.0,0.9033,42.0,1.35,40.65,84.0,2.7,81.3
2024-02-13,long,10:20,10:21,17689.0,17586.5,17894.0,11:29,17752.75,time_stop,102.5,0.6088,63.75,1.35,62.4,127.5,2.7,124.8
2024-02-14,long,10:19,10:20,17825.25,17742.75,17990.25,11:00,17742.75,hard_stop,82.5,-1.0164,-82.5,1.35,-83.85,-165.0,2.7,-167.7
2024-02-15,short,10:03,10:04,17800.5,17903.5,17594.5,11:29,17832.75,time_stop,103.0,-0.3262,-32.25,1.35,-33.6,-64.5,2.7,-67.2
2024-02-16,short,10:00,10:01,17753.0,17930.25,17398.5,11:29,17861.75,time_stop,177.25,-0.6212,-108.75,1.35,-110.1,-217.5,2.7,-220.2
2024-02-20,short,10:01,10:02,17536.75,17724.25,17161.75,11:29,17572.75,time_stop,187.5,-0.1992,-36.0,1.35,-37.35,-72.0,2.7,-74.7
2024-02-21,long,10:04,10:05,17522.5,17448.0,17671.5,11:29,17490.25,time_stop,74.5,-0.451,-32.25,1.35,-33.6,-64.5,2.7,-67.2
2024-02-22,long,11:18,11:19,17974.25,17863.75,18195.25,11:29,17955.5,time_stop,110.5,-0.1819,-18.75,1.35,-20.1,-37.5,2.7,-40.2
2024-02-23,short,10:00,10:01,18057.5,18145.0,17882.5,11:29,18006.75,time_stop,87.5,0.5646,50.75,1.35,49.4,101.5,2.7,98.8
2024-02-27,long,10:19,10:20,18028.0,17940.75,18202.5,11:29,17976.0,time_stop,87.25,-0.6115,-52.0,1.35,-53.35,-104.0,2.7,-106.7
2024-02-28,long,11:01,11:02,17952.25,17875.75,18105.25,11:29,17961.0,time_stop,76.5,0.0967,8.75,1.35,7.4,17.5,2.7,14.8
2024-02-29,short,10:10,10:11,18011.75,18072.75,17889.75,11:29,17979.75,time_stop,61.0,0.5025,32.0,1.35,30.65,64.0,2.7,61.3
2024-03-01,long,10:00,10:01,18147.5,18093.5,18255.5,11:29,18229.0,time_stop,54.0,1.4843,81.5,1.35,80.15,163.0,2.7,160.3
2024-03-04,short,10:05,10:06,18285.5,18335.0,18186.5,11:29,18303.75,time_stop,49.5,-0.396,-18.25,1.35,-19.6,-36.5,2.7,-39.2
2024-03-05,short,10:08,10:09,18014.0,18135.5,17771.0,11:29,17954.5,time_stop,121.5,0.4786,59.5,1.35,58.15,119.0,2.7,116.3
2024-03-06,short,10:01,10:02,18033.5,18126.75,17847.0,11:29,18097.75,time_stop,93.25,-0.7035,-64.25,1.35,-65.6,-128.5,2.7,-131.2
2024-03-07,long,10:15,10:16,18228.75,18118.5,18449.25,11:29,18286.5,time_stop,110.25,0.5116,57.75,1.35,56.4,115.5,2.7,112.8
2024-03-08,long,10:01,10:02,18394.25,18287.75,18607.25,11:08,18287.75,hard_stop,106.5,-1.0127,-106.5,1.35,-107.85,-213.0,2.7,-215.7
2024-03-11,short,10:02,10:03,17895.0,18001.5,17682.0,10:54,18001.5,hard_stop,106.5,-1.0127,-106.5,1.35,-107.85,-213.0,2.7,-215.7
2024-03-12,long,10:23,10:24,18344.0,18173.75,18684.5,11:29,18453.5,time_stop,170.25,0.6352,109.5,1.35,108.15,219.0,2.7,216.3
2024-03-13,short,10:00,10:01,18322.75,18430.0,18108.25,11:29,18321.0,time_stop,107.25,0.0037,1.75,1.35,0.4,3.5,2.7,0.8
2024-03-14,short,10:00,10:01,18211.25,18398.25,17837.25,11:29,18278.75,time_stop,187.0,-0.3682,-67.5,1.35,-68.85,-135.0,2.7,-137.7
2024-03-15,short,10:05,10:06,18054.5,18174.75,17814.0,11:29,18102.75,time_stop,120.25,-0.4125,-48.25,1.35,-49.6,-96.5,2.7,-99.2
2024-03-18,long,10:25,10:26,18369.5,18277.25,18554.0,11:29,18319.75,time_stop,92.25,-0.5539,-49.75,1.35,-51.1,-99.5,2.7,-102.2
2024-03-21,short,11:07,11:08,18618.75,18709.25,18437.75,11:29,18655.5,time_stop,90.5,-0.421,-36.75,1.35,-38.1,-73.5,2.7,-76.2
2024-03-22,long,10:03,10:04,18549.25,18499.75,18648.25,11:29,18553.5,time_stop,49.5,0.0586,4.25,1.35,2.9,8.5,2.7,5.8
2024-03-25,long,10:08,10:09,18494.75,18414.5,18655.25,11:29,18528.25,time_stop,80.25,0.4006,33.5,1.35,32.15,67.0,2.7,64.3
2024-03-26,long,10:00,10:01,18603.25,18549.75,18710.25,10:29,18549.75,hard_stop,53.5,-1.0252,-53.5,1.35,-54.85,-107.0,2.7,-109.7
2024-03-27,short,10:01,10:02,18426.25,18572.0,18134.75,11:29,18400.75,time_stop,145.75,0.1657,25.5,1.35,24.15,51.0,2.7,48.3
2024-04-01,short,10:51,10:52,18475.5,18607.25,18212.0,11:29,18470.75,time_stop,131.75,0.0258,4.75,1.35,3.4,9.5,2.7,6.8
2024-04-02,short,10:12,10:13,18219.0,18292.25,18072.5,11:29,18268.25,time_stop,73.25,-0.6908,-49.25,1.35,-50.6,-98.5,2.7,-101.2
2024-04-03,long,10:00,10:01,18320.0,18239.25,18481.5,11:29,18442.5,time_stop,80.75,1.5003,122.5,1.35,121.15,245.0,2.7,242.3
2024-04-04,short,10:22,10:23,18499.5,18568.25,18362.0,11:29,18501.75,time_stop,68.75,-0.0524,-2.25,1.35,-3.6,-4.5,2.7,-7.2
2024-04-05,long,10:12,10:13,18250.5,18102.25,18547.0,11:29,18282.5,time_stop,148.25,0.2067,32.0,1.35,30.65,64.0,2.7,61.3
2024-04-08,long,10:29,10:30,18339.75,18237.25,18544.75,11:29,18336.0,time_stop,102.5,-0.0498,-3.75,1.35,-5.1,-7.5,2.7,-10.2
2024-04-09,short,10:08,10:09,18334.75,18405.25,18193.75,10:42,18193.75,tp1,70.5,1.9844,141.0,1.1,139.9,282.0,2.2,279.8
2024-04-10,long,10:38,10:39,18223.5,18107.5,18455.5,11:29,18180.75,time_stop,116.0,-0.3802,-42.75,1.35,-44.1,-85.5,2.7,-88.2
2024-04-11,short,10:11,10:12,18212.0,18274.25,18087.5,11:16,18274.25,hard_stop,62.25,-1.0217,-62.25,1.35,-63.6,-124.5,2.7,-127.2
2024-04-12,short,10:08,10:09,18274.25,18343.5,18135.75,11:29,18262.75,time_stop,69.25,0.1466,11.5,1.35,10.15,23.0,2.7,20.3
2024-04-15,short,10:08,10:09,18251.25,18339.25,18075.25,11:29,18195.25,time_stop,88.0,0.621,56.0,1.35,54.65,112.0,2.7,109.3
2024-04-16,long,10:14,10:15,17912.5,17821.75,18094.0,11:29,17911.5,time_stop,90.75,-0.0259,-1.0,1.35,-2.35,-2.0,2.7,-4.7
2024-04-17,short,10:02,10:03,17865.5,17959.75,17677.0,11:29,17767.5,time_stop,94.25,1.0255,98.0,1.35,96.65,196.0,2.7,193.3
2024-04-18,long,10:35,10:36,17684.75,17551.75,17950.75,11:29,17706.0,time_stop,133.0,0.1496,21.25,1.35,19.9,42.5,2.7,39.8
2024-04-19,short,10:11,10:12,17417.25,17517.25,17217.25,11:29,17333.0,time_stop,100.0,0.829,84.25,1.35,82.9,168.5,2.7,165.8
2024-04-22,short,10:17,10:18,17262.25,17331.75,17123.25,11:29,17206.0,time_stop,69.5,0.7899,56.25,1.35,54.9,112.5,2.7,109.8
2024-04-23,long,10:20,10:21,17539.0,17413.5,17790.0,11:29,17588.25,time_stop,125.5,0.3817,49.25,1.35,47.9,98.5,2.7,95.8
2024-04-24,short,10:39,10:40,17710.5,17795.75,17540.0,11:29,17658.5,time_stop,85.25,0.5941,52.0,1.35,50.65,104.0,2.7,101.3
2024-04-25,long,10:10,10:11,17384.5,17308.0,17537.5,11:29,17406.5,time_stop,76.5,0.2699,22.0,1.35,20.65,44.0,2.7,41.3
2024-04-26,long,10:03,10:04,17811.0,17668.0,18097.0,11:29,17837.25,time_stop,143.0,0.1741,26.25,1.35,24.9,52.5,2.7,49.8
2024-04-30,short,10:30,10:31,17823.0,17888.0,17693.0,11:29,17771.25,time_stop,65.0,0.7754,51.75,1.35,50.4,103.5,2.7,100.8
2024-05-01,short,10:00,10:01,17453.75,17517.75,17325.75,11:29,17452.25,time_stop,64.0,0.0023,1.5,1.35,0.15,3.0,2.7,0.3
