session_date,year,ib_high,ib_low,ib_mid,ib_range,med_ib_bar_range,bin_width,bins_across_ib,n_grid_bins,poc,vah,val,over_high,over_low,over_high_bins,over_low_bins
2015-01-02,2015,4272.75,4252.25,4262.5,20.5,3.0,1.0,20.5,21,4263.75,4272.25,4259.25,-0.5,-7.0,-0.5,-7.0
2015-01-05,2015,4207.25,4183.0,4195.125,24.25,4.25,1.25,19.4,20,4201.125,4206.75,4190.5,-0.5,-7.5,-0.4,-6.0
2015-01-07,2015,4144.75,4117.5,4131.125,27.25,3.875,1.25,21.8,22,4134.375,4142.5,4126.25,-2.25,-8.75,-1.8,-7.0
2015-01-12,2015,4218.5,4160.75,4189.625,57.75,5.375,3.0,19.25,20,4186.25,4193.75,4160.75,-24.75,0.0,-8.25,0.0
2015-01-13,2015,4243.75,4202.0,4222.875,41.75,4.0,2.0,20.875,21,4235.0,4240.0,4218.0,-3.75,-16.0,-1.875,-8.0
2015-01-14,2015,4142.0,4112.75,4127.375,29.25,5.625,1.5,19.5,20,4134.5,4141.25,4130.75,-0.75,-18.0,-0.5,-12.0
2015-01-15,2015,4163.0,4101.5,4132.25,61.5,7.0,3.0,20.5,21,4118.0,4143.5,4104.5,-19.5,-3.0,-6.5,-1.0
2015-01-16,2015,4105.25,4074.0,4089.625,31.25,5.0,1.5,20.833333333333332,21,4101.75,4105.25,4083.0,0.0,-9.0,0.0,-6.0
2015-01-20,2015,4165.5,4122.5,4144.0,43.0,5.375,2.25,19.11111111111111,20,4159.625,4165.25,4131.5,-0.25,-9.0,-0.1111111111111111,-4.0
2015-01-21,2015,4181.0,4137.0,4159.0,44.0,6.375,2.25,19.555555555555557,20,4162.875,4173.0,4148.25,-8.0,-11.25,-3.5555555555555554,-5.0
2015-01-22,2015,4218.75,4164.5,4191.625,54.25,6.375,2.75,19.727272727272727,20,4182.375,4194.75,4164.5,-24.0,0.0,-8.727272727272727,0.0
2015-01-23,2015,4270.5,4250.25,4260.375,20.25,5.5,1.0,20.25,21,4261.75,4266.25,4257.25,-4.25,-7.0,-4.25,-7.0
2015-01-26,2015,4268.75,4246.0,4257.375,22.75,3.875,1.25,18.2,19,4255.375,4258.5,4249.75,-10.25,-3.75,-8.2,-3.0
2015-03-09,2015,4405.5,4385.5,4395.5,20.0,1.75,1.0,20.0,20,4392.0,4396.5,4385.5,-9.0,0.0,-9.0,0.0
2015-03-11,2015,4332.25,4317.0,4324.625,15.25,3.5,0.75,20.333333333333332,21,4327.125,4332.0,4323.75,-0.25,-6.75,-0.3333333333333333,-9.0
2015-03-12,2015,4324.75,4294.25,4309.5,30.5,3.375,1.5,20.333333333333332,21,4320.5,4324.25,4301.75,-0.5,-7.5,-0.3333333333333333,-5.0
2015-03-13,2015,4341.75,4317.0,4329.375,24.75,3.75,1.25,19.8,20,4332.625,4340.75,4322.0,-1.0,-5.0,-0.8,-4.0
2015-03-16,2015,4342.5,4319.25,4330.875,23.25,3.5,1.25,18.6,19,4327.375,4333.0,4319.25,-9.5,0.0,-7.6,0.0
2015-03-17,2015,4361.0,4346.25,4353.625,14.75,2.375,0.75,19.666666666666668,20,4351.875,4356.75,4347.0,-4.25,-0.75,-5.666666666666667,-1.0
2015-03-18,2015,4360.75,4347.0,4353.875,13.75,3.0,0.75,18.333333333333332,19,4351.125,4357.5,4349.25,-3.25,-2.25,-4.333333333333333,-3.0
2015-03-19,2015,4427.75,4413.0,4420.375,14.75,2.75,0.75,19.666666666666668,20,4422.375,4425.75,4416.0,-2.0,-3.0,-2.6666666666666665,-4.0
2015-03-20,2015,4459.5,4448.25,4453.875,11.25,2.375,0.5,22.5,23,4456.0,4457.25,4450.75,-2.25,-2.5,-4.5,-5.0
2015-03-23,2015,4453.25,4440.5,4446.875,12.75,2.25,0.75,17.0,17,4446.125,4451.0,4444.25,-2.25,-3.75,-3.0,-5.0
2015-03-24,2015,4445.5,4432.0,4438.75,13.5,2.5,0.75,18.0,18,4443.625,4444.0,4435.75,-1.5,-3.75,-2.0,-5.0
2015-03-25,2015,4436.0,4397.5,4416.75,38.5,3.5,2.0,19.25,20,4420.5,4421.5,4399.5,-14.5,-2.0,-7.25,-1.0
2015-03-26,2015,4312.75,4272.0,4292.375,40.75,4.75,2.0,20.375,21,4279.0,4300.0,4274.0,-12.75,-2.0,-6.375,-1.0
2015-03-27,2015,4325.0,4305.0,4315.0,20.0,4.375,1.0,20.0,20,4320.5,4325.0,4314.0,0.0,-9.0,0.0,-9.0
2015-03-30,2015,4375.75,4349.5,4362.625,26.25,4.0,1.25,21.0,21,4370.125,4373.25,4357.0,-2.5,-7.5,-2.0,-6.0
2015-03-31,2015,4364.5,4344.75,4354.625,19.75,3.75,1.0,19.75,20,4361.25,4363.75,4352.75,-0.75,-8.0,-0.75,-8.0
2015-04-06,2015,4319.25,4275.25,4297.25,44.0,3.75,2.25,19.555555555555557,20,4310.125,4319.25,4291.0,0.0,-15.75,0.0,-7.0
2015-04-07,2015,4363.5,4339.5,4351.5,24.0,3.375,1.25,19.2,20,4357.625,4360.75,4352.0,-2.75,-12.5,-2.2,-10.0
2015-04-08,2015,4369.5,4336.25,4352.875,33.25,2.875,1.75,19.0,19,4366.875,4367.75,4345.0,-1.75,-8.75,-1.0,-5.0
2015-04-09,2015,4390.0,4367.25,4378.625,22.75,3.25,1.25,18.2,19,4385.375,4388.5,4372.25,-1.5,-5.0,-1.2,-4.0
2015-04-10,2015,4401.25,4385.75,4393.5,15.5,3.25,0.75,20.666666666666668,21,4395.125,4398.5,4390.25,-2.75,-4.5,-3.6666666666666665,-6.0
2015-04-13,2015,4438.75,4417.5,4428.125,21.25,2.25,1.0,21.25,22,4436.0,4438.5,4427.5,-0.25,-10.0,-0.25,-10.0
2015-04-14,2015,4413.0,4379.25,4396.125,33.75,3.875,1.75,19.285714285714285,20,4409.875,4413.0,4391.5,0.0,-12.25,0.0,-7.0
2015-04-15,2015,4412.5,4398.5,4405.5,14.0,3.375,0.75,18.666666666666668,19,4404.125,4409.0,4402.25,-3.5,-3.75,-4.666666666666667,-5.0
2015-04-16,2015,4419.0,4404.0,4411.5,15.0,3.75,0.75,20.0,20,4412.625,4416.0,4407.75,-3.0,-3.75,-4.0,-5.0
2015-04-17,2015,4382.75,4350.75,4366.75,32.0,4.5,1.5,21.333333333333332,22,4359.0,4374.75,4352.25,-8.0,-1.5,-5.333333333333333,-1.0
2015-04-20,2015,4390.25,4363.0,4376.625,27.25,3.0,1.25,21.8,22,4387.375,4390.25,4369.25,0.0,-6.25,0.0,-5.0
2015-04-21,2015,4442.75,4423.25,4433.0,19.5,4.0,1.0,19.5,20,4435.75,4438.25,4429.25,-4.5,-6.0,-4.5,-6.0
2015-04-22,2015,4443.0,4420.5,4431.75,22.5,3.25,1.25,18.0,18,4437.375,4440.5,4424.25,-2.5,-3.75,-2.0,-3.0
2015-04-23,2015,4454.75,4436.25,4445.5,18.5,3.125,1.0,18.5,19,4446.75,4453.25,4442.25,-1.5,-6.0,-1.5,-6.0
2015-04-24,2015,4524.25,4511.0,4517.625,13.25,3.5,0.75,17.666666666666668,18,4516.625,4520.0,4511.75,-4.25,-0.75,-5.666666666666667,-1.0
2015-04-27,2015,4554.5,4537.5,4546.0,17.0,2.625,0.75,22.666666666666668,23,4543.875,4547.25,4540.5,-7.25,-3.0,-9.666666666666666,-4.0
2015-04-28,2015,4525.25,4500.25,4512.75,25.0,4.625,1.25,20.0,20,4515.875,4524.0,4507.75,-1.25,-7.5,-1.0,-6.0
2015-04-29,2015,4511.0,4484.25,4497.625,26.75,3.875,1.25,21.4,22,4506.125,4509.25,4495.5,-1.75,-11.25,-1.4,-9.0
2015-04-30,2015,4474.5,4447.25,4460.875,27.25,4.75,1.25,21.8,22,4455.375,4468.5,4449.75,-6.0,-2.5,-4.8,-2.0
2015-05-01,2015,4446.25,4426.0,4436.125,20.25,4.25,1.0,20.25,21,4437.5,4440.0,4429.0,-6.25,-3.0,-6.25,-3.0
2015-05-04,2015,4503.5,4478.25,4490.875,25.25,3.125,1.25,20.2,21,4490.125,4500.75,4487.0,-2.75,-8.75,-2.2,-7.0
2015-05-05,2015,4466.0,4435.0,4450.5,31.0,4.25,1.5,20.666666666666668,21,4455.25,4465.0,4439.5,-1.0,-4.5,-0.6666666666666666,-3.0
2015-05-06,2015,4422.5,4371.25,4396.875,51.25,4.875,2.5,20.5,21,4380.0,4406.25,4371.25,-16.25,0.0,-6.5,0.0
2015-05-07,2015,4397.75,4366.75,4382.25,31.0,5.5,1.5,20.666666666666668,21,4390.0,4396.75,4374.25,-1.0,-7.5,-0.6666666666666666,-5.0
2015-05-08,2015,4456.75,4436.75,4446.75,20.0,3.875,1.0,20.0,20,4449.25,4453.75,4444.75,-3.0,-8.0,-3.0,-8.0
2015-05-11,2015,4464.5,4444.75,4454.625,19.75,4.0,1.0,19.75,20,4459.25,4461.75,4450.75,-2.75,-6.0,-2.75,-6.0
2015-05-12,2015,4409.5,4374.5,4392.0,35.0,4.25,1.75,20.0,20,4380.625,4402.5,4379.75,-7.0,-5.25,-4.0,-3.0
2015-05-13,2015,4457.75,4429.0,4443.375,28.75,3.625,1.5,19.166666666666668,20,4450.75,4457.5,4447.0,-0.25,-18.0,-0.16666666666666666,-12.0
2015-05-14,2015,4463.75,4444.0,4453.875,19.75,3.5,1.0,19.75,20,4456.5,4459.0,4448.0,-4.75,-4.0,-4.75,-4.0
2015-05-15,2015,4506.75,4487.25,4497.0,19.5,3.125,1.0,19.5,20,4492.75,4503.25,4488.25,-3.5,-1.0,-3.5,-1.0
2015-05-18,2015,4491.5,4478.25,4484.875,13.25,2.5,0.75,17.666666666666668,18,4483.125,4486.5,4479.75,-5.0,-1.5,-6.666666666666667,-2.0
2015-05-19,2015,4520.5,4508.0,4514.25,12.5,3.125,0.75,16.666666666666668,17,4516.625,4518.5,4511.75,-2.0,-3.75,-2.6666666666666665,-5.0
2015-05-20,2015,4507.5,4482.25,4494.875,25.25,2.875,1.25,20.2,21,4487.875,4493.5,4482.25,-14.0,0.0,-11.2,0.0
2015-05-21,2015,4505.5,4492.0,4498.75,13.5,2.5,0.75,18.0,18,4502.125,4504.0,4497.25,-1.5,-5.25,-2.0,-7.0
2015-05-22,2015,4538.0,4522.0,4530.0,16.0,2.5,0.75,21.333333333333332,22,4532.125,4537.0,4528.75,-1.0,-6.75,-1.3333333333333333,-9.0
2015-05-26,2015,4521.75,4486.75,4504.25,35.0,4.5,1.75,20.0,20,4489.375,4511.25,4486.75,-10.5,0.0,-6.0,0.0
2015-05-27,2015,4514.75,4477.0,4495.875,37.75,3.875,2.0,18.875,19,4508.0,4513.0,4487.0,-1.75,-10.0,-0.875,-5.0
2015-05-28,2015,4547.5,4524.5,4536.0,23.0,3.25,1.25,18.4,19,4541.375,4544.5,4533.25,-3.0,-8.75,-2.4,-7.0
2015-05-29,2015,4539.0,4525.25,4532.125,13.75,3.625,0.75,18.333333333333332,19,4530.875,4534.25,4526.0,-4.75,-0.75,-6.333333333333333,-1.0
2015-06-01,2015,4536.0,4496.25,4516.125,39.75,3.625,2.0,19.875,20,4501.25,4522.25,4496.25,-13.75,0.0,-6.875,0.0
2015-06-02,2015,4510.75,4483.75,4497.25,27.0,4.75,1.25,21.6,22,4490.625,4498.75,4485.0,-12.0,-1.25,-9.6,-1.0
2015-06-03,2015,4534.5,4513.75,4524.125,20.75,3.75,1.0,20.75,21,4526.25,4532.75,4519.75,-1.75,-6.0,-1.75,-6.0
2015-06-04,2015,4519.75,4493.25,4506.5,26.5,4.625,1.25,21.2,22,4511.375,4514.5,4495.75,-5.25,-2.5,-4.2,-2.0
2015-06-05,2015,4489.75,4449.25,4469.5,40.5,4.75,2.0,20.25,21,4458.25,4471.25,4453.25,-18.5,-4.0,-9.25,-2.0
2015-06-08,2015,4478.5,4457.5,4468.0,21.0,3.75,1.0,21.0,21,4469.0,4475.5,4462.5,-3.0,-5.0,-3.0,-5.0
2015-06-09,2015,4428.5,4400.5,4414.5,28.0,4.5,1.5,18.666666666666668,19,4405.75,4421.5,4402.0,-7.0,-1.5,-4.666666666666667,-1.0
2015-06-10,2015,4454.75,4433.5,4444.125,21.25,3.375,1.0,21.25,22,4447.0,4453.5,4440.5,-1.25,-7.0,-1.25,-7.0
2015-06-11,2015,4512.0,4496.25,4504.125,15.75,3.375,0.75,21.0,21,4505.625,4510.5,4500.75,-1.5,-4.5,-2.0,-6.0
2015-06-12,2015,4475.75,4458.5,4467.125,17.25,3.625,0.75,23.0,23,4463.375,4468.25,4460.0,-7.5,-1.5,-10.0,-2.0
2015-06-15,2015,4414.0,4386.5,4400.25,27.5,3.75,1.5,18.333333333333332,19,4400.75,4404.5,4391.0,-9.5,-4.5,-6.333333333333333,-3.0
2015-06-16,2015,4439.75,4416.75,4428.25,23.0,3.375,1.25,18.4,19,4434.875,4438.0,4424.25,-1.75,-7.5,-1.4,-6.0
2015-06-17,2015,4465.5,4455.25,4460.375,10.25,2.5,0.5,20.5,21,4459.5,4462.75,4457.25,-2.75,-2.0,-5.5,-4.0
2015-06-18,2015,4504.0,4475.0,4489.5,29.0,2.75,1.5,19.333333333333332,20,4501.25,4504.0,4485.5,0.0,-10.5,0.0,-7.0
2015-06-19,2015,4533.5,4512.25,4522.875,21.25,2.5,1.0,21.25,22,4516.75,4525.25,4512.25,-8.25,0.0,-8.25,0.0
2015-06-22,2015,4546.0,4531.75,4538.875,14.25,3.0,0.75,19.0,19,4537.375,4542.25,4535.5,-3.75,-3.75,-5.0,-5.0
2015-06-23,2015,4545.75,4534.0,4539.875,11.75,2.5,0.5,23.5,24,4537.25,4542.5,4535.0,-3.25,-1.0,-6.5,-2.0
2015-06-24,2015,4543.0,4530.0,4536.5,13.0,2.125,0.75,17.333333333333332,18,4540.125,4542.0,4535.25,-1.0,-5.25,-1.3333333333333333,-7.0
2015-06-25,2015,4536.75,4518.25,4527.5,18.5,3.25,1.0,18.5,19,4523.75,4530.25,4521.25,-6.5,-3.0,-6.5,-3.0
2015-06-26,2015,4512.25,4489.5,4500.875,22.75,3.0,1.25,18.2,19,4498.875,4504.5,4490.75,-7.75,-1.25,-6.2,-1.0
2015-06-29,2015,4451.5,4419.0,4435.25,32.5,4.25,1.75,18.571428571428573,19,4446.125,4450.5,4427.75,-1.0,-8.75,-0.5714285714285714,-5.0
2015-06-30,2015,4403.75,4385.25,4394.5,18.5,3.875,1.0,18.5,19,4394.75,4399.25,4388.25,-4.5,-3.0,-4.5,-3.0
2015-07-02,2015,4437.25,4425.75,4431.5,11.5,3.125,0.5,23.0,23,4432.0,4435.25,4428.75,-2.0,-3.0,-4.0,-6.0
2015-07-06,2015,4411.75,4384.75,4398.25,27.0,4.125,1.25,21.6,22,4402.875,4408.5,4392.25,-3.25,-7.5,-2.6,-6.0
2015-07-07,2015,4418.25,4385.75,4402.0,32.5,3.75,1.75,18.571428571428573,19,4397.125,4401.5,4385.75,-16.75,0.0,-9.571428571428571,0.0
2015-07-09,2015,4407.25,4388.25,4397.75,19.0,3.75,1.0,19.0,19,4395.75,4404.25,4393.25,-3.0,-5.0,-3.0,-5.0
2015-07-10,2015,4402.5,4391.25,4396.875,11.25,3.375,0.5,22.5,23,4396.5,4401.75,4395.25,-0.75,-4.0,-1.5,-8.0
2015-07-13,2015,4473.75,4448.25,4461.0,25.5,3.25,1.25,20.4,21,4457.625,4468.25,4449.5,-5.5,-1.25,-4.4,-1.0
2015-07-14,2015,4504.5,4491.0,4497.75,13.5,3.0,0.75,18.0,18,4498.875,4502.25,4494.0,-2.25,-3.0,-3.0,-4.0
2015-07-15,2015,4535.0,4519.5,4527.25,15.5,2.75,0.75,20.666666666666668,21,4522.875,4530.75,4521.0,-4.25,-1.5,-5.666666666666667,-2.0
2015-07-16,2015,4565.0,4551.0,4558.0,14.0,2.625,0.75,18.666666666666668,19,4555.125,4561.5,4551.75,-3.5,-0.75,-4.666666666666667,-1.0
2015-07-17,2015,4627.5,4615.5,4621.5,12.0,2.5,0.5,24.0,24,4624.25,4627.5,4621.0,0.0,-5.5,0.0,-11.0
2015-07-20,2015,4664.0,4650.25,4657.125,13.75,3.0,0.75,18.333333333333332,19,4657.375,4663.75,4654.0,-0.25,-3.75,-0.3333333333333333,-5.0
2015-07-21,2015,4676.25,4660.25,4668.25,16.0,2.5,0.75,21.333333333333332,22,4670.375,4672.25,4662.5,-4.0,-2.25,-5.333333333333333,-3.0
2015-07-22,2015,4632.0,4594.75,4613.375,37.25,4.75,1.75,21.285714285714285,22,4618.375,4626.25,4610.5,-5.75,-15.75,-3.2857142857142856,-9.0
2015-07-23,2015,4626.0,4609.75,4617.875,16.25,3.375,0.75,21.666666666666668,22,4616.875,4620.25,4612.0,-5.75,-2.25,-7.666666666666667,-3.0
2015-07-24,2015,4623.75,4600.5,4612.125,23.25,3.625,1.25,18.6,19,4608.625,4616.75,4605.5,-7.0,-5.0,-5.6,-4.0
2015-07-27,2015,4533.75,4507.25,4520.5,26.5,3.75,1.25,21.2,22,4517.875,4526.0,4509.75,-7.75,-2.5,-6.2,-2.0
2015-07-28,2015,4534.0,4501.25,4517.625,32.75,5.0,1.75,18.714285714285715,19,4514.375,4522.25,4506.5,-11.75,-5.25,-6.714285714285714,-3.0
2015-07-29,2015,4568.5,4549.25,4558.875,19.25,3.5,1.0,19.25,20,4564.75,4568.5,4556.25,0.0,-7.0,0.0,-7.0
2015-07-30,2015,4566.25,4534.25,4550.25,32.0,3.75,1.5,21.333333333333332,22,4542.5,4555.25,4535.75,-11.0,-1.5,-7.333333333333333,-1.0
2015-07-31,2015,4608.25,4583.5,4595.875,24.75,4.0,1.25,19.8,20,4596.625,4599.75,4586.0,-8.5,-2.5,-6.8,-2.0
2015-08-03,2015,4599.25,4580.25,4589.75,19.0,3.75,1.0,19.0,19,4587.75,4594.25,4583.25,-5.0,-3.0,-5.0,-3.0
2015-08-04,2015,4574.5,4552.5,4563.5,22.0,4.25,1.0,22.0,22,4570.0,4572.5,4561.5,-2.0,-9.0,-2.0,-9.0
2015-08-05,2015,4617.0,4583.0,4600.0,34.0,4.5,1.75,19.428571428571427,20,4597.875,4616.25,4593.5,-0.75,-10.5,-0.42857142857142855,-6.0
2015-08-06,2015,4608.0,4565.75,4586.875,42.25,4.375,2.0,21.125,22,4580.75,4593.75,4567.75,-14.25,-2.0,-7.125,-1.0
2015-08-07,2015,4528.75,4498.25,4513.5,30.5,5.375,1.5,20.333333333333332,21,4506.5,4516.25,4502.75,-12.5,-4.5,-8.333333333333334,-3.0
2015-08-10,2015,4573.0,4546.0,4559.5,27.0,3.375,1.25,21.6,22,4565.375,4568.5,4554.75,-4.5,-8.75,-3.6,-7.0
2015-08-11,2015,4563.25,4534.0,4548.625,29.25,5.25,1.5,19.5,20,4551.25,4561.0,4544.5,-2.25,-10.5,-1.5,-7.0
2015-08-12,2015,4480.5,4449.0,4464.75,31.5,5.75,1.5,21.0,21,4460.25,4467.0,4450.5,-13.5,-1.5,-9.0,-1.0
2015-08-13,2015,4544.0,4512.75,4528.375,31.25,6.25,1.5,20.833333333333332,21,4525.5,4535.25,4515.75,-8.75,-3.0,-5.833333333333333,-2.0
2015-08-14,2015,4523.75,4502.0,4512.875,21.75,3.75,1.0,21.75,22,4511.5,4520.0,4507.0,-3.75,-5.0,-3.75,-5.0
2015-08-17,2015,4515.75,4503.25,4509.5,12.5,4.25,0.75,16.666666666666668,17,4508.875,4512.25,4505.5,-3.5,-2.25,-4.666666666666667,-3.0
2015-08-18,2015,4557.75,4542.5,4550.125,15.25,3.25,0.75,20.333333333333332,21,4552.625,4554.5,4544.75,-3.25,-2.25,-4.333333333333333,-3.0
2015-08-19,2015,4526.75,4500.5,4513.625,26.25,3.875,1.25,21.0,21,4508.625,4516.75,4505.5,-10.0,-5.0,-8.0,-4.0
2015-08-20,2015,4482.25,4457.25,4469.75,25.0,5.25,1.25,20.0,20,4466.625,4477.25,4463.5,-5.0,-6.25,-4.0,-5.0
2015-08-21,2015,4344.75,4302.25,4323.5,42.5,6.375,2.25,18.88888888888889,19,4330.375,4336.0,4311.25,-8.75,-9.0,-3.888888888888889,-4.0
2015-08-24,2015,4043.25,3908.25,3975.75,135.0,15.0,6.75,20.0,20,4006.125,4036.5,3962.25,-6.75,-54.0,-1.0,-8.0
2015-08-25,2015,4183.75,4134.5,4159.125,49.25,11.875,2.5,19.7,20,4155.75,4172.0,4149.5,-11.75,-15.0,-4.7,-6.0
2015-08-26,2015,4149.75,4100.5,4125.125,49.25,10.0,2.5,19.7,20,4114.25,4130.5,4108.0,-19.25,-7.5,-7.7,-3.0
2015-08-27,2015,4299.5,4264.5,4282.0,35.0,6.5,1.75,20.0,20,4279.375,4290.75,4271.5,-8.75,-7.0,-5.0,-4.0
2015-08-28,2015,4324.25,4297.75,4311.0,26.5,6.625,1.25,21.2,22,4315.875,4319.0,4302.75,-5.25,-5.0,-4.2,-4.0
2015-08-31,2015,4315.75,4287.0,4301.375,28.75,6.625,1.5,19.166666666666668,20,4299.75,4309.5,4296.0,-6.25,-9.0,-4.166666666666667,-6.0
2015-09-01,2015,4223.0,4162.25,4192.625,60.75,9.0,3.0,20.25,21,4190.75,4216.25,4177.25,-6.75,-15.0,-2.25,-5.0
2015-09-02,2015,4211.25,4180.5,4195.875,30.75,6.25,1.5,20.5,21,4188.75,4204.5,4188.0,-6.75,-7.5,-4.5,-5.0
2015-09-03,2015,4287.0,4257.25,4272.125,29.75,5.75,1.5,19.833333333333332,20,4277.5,4281.25,4264.75,-5.75,-7.5,-3.8333333333333335,-5.0
2015-09-04,2015,4203.5,4171.25,4187.375,32.25,7.0,1.5,21.5,22,4176.5,4192.25,4172.75,-11.25,-1.5,-7.5,-1.0
2015-09-08,2015,4291.5,4260.75,4276.125,30.75,4.375,1.5,20.5,21,4282.5,4289.25,4266.75,-2.25,-6.0,-1.5,-4.0
2015-09-09,2015,4352.25,4327.0,4339.625,25.25,4.625,1.25,20.2,21,4345.125,4350.75,4334.5,-1.5,-7.5,-1.2,-6.0
2015-09-10,2015,4271.75,4241.75,4256.75,30.0,5.875,1.5,20.0,20,4266.5,4270.25,4253.75,-1.5,-12.0,-1.0,-8.0
2015-09-11,2015,4289.0,4270.25,4279.625,18.75,4.625,1.0,18.75,19,4279.75,4286.25,4275.25,-2.75,-5.0,-2.75,-5.0
2015-09-14,2015,4329.0,4290.75,4309.875,38.25,4.125,2.0,19.125,20,4297.75,4314.75,4292.75,-14.25,-2.0,-7.125,-1.0
2015-09-16,2015,4358.75,4335.75,4347.25,23.0,4.0,1.25,18.4,19,4340.125,4355.75,4339.5,-3.0,-3.75,-2.4,-3.0
2015-09-17,2015,4375.75,4364.25,4370.0,11.5,3.25,0.5,23.0,23,4370.0,4372.25,4365.75,-3.5,-1.5,-7.0,-3.0
2015-09-18,2015,4336.75,4305.25,4321.0,31.5,5.0,1.5,21.0,21,4327.0,4333.75,4317.25,-3.0,-12.0,-2.0,-8.0
2015-09-21,2015,4346.5,4326.75,4336.625,19.75,4.125,1.0,19.75,20,4340.25,4342.75,4331.75,-3.75,-5.0,-3.75,-5.0
2015-09-22,2015,4273.5,4251.75,4262.625,21.75,4.625,1.0,21.75,22,4266.25,4268.75,4255.75,-4.75,-4.0,-4.75,-4.0
2015-09-23,2015,4273.25,4247.5,4260.375,25.75,4.375,1.25,20.6,21,4261.875,4272.5,4253.75,-0.75,-6.25,-0.6,-5.0
2015-09-24,2015,4233.75,4200.25,4217.0,33.5,4.5,1.75,19.142857142857142,20,4204.625,4226.5,4200.25,-7.25,0.0,-4.142857142857143,0.0
2015-09-25,2015,4298.5,4275.75,4287.125,22.75,4.75,1.25,18.2,19,4291.375,4297.0,4283.25,-1.5,-7.5,-1.2,-6.0
2015-09-28,2015,4197.0,4156.0,4176.5,41.0,5.375,2.0,20.5,21,4189.0,4194.0,4172.0,-3.0,-16.0,-1.5,-8.0
2015-09-29,2015,4114.0,4072.75,4093.375,41.25,6.125,2.0,20.625,21,4093.75,4098.75,4076.75,-15.25,-4.0,-7.625,-2.0
2015-09-30,2015,4152.5,4124.25,4138.375,28.25,5.25,1.5,18.833333333333332,19,4143.0,4149.75,4133.25,-2.75,-9.0,-1.8333333333333333,-6.0
2015-10-01,2015,4177.25,4131.0,4154.125,46.25,5.375,2.25,20.555555555555557,21,4147.875,4158.0,4133.25,-19.25,-2.25,-8.555555555555555,-1.0
2015-10-02,2015,4137.0,4111.5,4124.25,25.5,6.25,1.25,20.4,21,4124.625,4132.75,4119.0,-4.25,-7.5,-3.4,-6.0
2015-10-05,2015,4292.25,4279.0,4285.625,13.25,4.125,0.75,17.666666666666668,18,4285.375,4290.25,4283.5,-2.0,-4.5,-2.6666666666666665,-6.0
2015-10-06,2015,4322.0,4299.75,4310.875,22.25,4.25,1.0,22.25,23,4315.25,4317.75,4306.75,-4.25,-7.0,-4.25,-7.0
2015-10-07,2015,4332.0,4308.5,4320.25,23.5,4.375,1.25,18.8,19,4326.625,4329.75,4316.0,-2.25,-7.5,-1.8,-6.0
2015-10-08,2015,4309.75,4292.0,4300.875,17.75,4.25,1.0,17.75,18,4303.5,4308.0,4297.0,-1.75,-5.0,-1.75,-5.0
2015-10-09,2015,4356.25,4331.25,4343.75,25.0,4.625,1.25,20.0,20,4348.125,4351.25,4337.5,-5.0,-6.25,-4.0,-5.0
2015-10-12,2015,4374.75,4355.25,4365.0,19.5,3.375,1.0,19.5,20,4361.75,4370.25,4359.25,-4.5,-4.0,-4.5,-4.0
2015-10-13,2015,4365.5,4342.5,4354.0,23.0,3.25,1.25,18.4,19,4360.625,4365.5,4350.0,0.0,-7.5,0.0,-6.0
2015-10-14,2015,4365.0,4341.75,4353.375,23.25,3.25,1.25,18.6,19,4359.875,4363.0,4349.25,-2.0,-7.5,-1.6,-6.0
2015-10-15,2015,4375.75,4348.25,4362.0,27.5,4.625,1.5,18.333333333333332,19,4364.0,4373.75,4357.25,-2.0,-9.0,-1.3333333333333333,-6.0
2015-10-16,2015,4419.5,4404.75,4412.125,14.75,3.75,0.75,19.666666666666668,20,4408.125,4414.5,4406.25,-5.0,-1.5,-6.666666666666667,-2.0
2015-10-19,2015,4433.5,4411.0,4422.25,22.5,2.5,1.25,18.0,18,4419.125,4424.75,4413.5,-8.75,-2.5,-7.0,-2.0
2015-10-20,2015,4448.5,4433.0,4440.75,15.5,3.0,0.75,20.666666666666668,21,4443.875,4447.25,4436.0,-1.25,-3.0,-1.6666666666666667,-4.0
2015-10-21,2015,4456.25,4436.5,4446.375,19.75,3.5,1.0,19.75,20,4449.0,4451.5,4442.5,-4.75,-6.0,-4.75,-6.0
2015-10-22,2015,4465.5,4429.25,4447.375,36.25,5.0,1.75,20.714285714285715,21,4449.375,4464.25,4445.0,-1.25,-15.75,-0.7142857142857143,-9.0
2015-10-23,2015,4621.25,4590.5,4605.875,30.75,4.625,1.5,20.5,21,4607.75,4611.5,4592.0,-9.75,-1.5,-6.5,-1.0
2015-10-26,2015,4615.75,4598.75,4607.25,17.0,4.125,0.75,22.666666666666668,23,4607.375,4612.25,4604.0,-3.5,-5.25,-4.666666666666667,-7.0
2015-10-27,2015,4629.0,4607.75,4618.375,21.25,2.875,1.0,21.25,22,4624.25,4626.75,4613.75,-2.25,-6.0,-2.25,-6.0
2015-10-28,2015,4641.75,4621.5,4631.625,20.25,3.25,1.0,20.25,21,4630.0,4632.5,4623.5,-9.25,-2.0,-9.25,-2.0
2015-10-29,2015,4659.5,4644.75,4652.125,14.75,3.5,0.75,19.666666666666668,20,4654.125,4657.5,4647.75,-2.0,-3.0,-2.6666666666666665,-4.0
2015-10-30,2015,4672.5,4660.75,4666.625,11.75,3.0,0.5,23.5,24,4665.5,4668.75,4663.25,-3.75,-2.5,-7.5,-5.0
2015-11-02,2015,4663.0,4644.25,4653.625,18.75,2.75,1.0,18.75,19,4648.75,4657.25,4646.25,-5.75,-2.0,-5.75,-2.0
2016-03-07,2016,4302.5,4280.75,4291.625,21.75,1.75,1.0,21.75,22,4300.25,4300.75,4285.75,-1.75,-5.0,-1.75,-5.0
2016-03-08,2016,4284.25,4250.0,4267.125,34.25,5.0,1.75,19.571428571428573,20,4257.875,4272.75,4253.5,-11.5,-3.5,-6.571428571428571,-2.0
2016-03-09,2016,4273.25,4248.5,4260.875,24.75,2.625,1.25,19.8,20,4254.125,4262.25,4251.0,-11.0,-2.5,-8.8,-2.0
2016-03-10,2016,4324.5,4290.5,4307.5,34.0,5.75,1.75,19.428571428571427,20,4307.125,4318.5,4299.25,-6.0,-8.75,-3.4285714285714284,-5.0
2016-03-11,2016,4331.0,4313.25,4322.125,17.75,3.875,1.0,17.75,18,4326.75,4329.25,4320.25,-1.75,-7.0,-1.75,-7.0
2016-03-14,2016,4348.5,4334.5,4341.5,14.0,3.0,0.75,18.666666666666668,19,4345.375,4347.25,4339.0,-1.25,-4.5,-1.6666666666666667,-6.0
2016-03-15,2016,4349.75,4332.5,4341.125,17.25,2.75,0.75,23.0,23,4344.875,4346.75,4338.5,-3.0,-6.0,-4.0,-8.0
2016-03-16,2016,4365.25,4346.75,4356.0,18.5,2.75,1.0,18.5,19,4352.25,4356.75,4347.75,-8.5,-1.0,-8.5,-1.0
2016-03-17,2016,4394.5,4372.5,4383.5,22.0,3.0,1.0,22.0,22,4375.0,4385.5,4372.5,-9.0,0.0,-9.0,0.0
2016-03-18,2016,4407.0,4375.75,4391.375,31.25,3.5,1.5,20.833333333333332,21,4399.0,4405.75,4383.25,-1.25,-7.5,-0.8333333333333334,-5.0
2016-03-21,2016,4412.25,4391.0,4401.625,21.25,2.75,1.0,21.25,22,4409.5,4412.0,4399.0,-0.25,-8.0,-0.25,-8.0
2016-03-22,2016,4416.0,4391.0,4403.5,25.0,3.75,1.25,20.0,20,4401.625,4407.25,4393.5,-8.75,-2.5,-7.0,-2.0
2016-03-23,2016,4425.0,4406.5,4415.75,18.5,3.5,1.0,18.5,19,4413.0,4419.5,4408.5,-5.5,-2.0,-5.5,-2.0
2016-03-24,2016,4384.0,4365.25,4374.625,18.75,3.0,1.0,18.75,19,4369.75,4378.25,4367.25,-5.75,-2.0,-5.75,-2.0
2016-03-28,2016,4409.0,4381.5,4395.25,27.5,3.375,1.5,18.333333333333332,19,4386.75,4399.5,4383.0,-9.5,-1.5,-6.333333333333333,-1.0
2016-03-29,2016,4386.75,4374.0,4380.375,12.75,3.0,0.75,17.0,17,4380.375,4382.25,4377.0,-4.5,-3.0,-6.0,-4.0
2016-03-30,2016,4509.5,4481.25,4495.375,28.25,2.375,1.5,18.833333333333332,19,4504.5,4508.25,4485.75,-1.25,-4.5,-0.8333333333333334,-3.0
2016-03-31,2016,4487.0,4473.5,4480.25,13.5,3.25,0.75,18.0,18,4479.875,4483.25,4478.0,-3.75,-4.5,-5.0,-6.0
2016-04-01,2016,4463.0,4441.5,4452.25,21.5,3.75,1.0,21.5,22,4451.0,4457.5,4444.5,-5.5,-3.0,-5.5,-3.0
2016-04-04,2016,4522.25,4509.0,4515.625,13.25,3.0,0.75,17.666666666666668,18,4519.125,4521.0,4515.75,-1.25,-6.75,-1.6666666666666667,-9.0
2016-04-05,2016,4476.0,4457.75,4466.875,18.25,2.875,1.0,18.25,19,4471.25,4473.75,4462.75,-2.25,-5.0,-2.25,-5.0
2016-04-06,2016,4483.5,4467.25,4475.375,16.25,3.25,0.75,21.666666666666668,22,4471.375,4477.75,4468.0,-5.75,-0.75,-7.666666666666667,-1.0
2016-04-07,2016,4517.5,4499.75,4508.625,17.75,3.375,1.0,17.75,18,4514.25,4516.75,4505.75,-0.75,-6.0,-0.75,-6.0
2016-04-08,2016,4503.25,4484.75,4494.0,18.5,3.375,1.0,18.5,19,4493.25,4497.75,4490.75,-5.5,-6.0,-5.5,-6.0
2016-04-11,2016,4497.5,4480.0,4488.75,17.5,3.75,1.0,17.5,18,4486.5,4493.0,4482.0,-4.5,-2.0,-4.5,-2.0
2016-04-12,2016,4460.0,4443.25,4451.625,16.75,4.25,0.75,22.333333333333332,23,4453.375,4458.25,4448.5,-1.75,-5.25,-2.3333333333333335,-7.0
2016-04-13,2016,4543.25,4517.5,4530.375,25.75,3.125,1.25,20.6,21,4524.375,4535.0,4518.75,-8.25,-1.25,-6.6,-1.0
2016-04-14,2016,4549.75,4534.5,4542.125,15.25,2.75,0.75,20.333333333333332,21,4541.625,4543.5,4535.25,-6.25,-0.75,-8.333333333333334,-1.0
2016-04-15,2016,4547.75,4533.25,4540.5,14.5,3.0,0.75,19.333333333333332,20,4541.875,4545.25,4537.0,-2.5,-3.75,-3.3333333333333335,-5.0
2016-04-18,2016,4535.25,4519.25,4527.25,16.0,2.5,0.75,21.333333333333332,22,4525.625,4533.5,4523.75,-1.75,-4.5,-2.3333333333333335,-6.0
2016-04-19,2016,4568.75,4533.5,4551.125,35.25,3.625,1.75,20.142857142857142,21,4543.125,4551.0,4535.25,-17.75,-1.75,-10.142857142857142,-1.0
2016-04-20,2016,4544.25,4515.5,4529.875,28.75,3.625,1.5,19.166666666666668,20,4523.75,4533.5,4517.0,-10.75,-1.5,-7.166666666666667,-1.0
2016-04-21,2016,4535.5,4514.25,4524.875,21.25,3.75,1.0,21.25,22,4530.75,4535.25,4520.25,-0.25,-6.0,-0.25,-6.0
2016-04-22,2016,4497.0,4471.5,4484.25,25.5,3.75,1.25,20.4,21,4484.625,4490.25,4476.5,-6.75,-5.0,-5.4,-4.0
2016-04-25,2016,4467.25,4450.0,4458.625,17.25,3.125,0.75,23.0,23,4461.625,4466.5,4455.25,-0.75,-5.25,-1.0,-7.0
2016-04-26,2016,4484.25,4466.0,4475.125,18.25,3.125,1.0,18.25,19,4469.5,4478.0,4467.0,-6.25,-1.0,-6.25,-1.0
2016-04-27,2016,4418.5,4392.0,4405.25,26.5,4.25,1.25,21.2,22,4408.875,4417.0,4400.75,-1.5,-8.75,-1.2,-7.0
2016-04-28,2016,4427.5,4408.0,4417.75,19.5,3.5,1.0,19.5,20,4423.5,4426.0,4413.0,-1.5,-5.0,-1.5,-5.0
2016-04-29,2016,4363.75,4327.5,4345.625,36.25,4.75,1.75,20.714285714285715,21,4352.875,4360.75,4338.0,-3.0,-10.5,-1.7142857142857142,-6.0
2016-05-02,2016,4343.25,4326.5,4334.875,16.75,4.375,0.75,22.333333333333332,23,4331.375,4339.25,4329.5,-4.0,-3.0,-5.333333333333333,-4.0
2016-05-03,2016,4351.5,4326.0,4338.75,25.5,4.5,1.25,20.4,21,4346.625,4349.75,4333.5,-1.75,-7.5,-1.4,-6.0
2016-05-04,2016,4315.0,4300.0,4307.5,15.0,4.25,0.75,20.0,20,4309.375,4311.25,4303.0,-3.75,-3.0,-5.0,-4.0
2016-05-05,2016,4321.25,4302.25,4311.75,19.0,3.875,1.0,19.0,19,4314.75,4319.25,4310.25,-2.0,-8.0,-2.0,-8.0
2016-05-06,2016,4310.75,4278.75,4294.75,32.0,4.25,1.5,21.333333333333332,22,4299.0,4305.75,4286.25,-5.0,-7.5,-3.3333333333333335,-5.0
2016-05-09,2016,4348.5,4322.75,4335.625,25.75,3.125,1.25,20.6,21,4339.625,4345.25,4331.5,-3.25,-8.75,-2.6,-7.0
2016-05-10,2016,4362.75,4343.5,4353.125,19.25,3.25,1.0,19.25,20,4353.0,4357.5,4344.5,-5.25,-1.0,-5.25,-1.0
2016-05-11,2016,4392.0,4381.5,4386.75,10.5,2.625,0.5,21.0,21,4389.25,4390.5,4385.0,-1.5,-3.5,-3.0,-7.0
2016-05-12,2016,4372.0,4342.75,4357.375,29.25,3.75,1.5,19.5,20,4358.5,4371.25,4354.75,-0.75,-12.0,-0.5,-8.0
2016-05-13,2016,4356.0,4333.0,4344.5,23.0,3.375,1.25,18.4,19,4342.375,4353.0,4339.25,-3.0,-6.25,-2.4,-5.0
2016-05-16,2016,4344.5,4323.5,4334.0,21.0,2.875,1.0,21.0,21,4332.0,4340.5,4329.5,-4.0,-6.0,-4.0,-6.0
2016-05-17,2016,4384.75,4357.5,4371.125,27.25,4.25,1.25,21.8,22,4364.375,4375.0,4358.75,-9.75,-1.25,-7.8,-1.0
2016-05-18,2016,4330.5,4312.25,4321.375,18.25,3.25,1.0,18.25,19,4326.75,4329.25,4316.25,-1.25,-4.0,-1.25,-4.0
2016-05-19,2016,4329.5,4297.5,4313.5,32.0,4.5,1.5,21.333333333333332,22,4322.25,4326.0,4309.5,-3.5,-12.0,-2.3333333333333335,-8.0
2016-05-20,2016,4360.0,4328.5,4344.25,31.5,2.75,1.5,21.0,21,4357.75,4358.5,4339.0,-1.5,-10.5,-1.0,-7.0
2016-05-23,2016,4380.0,4361.0,4370.5,19.0,3.75,1.0,19.0,19,4371.5,4378.0,4369.0,-2.0,-8.0,-2.0,-8.0
2016-05-24,2016,4405.75,4377.75,4391.75,28.0,2.75,1.5,18.666666666666668,19,4393.5,4405.75,4389.75,0.0,-12.0,0.0,-8.0
2016-05-25,2016,4473.0,4452.25,4462.625,20.75,3.0,1.0,20.75,21,4459.75,4466.25,4455.25,-6.75,-3.0,-6.75,-3.0
2016-05-26,2016,4486.0,4470.0,4478.0,16.0,3.25,0.75,21.333333333333332,22,4480.875,4484.25,4474.5,-1.75,-4.5,-2.3333333333333335,-6.0
2016-05-27,2016,4503.5,4490.5,4497.0,13.0,2.0,0.75,17.333333333333332,18,4496.125,4502.5,4494.25,-1.0,-3.75,-1.3333333333333333,-5.0
2016-05-31,2016,4524.0,4513.75,4518.875,10.25,2.25,0.5,20.5,21,4516.5,4520.75,4514.25,-3.25,-0.5,-6.5,-1.0
2016-06-01,2016,4511.0,4503.5,4507.25,7.5,1.75,0.5,15.0,15,4507.25,4509.5,4505.0,-1.5,-1.5,-3.0,-3.0
2016-06-02,2016,4513.25,4486.25,4499.75,27.0,3.625,1.25,21.6,22,4508.125,4513.25,4492.5,0.0,-6.25,0.0,-5.0
2016-06-03,2016,4523.5,4497.25,4510.375,26.25,3.375,1.25,21.0,21,4500.375,4516.0,4497.25,-7.5,0.0,-6.0,0.0
2016-06-06,2016,4528.25,4511.0,4519.625,17.25,2.375,0.75,23.0,23,4512.875,4523.75,4511.0,-4.5,0.0,-6.0,0.0
2016-06-07,2016,4532.0,4523.0,4527.5,9.0,2.25,0.5,18.0,18,4525.25,4528.5,4524.0,-3.5,-1.0,-7.0,-2.0
2016-06-08,2016,4530.25,4518.5,4524.375,11.75,2.0,0.5,23.5,24,4527.25,4530.25,4521.0,0.0,-2.5,0.0,-5.0
2016-06-09,2016,4518.5,4501.0,4509.75,17.5,2.75,1.0,17.5,18,4515.5,4518.0,4505.0,-0.5,-4.0,-0.5,-4.0
2016-06-10,2016,4477.25,4464.5,4470.875,12.75,2.5,0.75,17.0,17,4471.625,4475.0,4468.25,-2.25,-3.75,-3.0,-5.0
2016-06-13,2016,4450.0,4427.0,4438.5,23.0,3.375,1.25,18.4,19,4433.875,4439.5,4428.25,-10.5,-1.25,-8.4,-1.0
2016-06-14,2016,4431.5,4406.0,4418.75,25.5,2.875,1.25,20.4,21,4425.375,4431.0,4419.75,-0.5,-13.75,-0.4,-11.0
2016-06-15,2016,4430.75,4421.0,4425.875,9.75,3.0,0.5,19.5,20,4427.75,4429.0,4423.5,-1.75,-2.5,-3.5,-5.0
2016-06-16,2016,4385.0,4365.0,4375.0,20.0,2.5,1.0,20.0,20,4372.5,4377.0,4366.0,-8.0,-1.0,-8.0,-1.0
2016-06-17,2016,4408.5,4376.0,4392.25,32.5,4.0,1.75,18.571428571428573,19,4382.125,4393.5,4377.75,-15.0,-1.75,-8.571428571428571,-1.0
2016-06-20,2016,4426.0,4414.5,4420.25,11.5,3.0,0.5,23.0,23,4420.75,4424.0,4417.5,-2.0,-3.0,-4.0,-6.0
2016-06-21,2016,4411.25,4396.0,4403.625,15.25,3.25,0.75,20.333333333333332,21,4407.625,4411.0,4402.75,-0.25,-6.75,-0.3333333333333333,-9.0
2016-06-22,2016,4411.0,4400.75,4405.875,10.25,2.25,0.5,20.5,21,4407.5,4409.75,4404.25,-1.25,-3.5,-2.5,-7.0
2016-06-23,2016,4431.5,4410.75,4421.125,20.75,3.5,1.0,20.75,21,4416.25,4422.75,4411.75,-8.75,-1.0,-8.75,-1.0
2016-06-24,2016,4352.0,4281.75,4316.875,70.25,8.0,3.5,20.071428571428573,21,4329.0,4351.75,4313.25,-0.25,-31.5,-0.07142857142857142,-9.0
2016-06-27,2016,4243.75,4211.75,4227.75,32.0,5.5,1.5,21.333333333333332,22,4218.5,4225.25,4211.75,-18.5,0.0,-12.333333333333334,0.0
2016-06-28,2016,4264.25,4231.25,4247.75,33.0,3.25,1.75,18.857142857142858,19,4237.375,4255.75,4233.0,-8.5,-1.75,-4.857142857142857,-1.0
2016-06-29,2016,4332.5,4311.0,4321.75,21.5,3.5,1.0,21.5,22,4318.5,4325.0,4312.0,-7.5,-1.0,-7.5,-1.0
2016-06-30,2016,4371.25,4351.25,4361.25,20.0,3.75,1.0,20.0,20,4363.75,4368.25,4359.25,-3.0,-8.0,-3.0,-8.0
2016-07-01,2016,4433.25,4403.5,4418.375,29.75,2.375,1.5,19.833333333333332,20,4407.25,4426.0,4403.5,-7.25,0.0,-4.833333333333333,0.0
2016-07-05,2016,4412.5,4388.75,4400.625,23.75,2.75,1.25,19.0,19,4391.875,4405.0,4388.75,-7.5,0.0,-6.0,0.0
2016-07-06,2016,4388.5,4367.0,4377.75,21.5,4.25,1.0,21.5,22,4371.5,4380.0,4367.0,-8.5,0.0,-8.5,0.0
2016-07-07,2016,4461.25,4441.25,4451.25,20.0,2.5,1.0,20.0,20,4450.75,4457.25,4444.25,-4.0,-3.0,-4.0,-3.0
2016-07-08,2016,4496.0,4467.25,4481.625,28.75,3.5,1.5,19.166666666666668,20,4493.5,4496.0,4474.75,0.0,-7.5,0.0,-5.0
2016-07-11,2016,4554.5,4535.25,4544.875,19.25,2.625,1.0,19.25,20,4551.75,4554.25,4545.25,-0.25,-10.0,-0.25,-10.0
2016-07-12,2016,4582.0,4571.75,4576.875,10.25,2.25,0.5,20.5,21,4577.5,4579.75,4574.25,-2.25,-2.5,-4.5,-5.0
2016-07-13,2016,4582.5,4566.5,4574.5,16.0,3.0,0.75,21.333333333333332,22,4571.375,4574.75,4568.0,-7.75,-1.5,-10.333333333333334,-2.0
2016-07-14,2016,4590.75,4579.0,4584.875,11.75,2.25,0.5,23.5,24,4584.75,4589.0,4582.5,-1.75,-3.5,-3.5,-7.0
2016-07-15,2016,4603.5,4590.0,4596.75,13.5,2.375,0.75,18.0,18,4593.375,4599.75,4591.5,-3.75,-1.5,-5.0,-2.0
2016-07-18,2016,4593.25,4584.5,4588.875,8.75,2.0,0.5,17.5,18,4586.75,4589.0,4585.5,-4.25,-1.0,-8.5,-2.0
2016-07-19,2016,4610.75,4589.5,4600.125,21.25,3.0,1.0,21.25,22,4601.0,4609.5,4592.5,-1.25,-3.0,-1.25,-3.0
2016-07-20,2016,4630.25,4615.5,4622.875,14.75,2.5,0.75,19.666666666666668,20,4621.875,4625.25,4615.5,-5.0,0.0,-6.666666666666667,0.0
2016-07-21,2016,4662.25,4648.75,4655.5,13.5,2.375,0.75,18.0,18,4652.875,4660.75,4651.0,-1.5,-2.25,-2.0,-3.0
2016-07-22,2016,4645.25,4628.5,4636.875,16.75,2.5,0.75,22.333333333333332,23,4638.625,4640.5,4630.75,-4.75,-2.25,-6.333333333333333,-3.0
2016-07-25,2016,4660.5,4649.5,4655.0,11.0,2.5,0.5,22.0,22,4655.25,4657.5,4651.0,-3.0,-1.5,-6.0,-3.0
2016-07-26,2016,4678.5,4657.5,4668.0,21.0,2.0,1.0,21.0,21,4677.0,4678.5,4664.5,0.0,-7.0,0.0,-7.0
2016-07-27,2016,4705.25,4691.75,4698.5,13.5,2.5,0.75,18.0,18,4700.375,4703.75,4695.5,-1.5,-3.75,-2.0,-5.0
2016-07-28,2016,4712.25,4689.5,4700.875,22.75,2.875,1.25,18.2,19,4707.625,4712.25,4694.5,0.0,-5.0,0.0,-4.0
2016-07-29,2016,4731.25,4717.75,4724.5,13.5,3.0,0.75,18.0,18,4725.625,4729.0,4720.75,-2.25,-3.0,-3.0,-4.0
2016-08-01,2016,4734.75,4721.0,4727.875,13.75,2.625,0.75,18.333333333333332,19,4728.125,4731.5,4721.75,-3.25,-0.75,-4.333333333333333,-1.0
2016-08-02,2016,4746.0,4724.75,4735.375,21.25,3.875,1.0,21.25,22,4728.25,4736.75,4725.75,-9.25,-1.0,-9.25,-1.0
2016-08-03,2016,4721.5,4706.0,4713.75,15.5,2.5,0.75,20.666666666666668,21,4718.375,4720.25,4709.0,-1.25,-3.0,-1.6666666666666667,-4.0
2016-08-04,2016,4738.25,4723.5,4730.875,14.75,2.75,0.75,19.666666666666668,20,4732.125,4735.5,4727.25,-2.75,-3.75,-3.6666666666666665,-5.0
2016-08-05,2016,4787.75,4759.75,4773.75,28.0,2.625,1.5,18.666666666666668,19,4786.0,4787.75,4767.25,0.0,-7.5,0.0,-5.0
2016-08-08,2016,4790.5,4778.0,4784.25,12.5,2.5,0.75,16.666666666666668,17,4786.625,4788.5,4781.75,-2.0,-3.75,-2.6666666666666665,-5.0
2016-08-09,2016,4798.5,4782.0,4790.25,16.5,1.875,0.75,22.0,22,4794.375,4797.75,4788.0,-0.75,-6.0,-1.0,-8.0
2016-08-10,2016,4796.5,4784.75,4790.625,11.75,2.5,0.5,23.5,24,4790.0,4793.25,4788.75,-3.25,-4.0,-6.5,-8.0
2016-08-11,2016,4811.0,4795.25,4803.125,15.75,2.5,0.75,21.0,21,4806.125,4809.5,4801.25,-1.5,-6.0,-2.0,-8.0
2016-08-12,2016,4797.75,4787.0,4792.375,10.75,2.625,0.5,21.5,22,4793.25,4796.5,4791.0,-1.25,-4.0,-2.5,-8.0
2016-08-15,2016,4826.25,4807.75,4817.0,18.5,2.125,1.0,18.5,19,4824.25,4826.25,4815.75,0.0,-8.0,0.0,-8.0
2016-08-16,2016,4815.75,4796.5,4806.125,19.25,2.375,1.0,19.25,20,4801.0,4807.5,4796.5,-8.25,0.0,-8.25,0.0
2016-08-17,2016,4801.25,4782.0,4791.625,19.25,2.875,1.0,19.25,20,4784.5,4791.0,4782.0,-10.25,0.0,-10.25,0.0
2016-08-18,2016,4809.5,4795.5,4802.5,14.0,2.5,0.75,18.666666666666668,19,4798.125,4806.0,4796.25,-3.5,-0.75,-4.666666666666667,-1.0
2016-08-19,2016,4800.25,4785.0,4792.625,15.25,2.25,0.75,20.333333333333332,21,4792.875,4794.75,4786.5,-5.5,-1.5,-7.333333333333333,-2.0
2016-08-22,2016,4802.75,4789.5,4796.125,13.25,2.75,0.75,17.666666666666668,18,4795.125,4800.0,4793.25,-2.75,-3.75,-3.6666666666666665,-5.0
2016-08-23,2016,4836.75,4826.0,4831.375,10.75,2.0,0.5,21.5,22,4832.25,4834.5,4829.0,-2.25,-3.0,-4.5,-6.0
2016-08-24,2016,4821.25,4811.5,4816.375,9.75,2.25,0.5,19.5,20,4817.25,4818.5,4813.0,-2.75,-1.5,-5.5,-3.0
2016-08-25,2016,4782.75,4768.25,4775.5,14.5,2.875,0.75,19.333333333333332,20,4775.375,4780.25,4773.5,-2.5,-5.25,-3.3333333333333335,-7.0
2016-08-26,2016,4801.0,4780.0,4790.5,21.0,2.5,1.0,21.0,21,4794.5,4801.0,4790.0,0.0,-10.0,0.0,-10.0
2016-08-29,2016,4799.5,4786.25,4792.875,13.25,2.5,0.75,17.666666666666668,18,4796.375,4798.25,4790.0,-1.25,-3.75,-1.6666666666666667,-5.0
2016-08-30,2016,4798.5,4783.5,4791.0,15.0,3.0,0.75,20.0,20,4791.375,4794.75,4788.0,-3.75,-4.5,-5.0,-6.0
2016-08-31,2016,4776.0,4764.75,4770.375,11.25,2.5,0.5,22.5,23,4767.0,4772.25,4765.75,-3.75,-1.0,-7.5,-2.0
2016-09-01,2016,4786.75,4773.75,4780.25,13.0,2.5,0.75,17.333333333333332,18,4783.125,4785.0,4778.25,-1.75,-4.5,-2.3333333333333335,-6.0
2016-09-02,2016,4815.25,4799.25,4807.25,16.0,3.375,0.75,21.333333333333332,22,4807.125,4812.0,4803.75,-3.25,-4.5,-4.333333333333333,-6.0
2016-09-06,2016,4815.0,4799.0,4807.0,16.0,2.25,0.75,21.333333333333332,22,4812.875,4814.75,4803.5,-0.25,-4.5,-0.3333333333333333,-6.0
2016-09-07,2016,4838.0,4828.25,4833.125,9.75,2.0,0.5,19.5,20,4830.5,4834.75,4829.25,-3.25,-1.0,-6.5,-2.0
2016-09-08,2016,4818.0,4798.5,4808.25,19.5,3.5,1.0,19.5,20,4810.0,4816.5,4803.5,-1.5,-5.0,-1.5,-5.0
2016-09-09,2016,4772.5,4759.75,4766.125,12.75,3.25,0.75,17.0,17,4763.125,4769.5,4761.25,-3.0,-1.5,-4.0,-2.0
2016-09-12,2016,4695.5,4651.0,4673.25,44.5,3.875,2.25,19.77777777777778,20,4683.625,4693.75,4673.5,-1.75,-22.5,-0.7777777777777778,-10.0
2016-09-13,2016,4752.25,4725.75,4739.0,26.5,4.125,1.25,21.2,22,4738.875,4744.5,4728.25,-7.75,-2.5,-6.2,-2.0
2016-09-14,2016,4744.25,4722.5,4733.375,21.75,4.625,1.0,21.75,22,4739.0,4743.5,4730.5,-0.75,-8.0,-0.75,-8.0
2016-09-15,2016,4763.25,4741.25,4752.25,22.0,5.5,1.0,22.0,22,4752.75,4759.25,4748.25,-4.0,-7.0,-4.0,-7.0
2016-09-16,2016,4817.5,4798.75,4808.125,18.75,4.625,1.0,18.75,19,4808.25,4810.75,4801.75,-6.75,-3.0,-6.75,-3.0
2016-09-19,2016,4838.75,4824.0,4831.375,14.75,2.875,0.75,19.666666666666668,20,4828.875,4832.25,4825.5,-6.5,-1.5,-8.666666666666666,-2.0
2016-09-20,2016,4819.25,4803.5,4811.375,15.75,3.5,0.75,21.0,21,4807.625,4812.5,4804.25,-6.75,-0.75,-9.0,-1.0
2016-09-21,2016,4825.75,4815.75,4820.75,10.0,2.375,0.5,20.0,20,4820.5,4823.75,4818.25,-2.0,-2.5,-4.0,-5.0
2016-09-22,2016,4881.25,4871.0,4876.125,10.25,2.125,0.5,20.5,21,4877.25,4879.5,4875.0,-1.75,-4.0,-3.5,-8.0
2016-09-23,2016,4881.25,4870.0,4875.625,11.25,2.5,0.5,22.5,23,4877.75,4879.0,4872.5,-2.25,-2.5,-4.5,-5.0
2016-09-26,2016,4829.0,4811.75,4820.375,17.25,2.25,0.75,23.0,23,4816.625,4821.5,4811.75,-7.5,0.0,-10.0,0.0
2016-09-27,2016,4841.25,4807.0,4824.125,34.25,3.25,1.75,19.571428571428573,20,4827.125,4838.5,4815.75,-2.75,-8.75,-1.5714285714285714,-5.0
2016-09-28,2016,4868.75,4861.5,4865.125,7.25,2.75,0.25,29.0,29,4864.875,4866.5,4862.75,-2.25,-1.25,-9.0,-5.0
2016-09-29,2016,4867.0,4859.75,4863.375,7.25,2.25,0.25,29.0,29,4863.125,4865.25,4862.0,-1.75,-2.25,-7.0,-9.0
2016-09-30,2016,4858.5,4846.25,4852.375,12.25,2.75,0.5,24.5,25,4851.5,4855.75,4849.25,-2.75,-3.0,-5.5,-6.0
2016-10-03,2016,4864.25,4848.0,4856.125,16.25,2.375,0.75,21.666666666666668,22,4860.375,4864.25,4851.0,0.0,-3.0,0.0,-4.0
2016-10-04,2016,4888.0,4874.5,4881.25,13.5,2.125,0.75,18.0,18,4880.125,4886.5,4878.25,-1.5,-3.75,-2.0,-5.0
2016-10-05,2016,4876.75,4867.0,4871.875,9.75,2.125,0.5,19.5,20,4872.25,4875.5,4869.0,-1.25,-2.0,-2.5,-4.0
2016-10-06,2016,4870.75,4852.75,4861.75,18.0,2.625,1.0,18.0,18,4859.25,4865.75,4854.75,-5.0,-2.0,-5.0,-2.0
2016-10-07,2016,4881.0,4852.0,4866.5,29.0,4.0,1.5,19.333333333333332,20,4860.25,4873.0,4856.5,-8.0,-4.5,-5.333333333333333,-3.0
2016-10-10,2016,4898.5,4882.5,4890.5,16.0,2.0,0.75,21.333333333333332,22,4887.375,4895.25,4884.0,-3.25,-1.5,-4.333333333333333,-2.0
2016-10-11,2016,4887.5,4857.5,4872.5,30.0,2.25,1.5,20.0,20,4861.25,4880.0,4857.5,-7.5,0.0,-5.0,0.0
2016-10-12,2016,4822.75,4800.25,4811.5,22.5,3.875,1.25,18.0,18,4804.625,4815.25,4801.5,-7.5,-1.25,-6.0,-1.0
2016-10-13,2016,4783.75,4755.75,4769.75,28.0,3.375,1.5,18.666666666666668,19,4759.5,4778.25,4755.75,-5.5,0.0,-3.6666666666666665,0.0
2016-10-14,2016,4841.0,4818.75,4829.875,22.25,2.5,1.0,22.25,23,4838.25,4840.75,4823.75,-0.25,-5.0,-0.25,-5.0
2016-10-17,2016,4805.25,4784.25,4794.75,21.0,3.5,1.0,21.0,21,4792.75,4801.25,4786.25,-4.0,-2.0,-4.0,-2.0
2016-10-18,2016,4850.5,4837.0,4843.75,13.5,2.75,0.75,18.0,18,4844.875,4845.25,4838.5,-5.25,-1.5,-7.0,-2.0
2016-10-19,2016,4834.75,4824.25,4829.5,10.5,2.375,0.5,21.0,21,4829.0,4831.25,4826.75,-3.5,-2.5,-7.0,-5.0
2016-10-20,2016,4828.5,4807.25,4817.875,21.25,2.875,1.0,21.25,22,4824.75,4827.25,4816.25,-1.25,-9.0,-1.25,-9.0
2016-10-21,2016,4834.75,4814.75,4824.75,20.0,3.5,1.0,20.0,20,4823.25,4831.75,4820.75,-3.0,-6.0,-3.0,-6.0
2016-10-24,2016,4890.5,4875.75,4883.125,14.75,2.125,0.75,19.666666666666668,20,4881.375,4887.75,4876.5,-2.75,-0.75,-3.6666666666666665,-1.0
2016-10-25,2016,4906.5,4897.0,4901.75,9.5,2.125,0.5,19.0,19,4903.25,4905.5,4902.0,-1.0,-5.0,-2.0,-10.0
2016-10-26,2016,4859.75,4841.5,4850.625,18.25,3.25,1.0,18.25,19,4854.0,4858.5,4849.5,-1.25,-8.0,-1.25,-8.0
2016-10-27,2016,4879.75,4864.75,4872.25,15.0,2.875,0.75,20.0,20,4874.875,4876.75,4868.5,-3.0,-3.75,-4.0,-5.0
2016-10-28,2016,4832.25,4799.5,4815.875,32.75,3.5,1.75,18.714285714285715,19,4814.375,4825.75,4799.5,-6.5,0.0,-3.7142857142857144,0.0
2016-10-31,2016,4819.25,4804.75,4812.0,14.5,3.25,0.75,19.333333333333332,20,4813.375,4816.75,4810.0,-2.5,-5.25,-3.3333333333333335,-7.0
2016-11-01,2016,4806.25,4789.25,4797.75,17.0,2.5,0.75,22.666666666666668,23,4794.875,4801.25,4790.0,-5.0,-0.75,-6.666666666666667,-1.0
2016-11-02,2016,4766.0,4750.75,4758.375,15.25,3.0,0.75,20.333333333333332,21,4761.625,4765.0,4756.75,-1.0,-6.0,-1.3333333333333333,-8.0
2016-11-03,2016,4729.5,4708.75,4719.125,20.75,3.25,1.0,20.75,21,4725.25,4727.75,4714.75,-1.75,-6.0,-1.75,-6.0
2016-11-04,2016,4684.25,4651.25,4667.75,33.0,5.375,1.75,18.857142857142858,19,4662.625,4674.0,4654.75,-10.25,-3.5,-5.857142857142857,-2.0
2016-11-07,2016,4739.0,4726.25,4732.625,12.75,2.5,0.75,17.0,17,4736.375,4738.25,4731.5,-0.75,-5.25,-1.0,-7.0
2016-11-08,2016,4767.5,4752.75,4760.125,14.75,2.75,0.75,19.666666666666668,20,4762.125,4767.0,4758.75,-0.5,-6.0,-0.6666666666666666,-8.0
2016-11-09,2016,4801.5,4738.0,4769.75,63.5,8.875,3.25,19.53846153846154,20,4788.375,4796.5,4760.75,-5.0,-22.75,-1.5384615384615385,-7.0
2016-11-10,2016,4851.5,4815.5,4833.5,36.0,5.0,1.75,20.571428571428573,21,4835.625,4847.0,4831.25,-4.5,-15.75,-2.5714285714285716,-9.0
2016-11-11,2016,4738.75,4706.0,4722.375,32.75,7.5,1.75,18.714285714285715,19,4729.625,4734.0,4714.75,-4.75,-8.75,-2.7142857142857144,-5.0
2016-11-14,2016,4750.75,4707.5,4729.125,43.25,5.75,2.25,19.22222222222222,20,4728.875,4739.0,4718.75,-11.75,-11.25,-5.222222222222222,-5.0
2016-11-15,2016,4753.0,4726.0,4739.5,27.0,4.75,1.25,21.6,22,4746.625,4752.25,4733.5,-0.75,-7.5,-0.6,-6.0
2016-11-16,2016,4778.25,4740.75,4759.5,37.5,4.375,2.0,18.75,19,4767.75,4776.75,4750.75,-1.5,-10.0,-0.75,-5.0
2016-11-17,2016,4800.0,4778.0,4789.0,22.0,4.875,1.0,22.0,22,4793.5,4796.0,4785.0,-4.0,-7.0,-4.0,-7.0
2016-11-18,2016,4840.5,4822.75,4831.625,17.75,3.375,1.0,17.75,18,4832.25,4836.75,4829.75,-3.75,-7.0,-3.75,-7.0
2016-11-21,2016,4850.75,4817.25,4834.0,33.5,3.5,1.75,19.142857142857142,20,4837.375,4850.75,4829.5,0.0,-12.25,0.0,-7.0
2016-11-22,2016,4884.75,4871.75,4878.25,13.0,3.0,0.75,17.333333333333332,18,4876.625,4881.5,4874.75,-3.25,-3.0,-4.333333333333333,-4.0
2016-11-23,2016,4862.0,4836.5,4849.25,25.5,3.75,1.25,20.4,21,4840.875,4851.5,4837.75,-10.5,-1.25,-8.4,-1.0
2016-11-28,2016,4870.0,4851.75,4860.875,18.25,2.75,1.0,18.25,19,4859.25,4863.75,4852.75,-6.25,-1.0,-6.25,-1.0
2016-11-29,2016,4866.75,4847.5,4857.125,19.25,3.5,1.0,19.25,20,4863.0,4865.5,4852.5,-1.25,-5.0,-1.25,-5.0
2016-11-30,2016,4881.5,4863.0,4872.25,18.5,3.125,1.0,18.5,19,4864.5,4875.0,4864.0,-6.5,-1.0,-6.5,-1.0
2016-12-01,2016,4814.5,4775.75,4795.125,38.75,3.625,2.0,19.375,20,4796.75,4809.75,4787.75,-4.75,-12.0,-2.375,-6.0
2016-12-02,2016,4759.0,4725.25,4742.125,33.75,4.875,1.75,19.285714285714285,20,4736.625,4755.0,4732.25,-4.0,-7.0,-2.2857142857142856,-4.0
2016-12-05,2016,4777.5,4741.75,4759.625,35.75,4.75,1.75,20.428571428571427,21,4747.875,4762.75,4743.5,-14.75,-1.75,-8.428571428571429,-1.0
2016-12-06,2016,4790.0,4768.25,4779.125,21.75,3.75,1.0,21.75,22,4785.75,4790.0,4775.25,0.0,-7.0,0.0,-7.0
2016-12-07,2016,4784.5,4763.5,4774.0,21.0,3.5,1.0,21.0,21,4779.0,4781.5,4768.5,-3.0,-5.0,-3.0,-5.0
2016-12-08,2016,4865.25,4840.75,4853.0,24.5,4.5,1.25,19.6,20,4858.875,4862.0,4845.75,-3.25,-5.0,-2.6,-4.0
2016-12-09,2016,4893.0,4875.25,4884.125,17.75,2.75,1.0,17.75,18,4882.75,4887.25,4876.25,-5.75,-1.0,-5.75,-1.0
2016-12-12,2016,4879.0,4863.25,4871.125,15.75,3.75,0.75,21.0,21,4867.375,4873.75,4865.5,-5.25,-2.25,-7.0,-3.0
2016-12-13,2016,4939.75,4886.25,4913.0,53.5,4.0,2.75,19.454545454545453,20,4926.125,4938.5,4902.75,-1.25,-16.5,-0.45454545454545453,-6.0
2016-12-14,2016,4950.75,4938.75,4944.75,12.0,3.0,0.5,24.0,24,4947.0,4949.25,4943.75,-1.5,-5.0,-3.0,-10.0
2016-12-15,2016,4947.25,4923.75,4935.5,23.5,4.625,1.25,18.8,19,4936.875,4940.0,4928.75,-7.25,-5.0,-5.8,-4.0
2016-12-16,2016,4951.75,4932.75,4942.25,19.0,3.25,1.0,19.0,19,4940.25,4946.75,4935.75,-5.0,-3.0,-5.0,-3.0
2016-12-19,2016,4942.5,4912.5,4927.5,30.0,3.25,1.5,20.0,20,4937.25,4941.0,4918.5,-1.5,-6.0,-1.0,-4.0
2016-12-20,2016,4963.25,4947.25,4955.25,16.0,3.25,0.75,21.333333333333332,22,4955.875,4960.75,4951.0,-2.5,-3.75,-3.3333333333333335,-5.0
2016-12-21,2016,4959.75,4947.25,4953.5,12.5,2.25,0.75,16.666666666666668,17,4949.125,4955.5,4948.75,-4.25,-1.5,-5.666666666666667,-2.0
2016-12-22,2016,4952.5,4928.0,4940.25,24.5,2.75,1.25,19.6,20,4936.125,4941.75,4930.5,-10.75,-2.5,-8.6,-2.0
2016-12-23,2016,4940.75,4928.75,4934.75,12.0,2.25,0.5,24.0,24,4933.5,4936.75,4931.25,-4.0,-2.5,-8.0,-5.0
2016-12-27,2016,4994.5,4948.0,4971.25,46.5,2.5,2.25,20.666666666666668,21,4989.625,4994.5,4961.5,0.0,-13.5,0.0,-6.0
2016-12-28,2016,4979.0,4946.25,4962.625,32.75,3.0,1.75,18.714285714285715,19,4962.875,4979.0,4958.5,0.0,-12.25,0.0,-7.0
2016-12-29,2016,4933.5,4915.25,4924.375,18.25,3.25,1.0,18.25,19,4919.75,4930.25,4917.25,-3.25,-2.0,-3.25,-2.0
2016-12-30,2016,4926.5,4880.0,4903.25,46.5,4.375,2.25,20.666666666666668,21,4910.375,4925.0,4891.25,-1.5,-11.25,-0.6666666666666666,-5.0
2017-01-03,2017,4908.0,4885.75,4896.875,22.25,4.5,1.0,22.25,23,4896.25,4902.75,4891.75,-5.25,-6.0,-5.25,-6.0
2017-01-04,2017,4933.75,4912.0,4922.875,21.75,3.625,1.0,21.75,22,4929.5,4932.0,4923.0,-1.75,-11.0,-1.75,-11.0
2017-01-05,2017,4957.25,4929.5,4943.375,27.75,2.875,1.5,18.5,19,4952.75,4953.5,4937.0,-3.75,-7.5,-2.5,-5.0
2017-01-06,2017,4978.0,4952.5,4965.25,25.5,4.375,1.25,20.4,21,4966.875,4970.0,4956.25,-8.0,-3.75,-6.4,-3.0
2017-01-09,2017,5019.5,5004.75,5012.125,14.75,3.125,0.75,19.666666666666668,20,5013.375,5016.75,5010.0,-2.75,-5.25,-3.6666666666666665,-7.0
2017-01-10,2017,5028.0,5011.0,5019.5,17.0,3.125,0.75,22.666666666666668,23,5017.375,5025.25,5015.5,-2.75,-4.5,-3.6666666666666665,-6.0
2017-01-11,2017,5037.75,5028.0,5032.875,9.75,2.75,0.5,19.5,20,5034.75,5036.0,5030.5,-1.75,-2.5,-3.5,-5.0
2017-01-12,2017,5029.25,5011.25,5020.25,18.0,3.25,1.0,18.0,18,5023.75,5024.25,5013.25,-5.0,-2.0,-5.0,-2.0
2017-01-13,2017,5059.75,5040.0,5049.875,19.75,3.0,1.0,19.75,20,5049.5,5058.0,5045.0,-1.75,-5.0,-1.75,-5.0
2017-01-17,2017,5043.25,5025.0,5034.125,18.25,3.5,1.0,18.25,19,5031.5,5038.0,5027.0,-5.25,-2.0,-5.25,-2.0
2017-01-18,2017,5052.25,5037.25,5044.75,15.0,3.125,0.75,20.0,20,5047.375,5050.75,5041.0,-1.5,-3.75,-2.0,-5.0
2017-01-19,2017,5074.75,5055.5,5065.125,19.25,2.625,1.0,19.25,20,5067.0,5071.5,5062.5,-3.25,-7.0,-3.25,-7.0
2017-01-20,2017,5083.0,5066.0,5074.5,17.0,2.875,0.75,22.666666666666668,23,5078.375,5080.25,5072.0,-2.75,-6.0,-3.6666666666666665,-8.0
2017-01-23,2017,5069.75,5049.5,5059.625,20.25,2.875,1.0,20.25,21,5066.0,5068.5,5055.5,-1.25,-6.0,-1.25,-6.0
2017-01-24,2017,5079.25,5066.75,5073.0,12.5,2.375,0.75,16.666666666666668,17,5071.625,5076.5,5068.25,-2.75,-1.5,-3.6666666666666665,-2.0
2017-01-25,2017,5130.75,5123.5,5127.125,7.25,2.75,0.25,29.0,29,5126.125,5128.25,5125.0,-2.5,-1.5,-10.0,-6.0
2017-01-26,2017,5163.25,5149.25,5156.25,14.0,2.625,0.75,18.666666666666668,19,5155.625,5160.5,5152.25,-2.75,-3.0,-3.6666666666666665,-4.0
2017-01-27,2017,5167.5,5148.5,5158.0,19.0,3.0,1.0,19.0,19,5155.0,5165.5,5152.5,-2.0,-4.0,-2.0,-4.0
2017-01-30,2017,5145.75,5107.25,5126.5,38.5,3.25,2.0,19.25,20,5114.25,5131.25,5109.25,-14.5,-2.0,-7.25,-1.0
2017-01-31,2017,5112.5,5096.0,5104.25,16.5,3.5,0.75,22.0,22,5100.125,5108.0,5098.25,-4.5,-2.25,-6.0,-3.0
2017-02-01,2017,5158.25,5144.5,5151.375,13.75,2.5,0.75,18.333333333333332,19,5151.625,5155.0,5146.75,-3.25,-2.25,-4.333333333333333,-3.0
2017-02-02,2017,5152.5,5123.5,5138.0,29.0,3.375,1.5,19.333333333333332,20,5142.25,5146.0,5126.5,-6.5,-3.0,-4.333333333333333,-2.0
2017-02-03,2017,5155.75,5145.0,5150.375,10.75,2.75,0.5,21.5,22,5149.75,5152.0,5146.5,-3.75,-1.5,-7.5,-3.0
2017-02-06,2017,5153.25,5142.75,5148.0,10.5,2.625,0.5,21.0,21,5148.0,5150.25,5144.75,-3.0,-2.0,-6.0,-4.0
2017-02-07,2017,5180.75,5168.0,5174.375,12.75,2.25,0.75,17.0,17,5178.125,5180.0,5173.25,-0.75,-5.25,-1.0,-7.0
2017-02-08,2017,5175.0,5163.5,5169.25,11.5,2.625,0.5,23.0,23,5171.75,5174.0,5168.5,-1.0,-5.0,-2.0,-10.0
2017-02-09,2017,5202.5,5191.75,5197.125,10.75,2.125,0.5,21.5,22,5200.5,5201.75,5197.25,-0.75,-5.5,-1.5,-11.0
2017-02-10,2017,5221.5,5212.0,5216.75,9.5,2.25,0.5,19.0,19,5218.25,5219.5,5215.0,-2.0,-3.0,-4.0,-6.0
2017-02-13,2017,5246.75,5238.75,5242.75,8.0,1.5,0.5,16.0,16,5245.0,5245.25,5240.75,-1.5,-2.0,-3.0,-4.0
2017-02-14,2017,5256.75,5249.25,5253.0,7.5,1.75,0.5,15.0,15,5253.5,5255.75,5251.25,-1.0,-2.0,-2.0,-4.0
2017-02-15,2017,5277.5,5266.25,5271.875,11.25,1.625,0.5,22.5,23,5272.0,5276.25,5269.75,-1.25,-3.5,-2.5,-7.0
2017-02-16,2017,5317.0,5299.5,5308.25,17.5,2.375,1.0,17.5,18,5311.0,5315.5,5304.5,-1.5,-5.0,-1.5,-5.0
2017-02-17,2017,5306.0,5293.5,5299.75,12.5,2.375,0.75,16.666666666666668,17,5299.125,5304.0,5295.75,-2.0,-2.25,-2.6666666666666665,-3.0
2017-02-21,2017,5347.0,5331.75,5339.375,15.25,2.125,0.75,20.333333333333332,21,5338.125,5343.0,5331.75,-4.0,0.0,-5.333333333333333,0.0
2017-02-22,2017,5349.0,5336.25,5342.625,12.75,2.0,0.75,17.0,17,5339.625,5346.0,5336.25,-3.0,0.0,-4.0,0.0
2017-02-23,2017,5359.5,5339.5,5349.5,20.0,2.5,1.0,20.0,20,5344.0,5354.5,5341.5,-5.0,-2.0,-5.0,-2.0
2017-02-24,2017,5321.5,5306.25,5313.875,15.25,2.5,0.75,20.333333333333332,21,5314.125,5317.5,5307.75,-4.0,-1.5,-5.333333333333333,-2.0
2017-02-27,2017,5336.0,5323.25,5329.625,12.75,2.0,0.75,17.0,17,5328.875,5332.25,5325.5,-3.75,-2.25,-5.0,-3.0
2017-02-28,2017,5350.0,5338.5,5344.25,11.5,2.0,0.5,23.0,23,5344.75,5347.0,5341.5,-3.0,-3.0,-6.0,-6.0
2017-03-01,2017,5369.0,5355.0,5362.0,14.0,2.5,0.75,18.666666666666668,19,5357.625,5365.5,5357.25,-3.5,-2.25,-4.666666666666667,-3.0
2017-03-02,2017,5389.75,5378.0,5383.875,11.75,2.5,0.5,23.5,24,5384.75,5386.0,5381.5,-3.75,-3.5,-7.5,-7.0
2017-03-03,2017,5364.5,5355.0,5359.75,9.5,2.0,0.5,19.0,19,5361.75,5364.0,5358.5,-0.5,-3.5,-1.0,-7.0
2017-03-06,2017,5359.25,5345.0,5352.125,14.25,2.25,0.75,19.0,19,5351.375,5353.25,5346.5,-6.0,-1.5,-8.0,-2.0
2017-03-07,2017,5357.0,5344.0,5350.5,13.0,2.625,0.75,17.333333333333332,18,5351.125,5353.0,5346.25,-4.0,-2.25,-5.333333333333333,-3.0
2017-03-08,2017,5369.0,5348.0,5358.5,21.0,2.25,1.0,21.0,21,5365.5,5369.0,5353.0,0.0,-5.0,0.0,-5.0
2017-03-09,2017,5367.0,5347.25,5357.125,19.75,3.5,1.0,19.75,20,5354.75,5365.25,5352.25,-1.75,-5.0,-1.75,-5.0
2017-03-10,2017,5394.5,5378.25,5386.375,16.25,3.25,0.75,21.666666666666668,22,5386.875,5391.75,5383.5,-2.75,-5.25,-3.6666666666666665,-7.0
2017-03-13,2017,5396.0,5387.25,5391.625,8.75,2.0,0.5,17.5,18,5392.5,5394.75,5390.25,-1.25,-3.0,-2.5,-6.0
2017-03-14,2017,5388.5,5374.5,5381.5,14.0,2.25,0.75,18.666666666666668,19,5385.375,5388.5,5380.5,0.0,-6.0,0.0,-8.0
2017-03-15,2017,5397.75,5384.5,5391.125,13.25,1.75,0.75,17.666666666666668,18,5387.875,5391.25,5386.0,-6.5,-1.5,-8.666666666666666,-2.0
2017-03-16,2017,5428.75,5418.75,5423.75,10.0,2.25,0.5,20.0,20,5423.0,5427.25,5421.75,-1.5,-3.0,-3.0,-6.0
2017-03-17,2017,5421.0,5411.75,5416.375,9.25,1.875,0.5,18.5,19,5415.5,5417.75,5413.25,-3.25,-1.5,-6.5,-3.0
2017-03-20,2017,5414.75,5405.25,5410.0,9.5,1.625,0.5,19.0,19,5408.0,5411.25,5405.75,-3.5,-0.5,-7.0,-1.0
2017-03-21,2017,5441.0,5433.75,5437.375,7.25,1.625,0.25,29.0,29,5436.625,5438.75,5435.0,-2.25,-1.25,-9.0,-5.0
2017-03-22,2017,5353.5,5334.25,5343.875,19.25,3.625,1.0,19.25,20,5346.75,5353.25,5340.25,-0.25,-6.0,-0.25,-6.0
2017-03-23,2017,5368.75,5351.25,5360.0,17.5,3.875,1.0,17.5,18,5355.75,5362.25,5353.25,-6.5,-2.0,-6.5,-2.0
2017-03-24,2017,5392.75,5373.0,5382.875,19.75,1.875,1.0,19.75,20,5381.5,5390.0,5375.0,-2.75,-2.0,-2.75,-2.0
2017-03-27,2017,5340.25,5317.25,5328.75,23.0,3.75,1.25,18.4,19,5324.125,5334.75,5321.0,-5.5,-3.75,-4.4,-3.0
2017-03-28,2017,5385.25,5363.5,5374.375,21.75,3.0,1.0,21.75,22,5382.0,5384.5,5369.5,-0.75,-6.0,-0.75,-6.0
2017-03-29,2017,5421.5,5406.5,5414.0,15.0,2.75,0.75,20.0,20,5409.875,5416.25,5408.0,-5.25,-1.5,-7.0,-2.0
2017-03-30,2017,5442.0,5426.5,5434.25,15.5,2.75,0.75,20.666666666666668,21,5435.875,5439.25,5431.0,-2.75,-4.5,-3.6666666666666665,-6.0
2017-03-31,2017,5439.5,5427.25,5433.375,12.25,2.0,0.5,24.5,25,5430.5,5436.75,5429.25,-2.75,-2.0,-5.5,-4.0
2017-04-03,2017,5455.0,5439.25,5447.125,15.75,2.25,0.75,21.0,21,5449.375,5452.75,5444.5,-2.25,-5.25,-3.0,-7.0
2017-04-04,2017,5435.5,5416.75,5426.125,18.75,2.625,1.0,18.75,19,5423.25,5431.75,5420.75,-3.75,-4.0,-3.75,-4.0
2017-04-05,2017,5462.75,5444.25,5453.5,18.5,2.0,1.0,18.5,19,5448.75,5459.25,5446.25,-3.5,-2.0,-3.5,-2.0
2017-04-06,2017,5433.25,5410.25,5421.75,23.0,3.625,1.25,18.4,19,5429.625,5432.75,5419.0,-0.5,-8.75,-0.4,-7.0
2017-04-07,2017,5431.5,5401.25,5416.375,30.25,4.25,1.5,20.166666666666668,21,5420.0,5429.75,5413.25,-1.75,-12.0,-1.1666666666666667,-8.0
2017-04-10,2017,5438.75,5422.75,5430.75,16.0,2.375,0.75,21.333333333333332,22,5436.625,5438.5,5430.25,-0.25,-7.5,-0.3333333333333333,-10.0
2017-04-11,2017,5424.5,5381.75,5403.125,42.75,3.625,2.25,19.0,19,5389.625,5413.25,5384.0,-11.25,-2.25,-5.0,-1.0
2017-04-12,2017,5400.75,5386.75,5393.75,14.0,4.375,0.75,18.666666666666668,19,5395.375,5397.25,5390.5,-3.5,-3.75,-4.666666666666667,-5.0
2017-04-13,2017,5391.0,5365.25,5378.125,25.75,3.125,1.25,20.6,21,5374.625,5382.75,5366.5,-8.25,-1.25,-6.6,-1.0
2017-04-17,2017,5379.0,5367.0,5373.0,12.0,2.375,0.5,24.0,24,5369.75,5375.0,5368.5,-4.0,-1.5,-8.0,-3.0
2017-04-18,2017,5404.5,5377.25,5390.875,27.25,2.75,1.25,21.8,22,5394.125,5399.75,5386.0,-4.75,-8.75,-3.8,-7.0
2017-04-19,2017,5428.75,5412.0,5420.375,16.75,2.375,0.75,22.333333333333332,23,5418.375,5421.75,5415.0,-7.0,-3.0,-9.333333333333334,-4.0
2017-04-20,2017,5427.25,5411.0,5419.125,16.25,2.25,0.75,21.666666666666668,22,5418.125,5424.5,5414.75,-2.75,-3.75,-3.6666666666666665,-5.0
2017-04-21,2017,5447.75,5433.25,5440.5,14.5,2.25,0.75,19.333333333333332,20,5440.375,5443.75,5437.0,-4.0,-3.75,-5.333333333333333,-5.0
2017-04-24,2017,5505.75,5492.25,5499.0,13.5,2.5,0.75,18.0,18,5501.625,5503.5,5496.75,-2.25,-4.5,-3.0,-6.0
2017-04-25,2017,5529.25,5520.75,5525.0,8.5,1.75,0.5,17.0,17,5525.5,5527.75,5523.25,-1.5,-2.5,-3.0,-5.0
2017-04-26,2017,5562.5,5544.25,5553.375,18.25,2.75,1.0,18.25,19,5548.75,5555.25,5544.25,-7.25,0.0,-7.25,0.0
2017-04-27,2017,5559.25,5548.0,5553.625,11.25,2.25,0.5,22.5,23,5550.75,5556.0,5549.5,-3.25,-1.5,-6.5,-3.0
2017-04-28,2017,5595.5,5577.25,5586.375,18.25,2.75,1.0,18.25,19,5588.75,5595.25,5584.25,-0.25,-7.0,-0.25,-7.0
2017-05-01,2017,5608.5,5596.5,5602.5,12.0,1.75,0.5,24.0,24,5606.25,5607.5,5601.0,-1.0,-4.5,-2.0,-9.0
2017-05-02,2017,5638.5,5624.5,5631.5,14.0,1.75,0.75,18.666666666666668,19,5627.875,5632.75,5624.5,-5.75,0.0,-7.666666666666667,0.0
2017-05-03,2017,5629.0,5616.25,5622.625,12.75,1.75,0.75,17.0,17,5621.125,5623.0,5616.25,-6.0,0.0,-8.0,0.0
2017-05-04,2017,5626.5,5603.75,5615.125,22.75,3.125,1.25,18.2,19,5611.875,5617.5,5606.25,-9.0,-2.5,-7.2,-2.0
2017-05-05,2017,5639.5,5625.25,5632.375,14.25,1.75,0.75,19.0,19,5630.125,5635.0,5626.75,-4.5,-1.5,-6.0,-2.0
2017-05-08,2017,5652.0,5639.25,5645.625,12.75,1.875,0.75,17.0,17,5641.875,5648.25,5640.0,-3.75,-0.75,-5.0,-1.0
2017-05-09,2017,5677.75,5658.75,5668.25,19.0,1.75,1.0,19.0,19,5667.25,5675.75,5666.75,-2.0,-8.0,-2.0,-8.0
2017-05-10,2017,5679.25,5662.25,5670.75,17.0,2.0,0.75,22.666666666666668,23,5670.125,5673.5,5663.75,-5.75,-1.5,-7.666666666666667,-2.0
2017-05-11,2017,5668.25,5642.0,5655.125,26.25,2.5,1.25,21.0,21,5663.875,5667.0,5650.75,-1.25,-8.75,-1.0,-7.0
2017-05-12,2017,5682.75,5672.25,5677.5,10.5,2.375,0.5,21.0,21,5679.5,5680.75,5675.25,-2.0,-3.0,-4.0,-6.0
2017-05-15,2017,5699.5,5682.5,5691.0,17.0,2.0,0.75,22.666666666666668,23,5697.875,5699.5,5690.0,0.0,-7.5,0.0,-10.0
2017-05-16,2017,5718.75,5708.5,5713.625,10.25,1.75,0.5,20.5,21,5711.25,5716.5,5709.0,-2.25,-0.5,-4.5,-1.0
2017-05-17,2017,5692.5,5664.0,5678.25,28.5,3.875,1.5,19.0,19,5687.25,5691.0,5677.5,-1.5,-13.5,-1.0,-9.0
2017-05-18,2017,5608.25,5572.5,5590.375,35.75,5.125,1.75,20.428571428571427,21,5597.875,5605.75,5586.5,-2.5,-14.0,-1.4285714285714286,-8.0
2017-05-19,2017,5668.25,5646.0,5657.125,22.25,3.25,1.0,22.25,23,5661.5,5664.0,5651.0,-4.25,-5.0,-4.25,-5.0
2017-05-22,2017,5685.0,5663.25,5674.125,21.75,2.0,1.0,21.75,22,5681.75,5684.25,5675.25,-0.75,-12.0,-0.75,-12.0
2017-05-23,2017,5717.5,5694.25,5705.875,23.25,2.875,1.25,18.6,19,5711.125,5716.75,5698.0,-0.75,-3.75,-0.6,-3.0
2017-05-24,2017,5724.0,5710.25,5717.125,13.75,2.0,0.75,18.333333333333332,19,5714.375,5719.25,5711.0,-4.75,-0.75,-6.333333333333333,-1.0
2017-05-25,2017,5754.75,5741.0,5747.875,13.75,2.25,0.75,18.333333333333332,19,5748.125,5753.0,5744.75,-1.75,-3.75,-2.3333333333333335,-5.0
2017-05-26,2017,5787.0,5773.75,5780.375,13.25,2.75,0.75,17.666666666666668,18,5778.625,5783.5,5775.25,-3.5,-1.5,-4.666666666666667,-2.0
2017-05-30,2017,5802.25,5784.0,5793.125,18.25,2.0,1.0,18.25,19,5800.5,5802.25,5794.0,0.0,-10.0,0.0,-10.0
2017-05-31,2017,5815.75,5776.5,5796.125,39.25,2.25,2.0,19.625,20,5811.5,5815.75,5794.5,0.0,-18.0,0.0,-9.0
2017-06-01,2017,5813.0,5796.75,5804.875,16.25,2.875,0.75,21.666666666666668,22,5802.375,5810.25,5800.5,-2.75,-3.75,-3.6666666666666665,-5.0
2017-06-02,2017,5842.0,5826.25,5834.125,15.75,3.5,0.75,21.0,21,5831.125,5836.0,5829.25,-6.0,-3.0,-8.0,-4.0
2017-06-05,2017,5888.75,5872.75,5880.75,16.0,2.625,0.75,21.333333333333332,22,5885.875,5887.75,5876.5,-1.0,-3.75,-1.3333333333333333,-5.0
2017-06-06,2017,5887.75,5870.5,5879.125,17.25,2.5,0.75,23.0,23,5885.875,5887.75,5875.0,0.0,-4.5,0.0,-6.0
2017-06-07,2017,5882.5,5864.75,5873.625,17.75,2.625,1.0,17.75,18,5875.25,5881.75,5872.75,-0.75,-8.0,-0.75,-8.0
2017-06-08,2017,5895.25,5860.5,5877.875,34.75,4.0,1.75,19.857142857142858,20,5866.625,5885.0,5862.25,-10.25,-1.75,-5.857142857142857,-1.0
2017-06-09,2017,5894.5,5878.5,5886.5,16.0,3.0,0.75,21.333333333333332,22,5888.625,5892.0,5883.75,-2.5,-5.25,-3.3333333333333335,-7.0
2017-06-12,2017,5708.75,5643.25,5676.0,65.5,12.0,3.25,20.153846153846153,21,5657.875,5685.5,5649.75,-23.25,-6.5,-7.153846153846154,-2.0
2017-06-13,2017,5768.0,5744.25,5756.125,23.75,4.25,1.25,19.0,19,5756.125,5764.25,5750.5,-3.75,-6.25,-3.0,-5.0
2017-06-14,2017,5783.25,5757.75,5770.5,25.5,4.5,1.25,20.4,21,5775.875,5779.0,5765.25,-4.25,-7.5,-3.4,-6.0
2017-06-15,2017,5684.5,5646.5,5665.5,38.0,6.375,2.0,19.0,19,5677.5,5682.5,5656.5,-2.0,-10.0,-1.0,-5.0
2017-06-16,2017,5707.5,5678.0,5692.75,29.5,4.5,1.5,19.666666666666668,20,5690.75,5697.5,5684.0,-10.0,-6.0,-6.666666666666667,-4.0
2017-06-19,2017,5754.75,5728.0,5741.375,26.75,3.5,1.25,21.4,22,5749.875,5754.75,5739.25,0.0,-11.25,0.0,-9.0
2017-06-20,2017,5774.25,5757.5,5765.875,16.75,4.125,0.75,22.333333333333332,23,5763.125,5771.0,5761.25,-3.25,-3.75,-4.333333333333333,-5.0
2017-06-21,2017,5755.25,5740.0,5747.625,15.25,4.5,0.75,20.333333333333332,21,5748.625,5752.0,5743.75,-3.25,-3.75,-4.333333333333333,-5.0
2017-06-22,2017,5795.5,5774.0,5784.75,21.5,4.0,1.0,21.5,22,5781.5,5786.0,5775.0,-9.5,-1.0,-9.5,-1.0
2017-06-23,2017,5785.5,5763.0,5774.25,22.5,3.25,1.25,18.0,18,5767.375,5778.0,5764.25,-7.5,-1.25,-6.0,-1.0
2017-06-26,2017,5852.0,5836.5,5844.25,15.5,3.25,0.75,20.666666666666668,21,5847.375,5849.25,5841.0,-2.75,-4.5,-3.6666666666666665,-6.0
2017-06-27,2017,5759.5,5734.75,5747.125,24.75,5.375,1.25,19.8,20,5750.375,5753.5,5739.75,-6.0,-5.0,-4.8,-4.0
2017-06-28,2017,5699.75,5662.5,5681.125,37.25,5.625,1.75,21.285714285714285,22,5679.125,5694.0,5671.25,-5.75,-8.75,-3.2857142857142856,-5.0
2017-06-29,2017,5733.0,5691.25,5712.125,41.75,6.25,2.0,20.875,21,5698.25,5715.25,5693.25,-17.75,-2.0,-8.875,-1.0
2017-06-30,2017,5686.5,5658.75,5672.625,27.75,5.875,1.5,18.5,19,5679.0,5682.75,5669.25,-3.75,-10.5,-2.5,-7.0
2017-07-05,2017,5632.0,5604.25,5618.125,27.75,6.0,1.5,18.5,19,5617.0,5623.75,5607.25,-8.25,-3.0,-5.5,-2.0
2017-07-06,2017,5620.25,5590.25,5605.25,30.0,6.875,1.5,20.0,20,5601.5,5611.25,5594.75,-9.0,-4.5,-6.0,-3.0
2017-07-07,2017,5646.0,5618.25,5632.125,27.75,4.25,1.5,18.5,19,5626.5,5636.25,5622.75,-9.75,-4.5,-6.5,-3.0
2017-07-10,2017,5681.0,5650.0,5665.5,31.0,5.125,1.5,20.666666666666668,21,5671.75,5678.5,5659.0,-2.5,-9.0,-1.6666666666666667,-6.0
2017-07-11,2017,5699.0,5681.0,5690.0,18.0,3.125,1.0,18.0,18,5689.5,5692.0,5681.0,-7.0,0.0,-7.0,0.0
2017-07-12,2017,5769.75,5751.0,5760.375,18.75,4.125,1.0,18.75,19,5762.5,5765.0,5756.0,-4.75,-5.0,-4.75,-5.0
2017-07-13,2017,5808.5,5780.25,5794.375,28.25,3.75,1.5,18.833333333333332,19,5791.5,5798.25,5784.75,-10.25,-4.5,-6.833333333333333,-3.0
2017-07-14,2017,5824.0,5809.5,5816.75,14.5,3.375,0.75,19.333333333333332,20,5815.875,5820.75,5812.5,-3.25,-3.0,-4.333333333333333,-4.0
2017-07-17,2017,5857.25,5840.25,5848.75,17.0,3.125,0.75,22.666666666666668,23,5846.625,5854.5,5841.75,-2.75,-1.5,-3.6666666666666665,-2.0
2017-07-18,2017,5844.75,5820.25,5832.5,24.5,3.5,1.25,19.6,20,5830.875,5839.0,5822.75,-5.75,-2.5,-4.6,-2.0
2017-07-19,2017,5913.25,5896.25,5904.75,17.0,3.625,0.75,22.666666666666668,23,5902.625,5910.5,5900.75,-2.75,-4.5,-3.6666666666666665,-6.0
2017-07-20,2017,5935.5,5917.75,5926.625,17.75,2.875,1.0,17.75,18,5927.25,5929.75,5918.75,-5.75,-1.0,-5.75,-1.0
2017-07-21,2017,5911.5,5890.5,5901.0,21.0,4.25,1.0,21.0,21,5904.0,5908.5,5899.5,-3.0,-9.0,-3.0,-9.0
2017-07-24,2017,5926.5,5915.5,5921.0,11.0,2.5,0.5,22.0,22,5921.25,5923.5,5918.0,-3.0,-2.5,-6.0,-5.0
2017-07-25,2017,5934.5,5915.75,5925.125,18.75,4.0,1.0,18.75,19,5921.25,5929.75,5918.75,-4.75,-3.0,-4.75,-3.0
2017-07-26,2017,5951.5,5941.75,5946.625,9.75,2.75,0.5,19.5,20,5948.5,5950.75,5946.25,-0.75,-4.5,-1.5,-9.0
2017-07-27,2017,5994.5,5973.0,5983.75,21.5,3.125,1.0,21.5,22,5979.5,5988.0,5977.0,-6.5,-4.0,-6.5,-4.0
2017-07-28,2017,5905.25,5868.25,5886.75,37.0,4.5,1.75,21.142857142857142,22,5897.125,5901.5,5878.75,-3.75,-10.5,-2.142857142857143,-6.0
2017-07-31,2017,5932.25,5903.75,5918.0,28.5,3.75,1.5,19.0,19,5927.0,5930.75,5920.25,-1.5,-16.5,-1.0,-11.0
2017-08-01,2017,5905.5,5886.5,5896.0,19.0,4.5,1.0,19.0,19,5892.0,5900.5,5889.5,-5.0,-3.0,-5.0,-3.0
2017-08-02,2017,5935.5,5906.0,5920.75,29.5,4.5,1.5,19.666666666666668,20,5911.25,5930.0,5907.5,-5.5,-1.5,-3.6666666666666665,-1.0
2017-08-03,2017,5920.0,5888.0,5904.0,32.0,4.75,1.5,21.333333333333332,22,5912.75,5916.5,5900.0,-3.5,-12.0,-2.3333333333333335,-8.0
2017-08-04,2017,5912.0,5883.75,5897.875,28.25,4.25,1.5,18.833333333333332,19,5901.0,5907.75,5894.25,-4.25,-10.5,-2.8333333333333335,-7.0
2017-08-07,2017,5914.25,5900.5,5907.375,13.75,3.125,0.75,18.333333333333332,19,5909.125,5912.5,5905.75,-1.75,-5.25,-2.3333333333333335,-7.0
2017-08-08,2017,5926.75,5912.0,5919.375,14.75,3.25,0.75,19.666666666666668,20,5917.625,5924.0,5914.25,-2.75,-2.25,-3.6666666666666665,-3.0
2017-08-09,2017,5893.0,5861.75,5877.375,31.25,5.375,1.5,20.833333333333332,21,5877.5,5887.25,5870.75,-5.75,-9.0,-3.8333333333333335,-6.0
2017-08-10,2017,5886.25,5860.25,5873.25,26.0,4.75,1.25,20.8,21,5867.125,5880.25,5861.5,-6.0,-1.25,-4.8,-1.0
2017-08-11,2017,5812.5,5783.5,5798.0,29.0,6.25,1.5,19.333333333333332,20,5805.25,5809.0,5792.5,-3.5,-9.0,-2.3333333333333335,-6.0
2017-08-14,2017,5892.5,5877.75,5885.125,14.75,3.5,0.75,19.666666666666668,20,5887.875,5889.75,5883.0,-2.75,-5.25,-3.6666666666666665,-7.0
2017-08-15,2017,5923.0,5898.75,5910.875,24.25,4.125,1.25,19.4,20,5916.875,5922.5,5903.75,-0.5,-5.0,-0.4,-4.0
2017-08-16,2017,5928.5,5907.5,5918.0,21.0,3.75,1.0,21.0,21,5916.0,5922.5,5909.5,-6.0,-2.0,-6.0,-2.0
2017-08-17,2017,5907.5,5891.0,5899.25,16.5,3.875,0.75,22.0,22,5901.125,5904.5,5894.75,-3.0,-3.75,-4.0,-5.0
2017-08-18,2017,5809.75,5772.5,5791.125,37.25,6.625,1.75,21.285714285714285,22,5799.625,5809.75,5791.75,0.0,-19.25,0.0,-11.0
2017-08-21,2017,5807.5,5782.0,5794.75,25.5,4.25,1.25,20.4,21,5800.125,5803.25,5789.5,-4.25,-7.5,-3.4,-6.0
2017-08-22,2017,5847.25,5816.75,5832.0,30.5,2.875,1.5,20.333333333333332,21,5838.5,5847.25,5831.75,0.0,-15.0,0.0,-10.0
2017-08-23,2017,5862.0,5841.5,5851.75,20.5,4.125,1.0,20.5,21,5850.0,5858.5,5845.5,-3.5,-4.0,-3.5,-4.0
2017-08-24,2017,5874.25,5833.25,5853.75,41.0,4.375,2.0,20.5,21,5866.25,5874.25,5845.25,0.0,-12.0,0.0,-6.0
2017-08-25,2017,5867.75,5845.25,5856.5,22.5,4.375,1.25,18.0,18,5854.625,5860.25,5846.5,-7.5,-1.25,-6.0,-1.0
2017-08-28,2017,5842.75,5825.5,5834.125,17.25,3.25,0.75,23.0,23,5833.375,5836.75,5827.0,-6.0,-1.5,-8.0,-2.0
2017-08-29,2017,5824.5,5786.25,5805.375,38.25,4.875,2.0,19.125,20,5809.25,5822.25,5804.25,-2.25,-18.0,-1.125,-9.0
2017-08-30,2017,5895.0,5865.5,5880.25,29.5,3.0,1.5,19.666666666666668,20,5885.75,5895.0,5873.0,0.0,-7.5,0.0,-5.0
2017-08-31,2017,5970.0,5946.75,5958.375,23.25,3.125,1.25,18.6,19,5966.125,5969.25,5955.5,-0.75,-8.75,-0.6,-7.0
2017-09-01,2017,6013.5,5982.75,5998.125,30.75,3.875,1.5,20.5,21,6003.0,6009.75,5990.25,-3.75,-7.5,-2.5,-5.0
2017-09-05,2017,5981.75,5950.75,5966.25,31.0,4.0,1.5,20.666666666666668,21,5968.0,5980.75,5958.25,-1.0,-7.5,-0.6666666666666666,-5.0
2017-09-06,2017,5961.5,5937.75,5949.625,23.75,4.5,1.25,19.0,19,5943.375,5951.5,5940.25,-10.0,-2.5,-8.0,-2.0
2017-09-07,2017,5965.5,5949.0,5957.25,16.5,3.75,0.75,22.0,22,5956.875,5961.75,5953.5,-3.75,-4.5,-5.0,-6.0
2017-09-08,2017,5961.5,5943.25,5952.375,18.25,3.5,1.0,18.25,19,5950.75,5955.25,5946.25,-6.25,-3.0,-6.25,-3.0
2017-09-11,2017,5995.5,5967.5,5981.5,28.0,3.0,1.5,18.666666666666668,19,5990.75,5994.5,5975.0,-1.0,-7.5,-0.6666666666666666,-5.0
2017-09-12,2017,6012.25,5986.5,5999.375,25.75,4.125,1.25,20.6,21,6004.625,6007.75,5991.5,-4.5,-5.0,-3.6,-4.0
2017-09-13,2017,6002.25,5983.5,5992.875,18.75,3.0,1.0,18.75,19,5991.0,5995.5,5984.5,-6.75,-1.0,-6.75,-1.0
2017-09-14,2017,5990.5,5970.25,5980.375,20.25,3.125,1.0,20.25,21,5985.75,5988.25,5973.25,-2.25,-3.0,-2.25,-3.0
2017-09-15,2017,5976.75,5961.25,5969.0,15.5,2.75,0.75,20.666666666666668,21,5971.375,5973.25,5965.0,-3.5,-3.75,-4.666666666666667,-5.0
2017-09-18,2017,6018.25,5993.0,6005.625,25.25,3.125,1.25,20.2,21,6006.125,6011.75,5995.5,-6.5,-2.5,-5.2,-2.0
2017-09-19,2017,5998.5,5975.0,5986.75,23.5,4.0,1.25,18.8,19,5983.125,5991.25,5975.0,-7.25,0.0,-5.8,0.0
2017-09-20,2017,6000.5,5985.5,5993.0,15.0,2.5,0.75,20.0,20,5988.875,5996.75,5987.0,-3.75,-1.5,-5.0,-2.0
2017-09-21,2017,5973.5,5933.0,5953.25,40.5,4.5,2.0,20.25,21,5952.0,5957.0,5935.0,-16.5,-2.0,-8.25,-1.0
2017-09-22,2017,5940.5,5917.75,5929.125,22.75,3.875,1.25,18.2,19,5933.375,5939.0,5927.75,-1.5,-10.0,-1.2,-8.0
2017-09-25,2017,5911.5,5886.5,5899.0,25.0,4.625,1.25,20.0,20,5897.125,5900.25,5889.0,-11.25,-2.5,-9.0,-2.0
2017-09-26,2017,5912.5,5895.25,5903.875,17.25,3.625,0.75,23.0,23,5905.375,5908.75,5899.0,-3.75,-3.75,-5.0,-5.0
2017-09-27,2017,5936.75,5917.0,5926.875,19.75,3.0,1.0,19.75,20,5929.5,5936.0,5925.0,-0.75,-8.0,-0.75,-8.0
2017-09-28,2017,5932.5,5911.25,5921.875,21.25,3.875,1.0,21.25,22,5926.75,5929.25,5916.25,-3.25,-5.0,-3.25,-5.0
2017-09-29,2017,5957.25,5936.25,5946.75,21.0,3.25,1.0,21.0,21,5951.75,5956.25,5943.25,-1.0,-7.0,-1.0,-7.0
2017-10-02,2017,6005.0,5989.0,5997.0,16.0,2.875,0.75,21.333333333333332,22,5995.375,5998.75,5992.0,-6.25,-3.0,-8.333333333333334,-4.0
2017-10-03,2017,6004.75,5987.0,5995.875,17.75,3.75,1.0,17.75,18,6002.5,6003.0,5992.0,-1.75,-5.0,-1.75,-5.0
2017-10-04,2017,5996.75,5979.5,5988.125,17.25,3.25,0.75,23.0,23,5985.875,5993.75,5982.5,-3.0,-3.0,-4.0,-4.0
2017-10-05,2017,6040.5,6019.25,6029.875,21.25,3.75,1.0,21.25,22,6029.75,6036.25,6025.25,-4.25,-6.0,-4.25,-6.0
2017-10-06,2017,6058.75,6040.5,6049.625,18.25,3.25,1.0,18.25,19,6054.0,6056.5,6045.5,-2.25,-5.0,-2.25,-5.0
2017-10-09,2017,6079.5,6068.5,6074.0,11.0,2.875,0.5,22.0,22,6073.25,6075.5,6071.0,-4.0,-2.5,-8.0,-5.0
2017-10-10,2017,6088.5,6070.0,6079.25,18.5,2.875,1.0,18.5,19,6080.5,6087.0,6074.0,-1.5,-4.0,-1.5,-4.0
2017-10-11,2017,6069.5,6056.0,6062.75,13.5,3.0,0.75,18.0,18,6063.125,6066.5,6059.75,-3.0,-3.75,-4.0,-5.0
2017-10-12,2017,6082.5,6068.25,6075.375,14.25,2.75,0.75,19.0,19,6079.875,6081.75,6073.5,-0.75,-5.25,-1.0,-7.0
2017-10-13,2017,6098.5,6090.0,6094.25,8.5,2.625,0.5,17.0,17,6095.75,6097.0,6091.5,-1.5,-1.5,-3.0,-3.0
2017-10-16,2017,6118.25,6109.5,6113.875,8.75,1.75,0.5,17.5,18,6115.75,6117.0,6113.5,-1.25,-4.0,-2.5,-8.0
2017-10-17,2017,6116.25,6109.0,6112.625,7.25,2.0,0.25,29.0,29,6112.875,6113.5,6109.75,-2.75,-0.75,-11.0,-3.0
2017-10-18,2017,6131.0,6113.0,6122.0,18.0,2.5,1.0,18.0,18,6116.5,6127.0,6113.0,-4.0,0.0,-4.0,0.0
2017-10-19,2017,6091.5,6052.5,6072.0,39.0,4.875,2.0,19.5,20,6077.5,6082.5,6056.5,-9.0,-4.0,-4.5,-2.0
2017-10-20,2017,6120.5,6111.5,6116.0,9.0,2.75,0.5,18.0,18,6116.25,6118.5,6114.0,-2.0,-2.5,-4.0,-5.0
2017-10-23,2017,6122.25,6105.0,6113.625,17.25,2.0,0.75,23.0,23,6106.875,6117.75,6105.0,-4.5,0.0,-6.0,0.0
2017-10-24,2017,6081.5,6057.0,6069.25,24.5,3.75,1.25,19.6,20,6063.875,6074.5,6058.25,-7.0,-1.25,-5.6,-1.0
2017-10-25,2017,6087.5,6063.0,6075.25,24.5,3.625,1.25,19.6,20,6078.625,6086.75,6070.5,-0.75,-7.5,-0.6,-6.0
2017-10-26,2017,6063.0,6044.0,6053.5,19.0,4.0,1.0,19.0,19,6057.5,6060.0,6053.0,-3.0,-9.0,-3.0,-9.0
2017-10-27,2017,6158.5,6128.0,6143.25,30.5,4.25,1.5,20.333333333333332,21,6131.75,6147.5,6128.0,-11.0,0.0,-7.333333333333333,0.0
2017-10-30,2017,6234.25,6206.0,6220.125,28.25,3.625,1.5,18.833333333333332,19,6226.25,6233.0,6219.5,-1.25,-13.5,-0.8333333333333334,-9.0
2017-10-31,2017,6249.0,6228.5,6238.75,20.5,3.875,1.0,20.5,21,6244.0,6248.5,6237.5,-0.5,-9.0,-0.5,-9.0
2017-11-01,2017,6277.25,6258.5,6267.875,18.75,3.75,1.0,18.75,19,6272.0,6276.5,6267.5,-0.75,-9.0,-0.75,-9.0
2017-11-02,2017,6242.5,6225.75,6234.125,16.75,3.25,0.75,22.333333333333332,23,6230.625,6238.5,6227.25,-4.0,-1.5,-5.333333333333333,-2.0
2017-11-03,2017,6264.0,6238.25,6251.125,25.75,4.0,1.25,20.6,21,6245.125,6253.25,6242.0,-10.75,-3.75,-8.6,-3.0
2017-11-06,2017,6308.75,6287.0,6297.875,21.75,2.5,1.0,21.75,22,6303.5,6308.0,6299.0,-0.75,-12.0,-0.75,-12.0
2017-11-07,2017,6326.75,6308.5,6317.625,18.25,2.75,1.0,18.25,19,6320.0,6324.5,6315.5,-2.25,-7.0,-2.25,-7.0
2017-11-08,2017,6322.75,6307.75,6315.25,15.0,2.875,0.75,20.0,20,6313.375,6318.25,6310.0,-4.5,-2.25,-6.0,-3.0
2017-11-09,2017,6301.5,6272.25,6286.875,29.25,4.25,1.5,19.5,20,6282.0,6294.75,6272.25,-6.75,0.0,-4.5,0.0
2017-11-10,2017,6306.5,6290.0,6298.25,16.5,3.75,0.75,22.0,22,6298.625,6302.0,6293.75,-4.5,-3.75,-6.0,-5.0
2017-11-14,2017,6297.75,6278.0,6287.875,19.75,4.25,1.0,19.75,20,6287.5,6296.0,6285.0,-1.75,-7.0,-1.75,-7.0
2017-11-15,2017,6268.5,6230.75,6249.625,37.75,5.125,2.0,18.875,19,6239.75,6248.75,6230.75,-19.75,0.0,-9.875,0.0
2017-11-16,2017,6312.75,6295.0,6303.875,17.75,2.75,1.0,17.75,18,6308.5,6311.0,6304.0,-1.75,-9.0,-1.75,-9.0
2017-11-17,2017,6349.25,6334.75,6342.0,14.5,3.125,0.75,19.333333333333332,20,6338.875,6345.25,6337.0,-4.0,-2.25,-5.333333333333333,-3.0
2017-11-20,2017,6329.25,6316.75,6323.0,12.5,2.25,0.75,16.666666666666668,17,6320.875,6327.25,6319.0,-2.0,-2.25,-2.6666666666666665,-3.0
2017-11-21,2017,6375.0,6340.5,6357.75,34.5,3.0,1.75,19.714285714285715,20,6369.375,6373.75,6351.0,-1.25,-10.5,-0.7142857142857143,-6.0
2017-11-22,2017,6392.75,6375.25,6384.0,17.5,2.75,1.0,17.5,18,6378.75,6387.25,6376.25,-5.5,-1.0,-5.5,-1.0
2017-11-27,2017,6419.75,6403.75,6411.75,16.0,2.5,0.75,21.333333333333332,22,6407.875,6417.25,6406.0,-2.5,-2.25,-3.3333333333333335,-3.0
2017-11-28,2017,6424.5,6410.25,6417.375,14.25,3.0,0.75,19.0,19,6413.625,6423.0,6413.25,-1.5,-3.0,-2.0,-4.0
2017-11-29,2017,6418.75,6381.25,6400.0,37.5,4.75,2.0,18.75,19,6384.25,6401.25,6383.25,-17.5,-2.0,-8.75,-1.0
2017-11-30,2017,6352.0,6324.25,6338.125,27.75,6.25,1.5,18.5,19,6337.0,6343.75,6330.25,-8.25,-6.0,-5.5,-4.0
2017-12-01,2017,6355.75,6324.0,6339.875,31.75,5.625,1.5,21.166666666666668,22,6347.25,6354.0,6334.5,-1.75,-10.5,-1.1666666666666667,-7.0
2017-12-04,2017,6385.0,6350.5,6367.75,34.5,4.875,1.75,19.714285714285715,20,6367.125,6378.5,6362.75,-6.5,-12.25,-3.7142857142857144,-7.0
2017-12-05,2017,6314.5,6238.75,6276.625,75.75,6.375,3.75,20.2,21,6296.875,6306.25,6265.0,-8.25,-26.25,-2.2,-7.0
2017-12-06,2017,6284.75,6237.75,6261.25,47.0,5.5,2.25,20.88888888888889,21,6279.375,6284.75,6260.25,0.0,-22.5,0.0,-10.0
2017-12-07,2017,6316.25,6288.75,6302.5,27.5,5.25,1.5,18.333333333333332,19,6307.5,6314.25,6300.75,-2.0,-12.0,-1.3333333333333333,-8.0
2017-12-08,2017,6379.0,6361.5,6370.25,17.5,4.25,1.0,17.5,18,6368.0,6376.5,6365.5,-2.5,-4.0,-2.5,-4.0
2017-12-11,2017,6386.75,6365.5,6376.125,21.25,4.5,1.0,21.25,22,6379.0,6383.5,6374.5,-3.25,-9.0,-3.25,-9.0
2017-12-12,2017,6411.0,6390.0,6400.5,21.0,4.5,1.0,21.0,21,6402.5,6407.0,6396.0,-4.0,-6.0,-4.0,-6.0
2017-12-13,2017,6437.75,6426.0,6431.875,11.75,3.125,0.5,23.5,24,6434.25,6435.5,6429.0,-2.25,-3.0,-4.5,-6.0
2017-12-14,2017,6434.25,6418.75,6426.5,15.5,3.625,0.75,20.666666666666668,21,6425.875,6430.75,6422.5,-3.5,-3.75,-4.666666666666667,-5.0
2017-12-15,2017,6437.5,6423.5,6430.5,14.0,2.875,0.75,18.666666666666668,19,6427.625,6434.0,6425.75,-3.5,-2.25,-4.666666666666667,-3.0
2017-12-18,2017,6531.0,6513.0,6522.0,18.0,3.75,1.0,18.0,18,6524.5,6529.0,6520.0,-2.0,-7.0,-2.0,-7.0
2017-12-19,2017,6531.5,6503.75,6517.625,27.75,4.125,1.5,18.5,19,6507.5,6520.25,6503.75,-11.25,0.0,-7.5,0.0
2017-12-20,2017,6521.75,6468.0,6494.875,53.75,5.0,2.75,19.545454545454547,20,6477.625,6506.5,6470.75,-15.25,-2.75,-5.545454545454546,-1.0
2017-12-21,2017,6507.75,6482.0,6494.875,25.75,3.625,1.25,20.6,21,6500.125,6507.75,6494.5,0.0,-12.5,0.0,-10.0
2017-12-22,2017,6488.25,6467.5,6477.875,20.75,3.0,1.0,20.75,21,6480.0,6482.5,6471.5,-5.75,-4.0,-5.75,-4.0
2017-12-26,2017,6460.5,6432.25,6446.375,28.25,3.875,1.5,18.833333333333332,19,6442.0,6451.75,6435.25,-8.75,-3.0,-5.833333333333333,-2.0
2017-12-27,2017,6468.0,6452.75,6460.375,15.25,2.375,0.75,20.333333333333332,21,6464.375,6466.25,6459.5,-1.75,-6.75,-2.3333333333333335,-9.0
2017-12-28,2017,6467.5,6455.25,6461.375,12.25,2.25,0.5,24.5,25,6462.0,6463.25,6456.75,-4.25,-1.5,-8.5,-3.0
2017-12-29,2017,6458.0,6437.75,6447.875,20.25,2.25,1.0,20.25,21,6447.25,6449.75,6438.75,-8.25,-1.0,-8.25,-1.0
2018-01-02,2018,6482.25,6426.25,6454.25,56.0,4.75,2.75,20.363636363636363,21,6471.625,6478.5,6437.25,-3.75,-11.0,-1.3636363636363635,-4.0
2018-01-03,2018,6561.75,6526.0,6543.875,35.75,2.625,1.75,20.428571428571427,21,6546.125,6557.5,6534.75,-4.25,-8.75,-2.4285714285714284,-5.0
2018-01-04,2018,6615.75,6586.5,6601.125,29.25,5.0,1.5,19.5,20,6597.75,6610.5,6591.0,-5.25,-4.5,-3.5,-3.0
2018-01-05,2018,6631.75,6614.25,6623.0,17.5,3.75,1.0,17.5,18,6619.75,6626.25,6617.25,-5.5,-3.0,-5.5,-3.0
2018-01-08,2018,6675.75,6658.75,6667.25,17.0,3.5,0.75,22.666666666666668,23,6668.125,6673.0,6663.25,-2.75,-4.5,-3.6666666666666665,-6.0
2018-01-09,2018,6704.5,6667.25,6685.875,37.25,4.875,1.75,21.285714285714285,22,6683.875,6691.75,6669.0,-12.75,-1.75,-7.285714285714286,-1.0
2018-01-10,2018,6669.0,6633.5,6651.25,35.5,6.125,1.75,20.285714285714285,21,6662.375,6666.75,6640.5,-2.25,-7.0,-1.2857142857142858,-4.0
2018-01-11,2018,6689.75,6676.75,6683.25,13.0,3.75,0.75,17.333333333333332,18,6683.875,6685.75,6680.5,-4.0,-3.75,-5.333333333333333,-5.0
2018-01-12,2018,6727.5,6703.25,6715.375,24.25,3.375,1.25,19.4,20,6723.875,6727.0,6715.75,-0.5,-12.5,-0.4,-10.0
2018-01-16,2018,6845.75,6809.25,6827.5,36.5,4.0,1.75,20.857142857142858,21,6839.875,6844.25,6821.5,-1.5,-12.25,-0.8571428571428571,-7.0
2018-01-17,2018,6782.25,6751.5,6766.875,30.75,6.25,1.5,20.5,21,6765.75,6772.5,6756.0,-9.75,-4.5,-6.5,-3.0
2018-01-18,2018,6826.5,6809.0,6817.75,17.5,5.25,1.0,17.5,18,6816.5,6823.0,6814.0,-3.5,-5.0,-3.5,-5.0
2018-01-19,2018,6857.0,6829.5,6843.25,27.5,4.875,1.5,18.333333333333332,19,6843.75,6853.5,6840.0,-3.5,-10.5,-2.3333333333333335,-7.0
2018-01-22,2018,6858.0,6834.25,6846.125,23.75,3.875,1.25,19.0,19,6838.625,6851.75,6838.0,-6.25,-3.75,-5.0,-3.0
2018-01-23,2018,6964.0,6935.75,6949.875,28.25,4.5,1.5,18.833333333333332,19,6944.0,6959.75,6940.25,-4.25,-4.5,-2.8333333333333335,-3.0
2018-01-24,2018,6993.75,6965.5,6979.625,28.25,5.75,1.5,18.833333333333332,19,6973.75,6986.5,6970.0,-7.25,-4.5,-4.833333333333333,-3.0
2018-01-25,2018,6977.75,6916.25,6947.0,61.5,6.625,3.0,20.5,21,6962.75,6976.25,6949.25,-1.5,-33.0,-0.5,-11.0
2018-01-26,2018,6969.25,6949.25,6959.25,20.0,5.25,1.0,20.0,20,6957.75,6964.25,6953.25,-5.0,-4.0,-5.0,-4.0
2018-01-29,2018,7021.25,6992.5,7006.875,28.75,5.75,1.5,19.166666666666668,20,7015.75,7019.5,7006.0,-1.75,-13.5,-1.1666666666666667,-9.0
2018-01-30,2018,6949.75,6913.0,6931.375,36.75,7.625,1.75,21.0,21,6924.375,6942.75,6920.0,-7.0,-7.0,-4.0,-4.0
2018-01-31,2018,6991.0,6974.75,6982.875,16.25,4.25,0.75,21.666666666666668,22,6983.375,6988.25,6981.5,-2.75,-6.75,-3.6666666666666665,-9.0
2018-02-01,2018,6955.0,6911.0,6933.0,44.0,6.75,2.25,19.555555555555557,20,6932.375,6947.0,6926.75,-8.0,-15.75,-3.5555555555555554,-7.0
2018-02-02,2018,6895.75,6835.5,6865.625,60.25,8.0,3.0,20.083333333333332,21,6876.0,6895.5,6850.5,-0.25,-15.0,-0.08333333333333333,-5.0
2018-02-05,2018,6746.25,6682.5,6714.375,63.75,8.25,3.25,19.615384615384617,20,6719.875,6734.5,6705.25,-11.75,-22.75,-3.6153846153846154,-7.0
2018-02-06,2018,6599.75,6373.75,6486.75,226.0,22.875,11.25,20.08888888888889,21,6525.625,6598.75,6475.0,-1.0,-101.25,-0.08888888888888889,-9.0
2018-02-07,2018,6668.25,6623.5,6645.875,44.75,11.0,2.25,19.88888888888889,20,6649.375,6655.0,6630.25,-13.25,-6.75,-5.888888888888889,-3.0
2018-02-08,2018,6604.25,6545.75,6575.0,58.5,10.875,3.0,19.5,20,6586.25,6599.75,6560.75,-4.5,-15.0,-1.5,-5.0
2018-02-09,2018,6424.0,6351.25,6387.625,72.75,14.5,3.75,19.4,20,6405.625,6415.0,6381.25,-9.0,-30.0,-2.4,-8.0
2018-02-12,2018,6516.75,6470.5,6493.625,46.25,10.625,2.25,20.555555555555557,21,6491.875,6506.5,6477.25,-10.25,-6.75,-4.555555555555555,-3.0
2018-02-13,2018,6514.5,6476.0,6495.25,38.5,10.125,2.0,19.25,20,6499.0,6508.0,6490.0,-6.5,-14.0,-3.25,-7.0
2018-02-14,2018,6575.25,6516.25,6545.75,59.0,11.125,3.0,19.666666666666668,20,6547.75,6561.25,6534.25,-14.0,-18.0,-4.666666666666667,-6.0
2018-02-15,2018,6754.5,6702.75,6728.625,51.75,8.0,2.5,20.7,21,6729.0,6740.25,6712.75,-14.25,-10.0,-5.7,-4.0
2018-02-16,2018,6825.75,6782.75,6804.25,43.0,7.25,2.25,19.11111111111111,20,6810.875,6821.0,6796.25,-4.75,-13.5,-2.111111111111111,-6.0
2018-02-20,2018,6797.75,6745.0,6771.375,52.75,6.125,2.75,19.181818181818183,20,6784.875,6791.75,6767.0,-6.0,-22.0,-2.1818181818181817,-8.0
2018-02-21,2018,6832.75,6806.25,6819.5,26.5,6.125,1.25,21.2,22,6823.125,6828.75,6817.5,-4.0,-11.25,-3.2,-9.0
2018-02-22,2018,6820.5,6782.0,6801.25,38.5,5.5,2.0,19.25,20,6809.0,6814.0,6796.0,-6.5,-14.0,-3.25,-7.0
2018-02-23,2018,6825.75,6802.0,6813.875,23.75,6.25,1.25,19.0,19,6817.625,6820.75,6807.0,-5.0,-5.0,-4.0,-4.0
2018-02-26,2018,6964.75,6929.5,6947.125,35.25,5.5,1.75,20.142857142857142,21,6958.375,6962.75,6947.0,-2.0,-17.5,-1.1428571428571428,-10.0
2018-02-27,2018,7000.0,6967.0,6983.5,33.0,6.25,1.75,18.857142857142858,19,6990.625,6998.5,6982.75,-1.5,-15.75,-0.8571428571428571,-9.0
2018-02-28,2018,6958.0,6926.5,6942.25,31.5,4.75,1.5,21.0,21,6931.75,6947.5,6928.0,-10.5,-1.5,-7.0,-1.0
2018-03-01,2018,6889.25,6801.0,6845.125,88.25,11.375,4.5,19.61111111111111,20,6830.25,6859.5,6801.0,-29.75,0.0,-6.611111111111111,0.0
2018-03-02,2018,6704.25,6646.0,6675.125,58.25,13.25,3.0,19.416666666666668,20,6674.5,6694.0,6661.0,-10.25,-15.0,-3.4166666666666665,-5.0
2018-03-05,2018,6801.75,6762.0,6781.875,39.75,8.75,2.0,19.875,20,6787.0,6796.0,6774.0,-5.75,-12.0,-2.875,-6.0
2018-03-06,2018,6933.75,6898.0,6915.875,35.75,6.625,1.75,20.428571428571427,21,6911.125,6926.0,6906.75,-7.75,-8.75,-4.428571428571429,-5.0
2018-03-07,2018,6899.0,6856.25,6877.625,42.75,6.75,2.25,19.0,19,6882.125,6892.25,6876.5,-6.75,-20.25,-3.0,-9.0
2018-03-08,2018,6971.0,6950.75,6960.875,20.25,4.375,1.0,20.25,21,6965.25,6967.75,6958.75,-3.25,-8.0,-3.25,-8.0
2018-03-09,2018,7026.0,7008.25,7017.125,17.75,4.875,1.0,17.75,18,7021.75,7024.25,7013.25,-1.75,-5.0,-1.75,-5.0
2018-03-12,2018,7169.25,7141.75,7155.5,27.5,3.75,1.5,18.333333333333332,19,7163.5,7169.25,7147.75,0.0,-6.0,0.0,-4.0
2018-03-13,2018,7214.5,7193.0,7203.75,21.5,4.25,1.0,21.5,22,7206.5,7213.0,7198.0,-1.5,-5.0,-1.5,-5.0
2018-03-14,2018,7111.75,7075.25,7093.5,36.5,7.375,1.75,20.857142857142858,21,7084.875,7096.25,7077.0,-15.5,-1.75,-8.857142857142858,-1.0
2018-03-15,2018,7074.5,7038.5,7056.5,36.0,5.5,1.75,20.571428571428573,21,7055.125,7063.0,7043.75,-11.5,-5.25,-6.571428571428571,-3.0
2018-03-16,2018,7084.5,7064.75,7074.625,19.75,5.375,1.0,19.75,20,7071.25,7079.75,7068.75,-4.75,-4.0,-4.75,-4.0
2018-03-19,2018,6973.5,6942.75,6958.125,30.75,6.0,1.5,20.5,21,6957.0,6963.75,6950.25,-9.75,-7.5,-6.5,-5.0
2018-03-20,2018,6918.5,6883.25,6900.875,35.25,7.0,1.75,20.142857142857142,21,6908.625,6916.5,6890.25,-2.0,-7.0,-1.1428571428571428,-4.0
2018-03-21,2018,6901.75,6878.25,6890.0,23.5,5.5,1.25,18.8,19,6887.625,6895.75,6882.0,-6.0,-3.75,-4.8,-3.0
2018-03-22,2018,6812.0,6766.0,6789.0,46.0,7.5,2.25,20.444444444444443,21,6794.125,6808.75,6779.5,-3.25,-13.5,-1.4444444444444444,-6.0
2018-03-23,2018,6721.25,6651.5,6686.375,69.75,8.875,3.5,19.928571428571427,20,6684.75,6707.5,6662.0,-13.75,-10.5,-3.9285714285714284,-3.0
2018-03-26,2018,6680.0,6654.0,6667.0,26.0,6.375,1.25,20.8,21,6668.375,6676.5,6660.25,-3.5,-6.25,-2.8,-5.0
2018-03-27,2018,6819.75,6774.5,6797.125,45.25,8.25,2.25,20.11111111111111,21,6795.875,6806.0,6781.25,-13.75,-6.75,-6.111111111111111,-3.0
2018-03-28,2018,6541.0,6444.25,6492.625,96.75,16.0,4.75,20.36842105263158,21,6517.875,6539.25,6468.0,-1.75,-23.75,-0.3684210526315789,-5.0
2018-03-29,2018,6525.75,6443.75,6484.75,82.0,10.375,4.0,20.5,21,6501.75,6511.75,6459.75,-14.0,-16.0,-3.5,-4.0
2018-04-02,2018,6570.25,6496.5,6533.375,73.75,8.5,3.75,19.666666666666668,20,6513.375,6545.25,6496.5,-25.0,0.0,-6.666666666666667,0.0
2018-04-03,2018,6467.25,6406.5,6436.875,60.75,9.875,3.0,20.25,21,6447.0,6466.5,6427.5,-0.75,-21.0,-0.25,-7.0
2018-04-04,2018,6399.0,6337.25,6368.125,61.75,13.75,3.0,20.583333333333332,21,6380.75,6394.25,6373.25,-4.75,-36.0,-1.5833333333333333,-12.0
2018-04-05,2018,6645.75,6592.0,6618.875,53.75,7.625,2.75,19.545454545454547,20,6620.875,6627.75,6597.5,-18.0,-5.5,-6.545454545454546,-2.0
2018-04-06,2018,6599.25,6524.5,6561.875,74.75,9.375,3.75,19.933333333333334,20,6575.125,6599.25,6558.25,0.0,-33.75,0.0,-9.0
2018-04-09,2018,6546.75,6482.5,6514.625,64.25,9.125,3.25,19.76923076923077,20,6497.125,6524.75,6482.5,-22.0,0.0,-6.769230769230769,0.0
2018-04-10,2018,6599.25,6543.5,6571.375,55.75,9.0,2.75,20.272727272727273,21,6569.625,6576.5,6546.25,-22.75,-2.75,-8.272727272727273,-1.0
2018-04-11,2018,6619.25,6586.5,6602.875,32.75,8.5,1.75,18.714285714285715,19,6606.625,6611.0,6595.25,-8.25,-8.75,-4.714285714285714,-5.0
2018-04-12,2018,6674.5,6627.25,6650.875,47.25,6.25,2.25,21.0,21,6659.875,6674.5,6636.25,0.0,-9.0,0.0,-4.0
2018-04-13,2018,6713.0,6676.0,6694.5,37.0,5.875,1.75,21.142857142857142,22,6701.375,6709.25,6690.0,-3.75,-14.0,-2.142857142857143,-8.0
2018-04-16,2018,6686.5,6644.75,6665.625,41.75,6.375,2.0,20.875,21,6665.75,6670.75,6644.75,-15.75,0.0,-7.875,0.0
2018-04-17,2018,6769.5,6740.0,6754.75,29.5,5.125,1.5,19.666666666666668,20,6764.75,6768.5,6746.0,-1.0,-6.0,-0.6666666666666666,-4.0
2018-04-18,2018,6841.75,6813.5,6827.625,28.25,6.25,1.5,18.833333333333332,19,6824.75,6834.5,6818.0,-7.25,-4.5,-4.833333333333333,-3.0
2018-04-19,2018,6814.5,6787.5,6801.0,27.0,6.625,1.25,21.6,22,6801.875,6810.0,6793.75,-4.5,-6.25,-3.6,-5.0
2018-04-20,2018,6766.5,6719.0,6742.75,47.5,5.875,2.5,19.0,19,6740.25,6746.5,6719.0,-20.0,0.0,-8.0,0.0
2018-04-23,2018,6705.25,6658.75,6682.0,46.5,6.625,2.25,20.666666666666668,21,6693.625,6703.75,6674.5,-1.5,-15.75,-0.6666666666666666,-7.0
2018-04-24,2018,6695.75,6647.75,6671.75,48.0,8.375,2.5,19.2,20,6679.0,6695.25,6667.75,-0.5,-20.0,-0.2,-8.0
2018-04-25,2018,6525.75,6442.0,6483.875,83.75,10.25,4.25,19.705882352941178,20,6465.375,6501.5,6446.25,-24.25,-4.25,-5.705882352941177,-1.0
2018-04-26,2018,6615.75,6581.75,6598.75,34.0,9.25,1.75,19.428571428571427,20,6593.125,6608.0,6588.75,-7.75,-7.0,-4.428571428571429,-4.0
2018-04-27,2018,6756.5,6673.5,6715.0,83.0,8.75,4.25,19.529411764705884,20,6722.375,6756.5,6711.75,0.0,-38.25,0.0,-9.0
2018-04-30,2018,6708.0,6671.75,6689.875,36.25,5.75,1.75,20.714285714285715,21,6698.875,6706.75,6680.5,-1.25,-8.75,-0.7142857142857143,-5.0
2018-05-01,2018,6620.0,6578.75,6599.375,41.25,8.125,2.0,20.625,21,6597.75,6606.75,6584.75,-13.25,-6.0,-6.625,-3.0
2018-05-02,2018,6702.25,6665.25,6683.75,37.0,7.125,1.75,21.142857142857142,22,6687.125,6695.0,6672.25,-7.25,-7.0,-4.142857142857143,-4.0
2018-05-03,2018,6638.5,6590.0,6614.25,48.5,7.25,2.5,19.4,20,6608.75,6620.0,6592.5,-18.5,-2.5,-7.4,-1.0
2018-05-04,2018,6664.0,6610.5,6637.25,53.5,7.25,2.75,19.454545454545453,20,6655.875,6662.75,6627.0,-1.25,-16.5,-0.45454545454545453,-6.0
2018-05-07,2018,6841.75,6797.5,6819.625,44.25,5.25,2.25,19.666666666666668,20,6836.875,6841.75,6817.75,0.0,-20.25,0.0,-9.0
2018-05-08,2018,6823.0,6782.5,6802.75,40.5,6.5,2.0,20.25,21,6803.5,6812.5,6786.5,-10.5,-4.0,-5.25,-2.0
2018-05-09,2018,6845.5,6819.25,6832.375,26.25,6.0,1.25,21.0,21,6836.125,6841.75,6825.5,-3.75,-6.25,-3.0,-5.0
2018-05-10,2018,6932.5,6911.5,6922.0,21.0,5.0,1.0,21.0,21,6918.0,6928.5,6915.5,-4.0,-4.0,-4.0,-4.0
2018-05-11,2018,6962.5,6937.5,6950.0,25.0,4.875,1.25,20.0,20,6954.375,6960.0,6943.75,-2.5,-6.25,-2.0,-5.0
2018-05-14,2018,6999.5,6973.75,6986.625,25.75,3.75,1.25,20.6,21,6995.625,6998.75,6982.5,-0.75,-8.75,-0.6,-7.0
2018-05-15,2018,6917.25,6860.5,6888.875,56.75,7.5,2.75,20.636363636363637,21,6881.125,6899.0,6874.25,-18.25,-13.75,-6.636363636363637,-5.0
2018-05-16,2018,6924.0,6896.5,6910.25,27.5,4.875,1.5,18.333333333333332,19,6901.75,6914.5,6898.0,-9.5,-1.5,-6.333333333333333,-1.0
2018-05-17,2018,6925.0,6906.25,6915.625,18.75,4.75,1.0,18.75,19,6915.75,6920.25,6911.25,-4.75,-5.0,-4.75,-5.0
2018-05-18,2018,6895.25,6873.25,6884.25,22.0,5.25,1.0,22.0,22,6886.75,6891.25,6878.25,-4.0,-5.0,-4.0,-5.0
2018-05-21,2018,6957.0,6923.75,6940.375,33.25,4.5,1.75,19.0,19,6947.375,6955.25,6943.0,-1.75,-19.25,-1.0,-11.0
2018-05-22,2018,6954.75,6930.5,6942.625,24.25,4.5,1.25,19.4,20,6943.625,6949.25,6935.5,-5.5,-5.0,-4.4,-4.0
2018-05-23,2018,6880.5,6847.25,6863.875,33.25,5.0,1.75,19.0,19,6872.625,6880.5,6861.25,0.0,-14.0,0.0,-8.0
2018-05-24,2018,6968.5,6913.25,6940.875,55.25,6.75,2.75,20.09090909090909,21,6961.375,6968.25,6921.5,-0.25,-8.25,-0.09090909090909091,-3.0
2018-05-25,2018,6974.75,6942.5,6958.625,32.25,6.625,1.5,21.5,22,6964.25,6968.0,6951.5,-6.75,-9.0,-4.5,-6.0
2018-05-29,2018,6964.5,6915.5,6940.0,49.0,6.875,2.5,19.6,20,6954.25,6955.5,6928.0,-9.0,-12.5,-3.6,-5.0
2018-05-30,2018,6972.0,6947.0,6959.5,25.0,5.375,1.25,20.0,20,6960.125,6963.25,6949.5,-8.75,-2.5,-7.0,-2.0
2018-05-31,2018,6999.75,6972.5,6986.125,27.25,6.75,1.25,21.8,22,6989.375,6995.0,6978.75,-4.75,-6.25,-3.8,-5.0
2018-06-01,2018,7038.25,7009.25,7023.75,29.0,4.375,1.5,19.333333333333332,20,7029.5,7038.25,7022.75,0.0,-13.5,0.0,-9.0
2018-06-04,2018,7128.25,7100.0,7114.125,28.25,3.375,1.5,18.833333333333332,19,7121.75,7128.25,7115.0,0.0,-15.0,0.0,-10.0
2018-06-05,2018,7173.5,7155.5,7164.5,18.0,3.75,1.0,18.0,18,7163.0,7169.5,7160.5,-4.0,-5.0,-4.0,-5.0
2018-06-06,2018,7187.25,7159.0,7173.125,28.25,4.625,1.5,18.833333333333332,19,7179.25,7186.0,7175.5,-1.25,-16.5,-0.8333333333333334,-11.0
2018-06-07,2018,7215.5,7192.25,7203.875,23.25,4.25,1.25,18.6,19,7206.625,7207.25,7196.0,-8.25,-3.75,-6.6,-3.0
2018-06-08,2018,7134.5,7111.0,7122.75,23.5,6.375,1.25,18.8,19,7124.125,7132.25,7118.5,-2.25,-7.5,-1.8,-6.0
2018-06-11,2018,7195.25,7170.0,7182.625,25.25,4.125,1.25,20.2,21,7190.625,7193.75,7177.5,-1.5,-7.5,-1.2,-6.0
2018-06-12,2018,7219.25,7198.75,7209.0,20.5,4.0,1.0,20.5,21,7212.25,7216.75,7205.75,-2.5,-7.0,-2.5,-7.0
2018-06-13,2018,7255.25,7241.0,7248.125,14.25,3.625,0.75,19.0,19,7249.625,7253.0,7246.25,-2.25,-5.25,-3.0,-7.0
2018-06-14,2018,7289.25,7261.25,7275.25,28.0,5.375,1.5,18.666666666666668,19,7278.5,7288.25,7271.75,-1.0,-10.5,-0.6666666666666666,-7.0
2018-06-15,2018,7284.25,7245.0,7264.625,39.25,7.25,2.0,19.625,20,7268.0,7277.0,7255.0,-7.25,-10.0,-3.625,-5.0
2018-06-18,2018,7244.5,7208.75,7226.625,35.75,5.625,1.75,20.428571428571427,21,7216.625,7238.5,7212.25,-6.0,-3.5,-3.4285714285714284,-2.0
2018-06-19,2018,7222.75,7178.0,7200.375,44.75,6.125,2.25,19.88888888888889,20,7199.375,7218.5,7193.75,-4.25,-15.75,-1.8888888888888888,-7.0
2018-06-20,2018,7306.5,7283.25,7294.875,23.25,5.5,1.25,18.6,19,7298.875,7302.0,7290.75,-4.5,-7.5,-3.6,-6.0
2018-06-21,2018,7329.75,7297.5,7313.625,32.25,5.5,1.5,21.5,22,7310.25,7323.0,7306.5,-6.75,-9.0,-4.5,-6.0
2018-06-22,2018,7268.25,7214.75,7241.5,53.5,6.625,2.75,19.454545454545453,20,7227.125,7245.0,7220.25,-23.25,-5.5,-8.454545454545455,-2.0
2018-06-25,2018,7169.5,7111.5,7140.5,58.0,8.0,3.0,19.333333333333332,20,7125.0,7150.5,7111.5,-19.0,0.0,-6.333333333333333,0.0
2018-06-26,2018,7109.25,7061.25,7085.25,48.0,9.125,2.5,19.2,20,7097.5,7108.75,7081.25,-0.5,-20.0,-0.2,-8.0
2018-06-27,2018,7142.0,7106.25,7124.125,35.75,6.5,1.75,20.428571428571427,21,7121.125,7136.0,7113.25,-6.0,-7.0,-3.4285714285714284,-4.0
2018-06-28,2018,7024.5,6972.0,6998.25,52.5,8.875,2.75,19.09090909090909,20,7006.375,7013.25,6977.5,-11.25,-5.5,-4.090909090909091,-2.0
2018-06-29,2018,7113.75,7083.5,7098.625,30.25,5.75,1.5,20.166666666666668,21,7094.75,7107.5,7091.0,-6.25,-7.5,-4.166666666666667,-5.0
2018-07-02,2018,7038.0,6987.5,7012.75,50.5,6.875,2.5,20.2,21,7016.25,7032.5,7000.0,-5.5,-12.5,-2.2,-5.0
2018-07-05,2018,7099.75,7076.0,7087.875,23.75,6.25,1.25,19.0,19,7087.875,7096.0,7082.25,-3.75,-6.25,-3.0,-5.0
2018-07-06,2018,7162.75,7123.5,7143.125,39.25,5.75,2.0,19.625,20,7152.5,7157.5,7135.5,-5.25,-12.0,-2.625,-6.0
2018-07-09,2018,7282.0,7256.5,7269.25,25.5,4.625,1.25,20.4,21,7277.125,7280.25,7269.0,-1.75,-12.5,-1.4,-10.0
2018-07-10,2018,7309.0,7288.25,7298.625,20.75,5.75,1.0,20.75,21,7301.75,7306.25,7293.25,-2.75,-5.0,-2.75,-5.0
2018-07-11,2018,7273.0,7237.75,7255.375,35.25,6.0,1.75,20.142857142857142,21,7259.625,7271.0,7255.25,-2.0,-17.5,-1.1428571428571428,-10.0
2018-07-12,2018,7319.25,7288.25,7303.75,31.0,4.125,1.5,20.666666666666668,21,7307.0,7310.75,7294.25,-8.5,-6.0,-5.666666666666667,-4.0
2018-07-13,2018,7396.0,7367.0,7381.5,29.0,4.75,1.5,19.333333333333332,20,7388.75,7395.5,7382.0,-0.5,-15.0,-0.3333333333333333,-10.0
2018-07-16,2018,7407.25,7382.25,7394.75,25.0,4.5,1.25,20.0,20,7396.625,7404.75,7393.5,-2.5,-11.25,-2.0,-9.0
2018-07-17,2018,7341.25,7295.5,7318.375,45.75,4.75,2.25,20.333333333333332,21,7330.375,7340.5,7311.25,-0.75,-15.75,-0.3333333333333333,-7.0
2018-07-18,2018,7426.75,7391.75,7409.25,35.0,5.75,1.75,20.0,20,7403.125,7418.0,7395.25,-8.75,-3.5,-5.0,-2.0
2018-07-19,2018,7401.75,7361.0,7381.375,40.75,4.625,2.0,20.375,21,7394.0,7401.75,7373.0,0.0,-12.0,0.0,-6.0
2018-07-20,2018,7395.75,7377.75,7386.75,18.0,5.25,1.0,18.0,18,7387.25,7391.75,7382.75,-4.0,-5.0,-4.0,-5.0
2018-07-23,2018,7354.0,7311.5,7332.75,42.5,6.375,2.25,18.88888888888889,19,7321.625,7336.25,7311.5,-17.75,0.0,-7.888888888888889,0.0
2018-07-24,2018,7487.25,7461.0,7474.125,26.25,4.875,1.25,21.0,21,7465.375,7478.5,7462.25,-8.75,-1.25,-7.0,-1.0
2018-07-25,2018,7445.25,7416.25,7430.75,29.0,3.75,1.5,19.333333333333332,20,7433.5,7443.25,7429.75,-2.0,-13.5,-1.3333333333333333,-9.0
2018-07-26,2018,7438.75,7395.5,7417.125,43.25,7.875,2.25,19.22222222222222,20,7430.375,7436.0,7411.25,-2.75,-15.75,-1.2222222222222223,-7.0
2018-07-27,2018,7457.0,7402.5,7429.75,54.5,5.75,2.75,19.818181818181817,20,7425.875,7438.25,7408.0,-18.75,-5.5,-6.818181818181818,-2.0
2018-07-30,2018,7308.75,7210.75,7259.75,98.0,9.625,5.0,19.6,20,7228.25,7270.75,7215.75,-38.0,-5.0,-7.6,-1.0
2018-07-31,2018,7270.75,7219.25,7245.0,51.5,8.625,2.5,20.6,21,7245.5,7261.75,7224.25,-9.0,-5.0,-3.6,-2.0
2018-08-01,2018,7288.5,7253.0,7270.75,35.5,7.375,1.75,20.285714285714285,21,7278.375,7286.25,7270.5,-2.25,-17.5,-1.2857142857142858,-10.0
2018-08-02,2018,7268.5,7224.75,7246.625,43.75,6.375,2.25,19.444444444444443,20,7252.875,7267.5,7242.75,-1.0,-18.0,-0.4444444444444444,-8.0
2018-08-03,2018,7399.75,7362.25,7381.0,37.5,7.5,2.0,18.75,19,7369.25,7386.25,7364.25,-13.5,-2.0,-6.75,-1.0
2018-08-06,2018,7413.5,7387.5,7400.5,26.0,5.125,1.25,20.8,21,7398.125,7403.75,7390.0,-9.75,-2.5,-7.8,-2.0
2018-08-07,2018,7486.75,7453.25,7470.0,33.5,5.125,1.75,19.142857142857142,20,7471.625,7479.5,7463.75,-7.25,-10.5,-4.142857142857143,-6.0
2018-08-08,2018,7470.5,7442.5,7456.5,28.0,5.5,1.5,18.666666666666668,19,7462.75,7466.5,7453.0,-4.0,-10.5,-2.6666666666666665,-7.0
2018-08-09,2018,7489.25,7464.75,7477.0,24.5,5.0,1.25,19.6,20,7481.625,7484.75,7473.5,-4.5,-8.75,-3.6,-7.0
2018-08-10,2018,7446.75,7419.25,7433.0,27.5,6.125,1.5,18.333333333333332,19,7436.5,7437.25,7420.75,-9.5,-1.5,-6.333333333333333,-1.0
2018-08-13,2018,7460.75,7427.25,7444.0,33.5,4.25,1.75,19.142857142857142,20,7443.875,7448.25,7432.5,-12.5,-5.25,-7.142857142857143,-3.0
2018-08-14,2018,7445.0,7409.5,7427.25,35.5,5.5,1.75,20.285714285714285,21,7433.125,7444.5,7418.25,-0.5,-8.75,-0.2857142857142857,-5.0
2018-08-15,2018,7418.25,7373.75,7396.0,44.5,6.125,2.25,19.77777777777778,20,7395.125,7405.25,7380.5,-13.0,-6.75,-5.777777777777778,-3.0
2018-08-16,2018,7421.75,7396.75,7409.25,25.0,6.5,1.25,20.0,20,7408.625,7416.75,7403.0,-5.0,-6.25,-4.0,-5.0
2018-08-17,2018,7382.25,7349.0,7365.625,33.25,6.75,1.75,19.0,19,7356.875,7371.75,7352.5,-10.5,-3.5,-6.0,-2.0
2018-08-20,2018,7407.25,7360.5,7383.875,46.75,6.25,2.25,20.77777777777778,21,7381.875,7396.5,7362.75,-10.75,-2.25,-4.777777777777778,-1.0
2018-08-21,2018,7429.0,7398.25,7413.625,30.75,4.125,1.5,20.5,21,7412.5,7419.25,7399.75,-9.75,-1.5,-6.5,-1.0
2018-08-22,2018,7416.25,7388.5,7402.375,27.75,5.0,1.5,18.5,19,7408.75,7412.5,7396.0,-3.75,-7.5,-2.5,-5.0
2018-08-23,2018,7469.0,7422.25,7445.625,46.75,4.375,2.25,20.77777777777778,21,7463.875,7469.0,7440.25,0.0,-18.0,0.0,-8.0
2018-08-24,2018,7463.25,7446.0,7454.625,17.25,4.625,0.75,23.0,23,7456.875,7460.25,7453.5,-3.0,-7.5,-4.0,-10.0
2018-08-27,2018,7544.25,7517.75,7531.0,26.5,5.25,1.25,21.2,22,7532.125,7537.75,7524.0,-6.5,-6.25,-5.2,-5.0
2018-08-28,2018,7597.25,7575.0,7586.125,22.25,5.25,1.0,22.25,23,7584.5,7589.0,7578.0,-8.25,-3.0,-8.25,-3.0
2018-08-29,2018,7613.75,7589.25,7601.5,24.5,4.75,1.25,19.6,20,7607.375,7613.0,7596.75,-0.75,-7.5,-0.6,-6.0
2018-08-30,2018,7662.5,7642.5,7652.5,20.0,5.5,1.0,20.0,20,7649.0,7657.5,7644.5,-5.0,-2.0,-5.0,-2.0
2018-08-31,2018,7672.0,7640.75,7656.375,31.25,3.625,1.5,20.833333333333332,21,7667.0,7670.75,7657.25,-1.25,-16.5,-0.8333333333333334,-11.0
2018-09-04,2018,7646.75,7586.75,7616.75,60.0,6.0,3.0,20.0,20,7594.25,7619.75,7586.75,-27.0,0.0,-9.0,0.0
2018-09-05,2018,7616.0,7555.0,7585.5,61.0,6.375,3.0,20.333333333333332,21,7601.5,7615.0,7582.0,-1.0,-27.0,-0.3333333333333333,-9.0
2018-09-06,2018,7539.0,7487.0,7513.0,52.0,7.75,2.5,20.8,21,7513.25,7529.5,7502.0,-9.5,-15.0,-3.8,-6.0
2018-09-07,2018,7482.25,7402.0,7442.125,80.25,8.875,4.0,20.0625,21,7428.0,7462.0,7402.0,-20.25,0.0,-5.0625,0.0
2018-09-10,2018,7476.75,7432.5,7454.625,44.25,8.125,2.25,19.666666666666668,20,7442.625,7457.25,7437.0,-19.5,-4.5,-8.666666666666666,-2.0
2018-09-11,2018,7466.25,7404.5,7435.375,61.75,7.0,3.0,20.583333333333332,21,7457.0,7464.5,7419.5,-1.75,-15.0,-0.5833333333333334,-5.0
2018-09-12,2018,7506.25,7465.75,7486.0,40.5,7.625,2.0,20.25,21,7488.75,7501.75,7479.75,-4.5,-14.0,-2.25,-7.0
2018-09-13,2018,7579.75,7532.0,7555.875,47.75,5.5,2.5,19.1,20,7563.25,7574.5,7547.0,-5.25,-15.0,-2.1,-6.0
2018-09-14,2018,7584.25,7554.5,7569.375,29.75,6.25,1.5,19.833333333333332,20,7570.25,7583.0,7566.5,-1.25,-12.0,-0.8333333333333334,-8.0
2018-09-17,2018,7566.5,7519.0,7542.75,47.5,7.125,2.5,19.0,19,7530.25,7546.5,7519.0,-20.0,0.0,-8.0,0.0
2018-09-18,2018,7529.75,7467.25,7498.5,62.5,7.125,3.25,19.23076923076923,20,7520.875,7529.0,7506.25,-0.75,-39.0,-0.23076923076923078,-12.0
2018-09-19,2018,7546.0,7492.25,7519.125,53.75,7.5,2.75,19.545454545454547,20,7501.875,7530.75,7492.25,-15.25,0.0,-5.545454545454546,0.0
2018-09-20,2018,7586.5,7552.75,7569.625,33.75,8.0,1.75,19.285714285714285,20,7578.125,7582.5,7566.75,-4.0,-14.0,-2.2857142857142856,-8.0
2018-09-21,2018,7634.5,7608.0,7621.25,26.5,5.75,1.25,21.2,22,7626.125,7629.25,7615.5,-5.25,-7.5,-4.2,-6.0
2018-09-24,2018,7536.75,7473.75,7505.25,63.0,7.0,3.25,19.384615384615383,20,7517.625,7519.25,7477.0,-17.5,-3.25,-5.384615384615385,-1.0
2018-09-25,2018,7584.5,7559.75,7572.125,24.75,7.125,1.25,19.8,20,7570.375,7578.5,7564.75,-6.0,-5.0,-4.8,-4.0
2018-09-26,2018,7618.0,7592.75,7605.375,25.25,5.375,1.25,20.2,21,7610.875,7614.0,7602.75,-4.0,-10.0,-3.2,-8.0
2018-09-27,2018,7657.0,7621.5,7639.25,35.5,4.5,1.75,20.285714285714285,21,7631.125,7649.5,7623.25,-7.5,-1.75,-4.285714285714286,-1.0
2018-09-28,2018,7652.5,7623.25,7637.875,29.25,5.0,1.5,19.5,20,7643.5,7647.25,7627.75,-5.25,-4.5,-3.5,-3.0
2018-10-01,2018,7725.5,7691.25,7708.375,34.25,4.25,1.75,19.571428571428573,20,7721.875,7725.5,7707.0,0.0,-15.75,0.0,-9.0
2018-10-02,2018,7682.75,7635.25,7659.0,47.5,7.25,2.5,19.0,19,7666.5,7672.75,7650.25,-10.0,-15.0,-4.0,-6.0
2018-10-03,2018,7698.0,7676.25,7687.125,21.75,5.625,1.0,21.75,22,7687.75,7692.25,7681.25,-5.75,-5.0,-5.75,-5.0
2018-10-04,2018,7632.75,7576.75,7604.75,56.0,8.0,2.75,20.363636363636363,21,7586.375,7609.75,7579.5,-23.0,-2.75,-8.363636363636363,-1.0
2018-10-05,2018,7534.75,7472.75,7503.75,62.0,8.75,3.0,20.666666666666668,21,7522.25,7529.75,7490.75,-5.0,-18.0,-1.6666666666666667,-6.0
2018-10-08,2018,7422.75,7359.25,7391.0,63.5,8.5,3.25,19.53846153846154,20,7380.375,7408.0,7359.25,-14.75,0.0,-4.538461538461538,0.0
2018-10-09,2018,7413.75,7361.75,7387.75,52.0,11.875,2.5,20.8,21,7403.0,7409.25,7381.75,-4.5,-20.0,-1.8,-8.0
2018-10-10,2018,7356.25,7245.0,7300.625,111.25,12.25,5.5,20.227272727272727,21,7319.25,7355.0,7283.5,-1.25,-38.5,-0.22727272727272727,-7.0
2018-10-11,2018,7138.0,7002.0,7070.0,136.0,14.875,6.75,20.14814814814815,21,7045.875,7089.75,7002.0,-48.25,0.0,-7.148148148148148,0.0
2018-10-12,2018,7173.25,7117.75,7145.5,55.5,13.5,2.75,20.181818181818183,21,7132.875,7156.25,7126.0,-17.0,-8.25,-6.181818181818182,-3.0
2018-10-15,2018,7161.0,7101.0,7131.0,60.0,13.375,3.0,20.0,20,7120.5,7134.0,7107.0,-27.0,-6.0,-9.0,-2.0
2018-10-16,2018,7190.5,7151.75,7171.125,38.75,9.125,2.0,19.375,20,7166.75,7171.75,7153.75,-18.75,-2.0,-9.375,-1.0
2018-10-17,2018,7335.0,7263.25,7299.125,71.75,10.125,3.5,20.5,21,7286.0,7294.75,7270.25,-40.25,-7.0,-11.5,-2.0
2018-10-18,2018,7270.5,7226.75,7248.625,43.75,8.0,2.25,19.444444444444443,20,7241.375,7251.5,7231.25,-19.0,-4.5,-8.444444444444445,-2.0
2018-10-19,2018,7233.0,7171.25,7202.125,61.75,8.875,3.0,20.583333333333332,21,7220.75,7233.0,7189.25,0.0,-18.0,0.0,-6.0
2018-10-22,2018,7183.0,7101.25,7142.125,81.75,9.0,4.0,20.4375,21,7143.25,7177.25,7125.25,-5.75,-24.0,-1.4375,-6.0
2018-10-23,2018,7049.25,7000.5,7024.875,48.75,15.375,2.5,19.5,20,7024.25,7040.5,7013.0,-8.75,-12.5,-3.5,-5.0
2018-10-24,2018,7131.0,7077.75,7104.375,53.25,11.0,2.75,19.363636363636363,20,7109.375,7127.25,7091.5,-3.75,-13.75,-1.3636363636363635,-5.0
2018-10-25,2018,6958.75,6872.75,6915.75,86.0,14.375,4.25,20.235294117647058,21,6913.125,6932.25,6877.0,-26.5,-4.25,-6.235294117647059,-1.0
2018-10-26,2018,6895.25,6790.0,6842.625,105.25,16.0,5.25,20.047619047619047,21,6871.375,6884.5,6826.75,-10.75,-36.75,-2.0476190476190474,-7.0
2018-10-29,2018,6969.0,6921.0,6945.0,48.0,11.5,2.5,19.2,20,6934.75,6951.0,6923.5,-18.0,-2.5,-7.2,-1.0
2018-10-30,2018,6805.0,6661.0,6733.0,144.0,17.875,7.25,19.862068965517242,20,6715.375,6748.0,6668.25,-57.0,-7.25,-7.862068965517241,-1.0
2018-10-31,2018,6986.25,6927.25,6956.75,59.0,11.0,3.0,19.666666666666668,20,6964.75,6978.25,6939.25,-8.0,-12.0,-2.6666666666666665,-4.0
2018-11-01,2018,7013.5,6944.25,6978.875,69.25,11.125,3.5,19.785714285714285,20,6995.0,7003.75,6958.25,-9.75,-14.0,-2.7857142857142856,-4.0
2018-11-02,2018,7092.5,7024.75,7058.625,67.75,11.625,3.5,19.357142857142858,20,7047.5,7077.25,7038.75,-15.25,-14.0,-4.357142857142857,-4.0
2018-11-05,2018,6971.25,6898.25,6934.75,73.0,10.0,3.75,19.466666666666665,20,6915.125,6947.0,6905.75,-24.25,-7.5,-6.466666666666667,-2.0
2018-11-06,2018,7034.75,6939.5,6987.125,95.25,8.75,4.75,20.05263157894737,21,7017.875,7029.75,6987.0,-5.0,-47.5,-1.0526315789473684,-10.0
2018-11-07,2018,7108.75,7061.75,7085.25,47.0,8.75,2.25,20.88888888888889,21,7089.875,7100.0,7075.25,-8.75,-13.5,-3.888888888888889,-6.0
2018-11-08,2018,7198.0,7153.5,7175.75,44.5,8.5,2.25,19.77777777777778,20,7163.625,7187.25,7158.0,-10.75,-4.5,-4.777777777777778,-2.0
2018-11-09,2018,7116.25,7068.75,7092.5,47.5,7.875,2.5,19.0,19,7080.0,7096.25,7068.75,-20.0,0.0,-8.0,0.0
2018-11-12,2018,7009.0,6923.75,6966.375,85.25,9.25,4.25,20.058823529411764,21,6934.375,6962.0,6923.75,-47.0,0.0,-11.058823529411764,0.0
2018-11-13,2018,6920.5,6860.25,6890.375,60.25,11.125,3.0,20.083333333333332,21,6909.75,6917.25,6878.25,-3.25,-18.0,-1.0833333333333333,-6.0
2018-11-14,2018,6929.5,6876.0,6902.75,53.5,12.875,2.75,19.454545454545453,20,6907.625,6920.0,6889.75,-9.5,-13.75,-3.4545454545454546,-5.0
2018-11-15,2018,6811.25,6740.25,6775.75,71.0,14.75,3.5,20.285714285714285,21,6784.0,6799.75,6761.25,-11.5,-21.0,-3.2857142857142856,-6.0
2018-11-16,2018,6875.5,6807.5,6841.5,68.0,10.625,3.5,19.428571428571427,20,6823.25,6860.0,6814.5,-15.5,-7.0,-4.428571428571429,-2.0
2018-11-19,2018,6852.5,6778.0,6815.25,74.5,11.5,3.75,19.866666666666667,20,6824.875,6841.75,6800.5,-10.75,-22.5,-2.8666666666666667,-6.0
2018-11-20,2018,6558.0,6476.5,6517.25,81.5,14.875,4.0,20.375,21,6546.5,6548.5,6496.5,-9.5,-20.0,-2.375,-5.0
2018-11-21,2018,6644.75,6571.0,6607.875,73.75,11.625,3.75,19.666666666666668,20,6610.375,6619.75,6578.5,-25.0,-7.5,-6.666666666666667,-2.0
2018-11-26,2018,6660.0,6598.75,6629.375,61.25,9.75,3.0,20.416666666666668,21,6624.25,6637.75,6604.75,-22.25,-6.0,-7.416666666666667,-2.0
2018-11-27,2018,6670.5,6613.25,6641.875,57.25,10.25,2.75,20.818181818181817,21,6658.625,6665.5,6629.75,-5.0,-16.5,-1.8181818181818181,-6.0
2018-11-28,2018,6765.0,6733.25,6749.125,31.75,8.75,1.5,21.166666666666668,22,6746.0,6755.75,6739.25,-9.25,-6.0,-6.166666666666667,-4.0
2018-11-29,2018,6911.25,6875.0,6893.125,36.25,9.0,1.75,20.714285714285715,21,6893.375,6897.75,6882.0,-13.5,-7.0,-7.714285714285714,-4.0
2018-11-30,2018,6909.75,6872.5,6891.125,37.25,7.125,1.75,21.285714285714285,22,6892.625,6900.5,6884.75,-9.25,-12.25,-5.285714285714286,-7.0
2018-12-03,2018,7107.75,7034.25,7071.0,73.5,8.25,3.75,19.6,20,7073.625,7090.5,7049.25,-17.25,-15.0,-4.6,-4.0
2018-12-04,2018,7046.75,7011.25,7029.0,35.5,8.25,1.75,20.285714285714285,21,7031.375,7039.25,7020.0,-7.5,-8.75,-4.285714285714286,-5.0
2018-12-06,2018,6731.25,6643.75,6687.5,87.5,16.125,4.5,19.444444444444443,20,6709.0,6720.25,6661.75,-11.0,-18.0,-2.4444444444444446,-4.0
2018-12-07,2018,6852.0,6801.5,6826.75,50.5,10.875,2.5,20.2,21,6820.25,6841.5,6809.0,-10.5,-7.5,-4.2,-3.0
2018-12-10,2018,6672.5,6582.0,6627.25,90.5,12.5,4.5,20.11111111111111,21,6651.75,6663.0,6604.5,-9.5,-22.5,-2.111111111111111,-5.0
2018-12-11,2018,6796.0,6763.5,6779.75,32.5,10.375,1.75,18.571428571428573,19,6780.125,6784.5,6768.75,-11.5,-5.25,-6.571428571428571,-3.0
2018-12-12,2018,6811.75,6779.0,6795.375,32.75,9.125,1.75,18.714285714285715,19,6795.625,6807.0,6791.25,-4.75,-12.25,-2.7142857142857144,-7.0
2018-12-13,2018,6832.75,6779.25,6806.0,53.5,9.0,2.75,19.454545454545453,20,6805.375,6817.75,6787.5,-15.0,-8.25,-5.454545454545454,-3.0
2018-12-14,2018,6699.0,6654.75,6676.875,44.25,9.75,2.25,19.666666666666668,20,6682.875,6688.5,6663.75,-10.5,-9.0,-4.666666666666667,-4.0
2018-12-17,2018,6601.0,6523.0,6562.0,78.0,10.125,4.0,19.5,20,6537.0,6579.0,6527.0,-22.0,-4.0,-5.5,-1.0
2018-12-18,2018,6549.5,6507.75,6528.625,41.75,7.5,2.0,20.875,21,6540.75,6545.75,6519.75,-3.75,-12.0,-1.875,-6.0
2018-12-19,2018,6587.0,6493.0,6540.0,94.0,8.25,4.75,19.789473684210527,20,6538.125,6578.5,6516.75,-8.5,-23.75,-1.7894736842105263,-5.0
2018-12-20,2018,6381.25,6319.0,6350.125,62.25,17.125,3.0,20.75,21,6335.5,6367.0,6328.0,-14.25,-9.0,-4.75,-3.0
2018-12-21,2018,6312.5,6252.75,6282.625,59.75,13.75,3.0,19.916666666666668,20,6293.25,6300.75,6267.75,-11.75,-15.0,-3.9166666666666665,-5.0
2018-12-26,2018,6051.75,5975.5,6013.625,76.25,13.625,3.75,20.333333333333332,21,6029.875,6039.25,6005.5,-12.5,-30.0,-3.3333333333333335,-8.0
2018-12-27,2018,6228.25,6146.75,6187.5,81.5,14.375,4.0,20.375,21,6200.75,6218.75,6158.75,-9.5,-12.0,-2.375,-3.0
2018-12-28,2018,6348.75,6285.0,6316.875,63.75,13.75,3.25,19.615384615384617,20,6322.375,6343.5,6301.25,-5.25,-16.25,-1.6153846153846154,-5.0
2018-12-31,2018,6376.75,6329.75,6353.25,47.0,8.625,2.25,20.88888888888889,21,6369.125,6374.75,6345.5,-2.0,-15.75,-0.8888888888888888,-7.0
2019-01-02,2019,6270.0,6205.5,6237.75,64.5,11.125,3.25,19.846153846153847,20,6259.125,6260.75,6231.5,-9.25,-26.0,-2.8461538461538463,-8.0
2019-01-03,2019,6304.25,6238.0,6271.125,66.25,10.875,3.25,20.384615384615383,21,6278.625,6299.75,6251.0,-4.5,-13.0,-1.3846153846153846,-4.0
2019-01-04,2019,6311.25,6241.5,6276.375,69.75,9.125,3.5,19.928571428571427,20,6288.75,6304.5,6259.0,-6.75,-17.5,-1.9285714285714286,-5.0
2019-01-07,2019,6462.0,6422.25,6442.125,39.75,10.375,2.0,19.875,20,6435.25,6452.25,6430.25,-9.75,-8.0,-4.875,-4.0
2019-01-08,2019,6586.25,6536.0,6561.125,50.25,9.125,2.5,20.1,21,6577.25,6583.5,6551.0,-2.75,-15.0,-1.1,-6.0
2019-01-09,2019,6613.25,6569.0,6591.125,44.25,9.625,2.25,19.666666666666668,20,6597.125,6607.25,6582.5,-6.0,-13.5,-2.6666666666666665,-6.0
2019-01-10,2019,6570.0,6527.5,6548.75,42.5,7.5,2.25,18.88888888888889,19,6553.375,6563.5,6534.25,-6.5,-6.75,-2.888888888888889,-3.0
2019-01-11,2019,6600.25,6572.0,6586.125,28.25,7.125,1.5,18.833333333333332,19,6587.75,6594.5,6578.0,-5.75,-6.0,-3.8333333333333335,-4.0
2019-01-14,2019,6553.0,6521.5,6537.25,31.5,6.75,1.5,21.0,21,6535.75,6545.5,6529.0,-7.5,-7.5,-5.0,-5.0
2019-01-16,2019,6737.25,6685.75,6711.5,51.5,4.625,2.5,20.6,21,6727.0,6733.25,6700.75,-4.0,-15.0,-1.6,-6.0
2019-01-17,2019,6693.75,6644.25,6669.0,49.5,5.5,2.5,19.8,20,6668.0,6679.25,6651.75,-14.5,-7.5,-5.8,-3.0
2019-01-18,2019,6786.25,6739.5,6762.875,46.75,6.5,2.25,20.77777777777778,21,6754.125,6777.75,6748.5,-8.5,-9.0,-3.7777777777777777,-4.0
2019-01-22,2019,6748.75,6715.0,6731.875,33.75,6.25,1.75,19.285714285714285,20,6742.125,6746.5,6727.25,-2.25,-12.25,-1.2857142857142858,-7.0
2019-01-23,2019,6723.0,6689.75,6706.375,33.25,5.875,1.75,19.0,19,6716.875,6717.75,6698.5,-5.25,-8.75,-3.0,-5.0
2019-01-24,2019,6710.25,6672.75,6691.5,37.5,7.625,2.0,18.75,19,6687.75,6700.75,6678.75,-9.5,-6.0,-4.75,-3.0
2019-01-25,2019,6769.75,6739.0,6754.375,30.75,6.5,1.5,20.5,21,6745.75,6758.5,6742.0,-11.25,-3.0,-7.5,-2.0
2019-01-28,2019,6703.75,6652.0,6677.875,51.75,7.875,2.5,20.7,21,6675.75,6682.0,6654.5,-21.75,-2.5,-8.7,-1.0
2019-01-29,2019,6709.75,6677.25,6693.5,32.5,6.125,1.75,18.571428571428573,19,6688.625,6700.0,6680.75,-9.75,-3.5,-5.571428571428571,-2.0
2019-01-30,2019,6736.75,6706.75,6721.75,30.0,5.625,1.5,20.0,20,6724.0,6730.75,6717.25,-6.0,-10.5,-4.0,-7.0
2019-01-31,2019,6879.5,6840.25,6859.875,39.25,5.25,2.0,19.625,20,6847.25,6864.25,6842.25,-15.25,-2.0,-7.625,-1.0
2019-02-01,2019,6913.5,6871.25,6892.375,42.25,7.25,2.0,21.125,22,6880.25,6905.25,6875.25,-8.25,-4.0,-4.125,-2.0
2019-02-04,2019,6910.75,6873.5,6892.125,37.25,6.125,1.75,21.285714285714285,22,6881.375,6899.75,6873.5,-11.0,0.0,-6.285714285714286,0.0
2019-02-05,2019,7014.25,6969.5,6991.875,44.75,5.0,2.25,19.88888888888889,20,7008.875,7014.25,6994.25,0.0,-24.75,0.0,-11.0
2019-02-06,2019,7038.75,7011.0,7024.875,27.75,5.625,1.5,18.5,19,7032.75,7036.5,7020.0,-2.25,-9.0,-1.5,-6.0
2019-02-07,2019,6943.0,6912.5,6927.75,30.5,6.75,1.5,20.333333333333332,21,6919.25,6932.0,6915.5,-11.0,-3.0,-7.333333333333333,-2.0
2019-02-08,2019,6877.0,6846.25,6861.625,30.75,5.625,1.5,20.5,21,6854.5,6870.25,6847.75,-6.75,-1.5,-4.5,-1.0
2019-02-11,2019,6964.5,6921.75,6943.125,42.75,7.625,2.25,19.0,19,6931.875,6951.0,6926.25,-13.5,-4.5,-6.0,-2.0
2019-02-12,2019,6988.5,6954.0,6971.25,34.5,4.5,1.75,19.714285714285715,20,6984.625,6988.5,6966.25,0.0,-12.25,0.0,-7.0
2019-02-13,2019,7069.75,7041.75,7055.75,28.0,6.25,1.5,18.666666666666668,19,7056.0,7062.75,7049.25,-7.0,-7.5,-4.666666666666667,-5.0
2019-02-14,2019,7011.0,6972.0,6991.5,39.0,8.375,2.0,19.5,20,6991.0,7000.0,6982.0,-11.0,-10.0,-5.5,-5.0
2019-02-15,2019,7084.25,7037.75,7061.0,46.5,7.375,2.25,20.666666666666668,21,7059.125,7078.25,7049.0,-6.0,-11.25,-2.6666666666666665,-5.0
2019-02-19,2019,7070.75,7035.75,7053.25,35.0,4.5,1.75,20.0,20,7061.125,7069.0,7053.25,-1.75,-17.5,-1.0,-10.0
2019-02-20,2019,7096.75,7075.0,7085.875,21.75,4.25,1.0,21.75,22,7084.5,7091.0,7080.0,-5.75,-5.0,-5.75,-5.0
2019-02-21,2019,7066.25,7013.0,7039.625,53.25,6.75,2.75,19.363636363636363,20,7019.875,7048.75,7013.0,-17.5,0.0,-6.363636363636363,0.0
2019-02-25,2019,7167.75,7146.5,7157.125,21.25,4.375,1.0,21.25,22,7154.0,7164.5,7151.5,-3.25,-5.0,-3.25,-5.0
2019-02-26,2019,7119.5,7091.0,7105.25,28.5,5.75,1.5,19.0,19,7114.25,7118.0,7101.5,-1.5,-10.5,-1.0,-7.0
2019-02-27,2019,7119.0,7086.0,7102.5,33.0,4.5,1.75,18.857142857142858,19,7113.125,7117.5,7098.25,-1.5,-12.25,-0.8571428571428571,-7.0
2019-02-28,2019,7122.0,7093.75,7107.875,28.25,4.625,1.5,18.833333333333332,19,7117.0,7120.75,7104.25,-1.25,-10.5,-0.8333333333333334,-7.0
2019-03-01,2019,7162.0,7144.75,7153.375,17.25,4.75,0.75,23.0,23,7151.875,7155.25,7148.5,-6.75,-3.75,-9.0,-5.0
2019-03-04,2019,7211.5,7193.75,7202.625,17.75,4.25,1.0,17.75,18,7201.25,7207.75,7196.75,-3.75,-3.0,-3.75,-3.0
2019-03-05,2019,7162.5,7124.25,7143.375,38.25,6.0,2.0,19.125,20,7155.25,7160.25,7134.25,-2.25,-10.0,-1.125,-5.0
2019-03-06,2019,7168.0,7142.0,7155.0,26.0,5.125,1.25,20.8,21,7160.125,7165.75,7149.5,-2.25,-7.5,-1.8,-6.0
2019-03-07,2019,7101.75,7037.5,7069.625,64.25,7.125,3.25,19.76923076923077,20,7078.125,7079.75,7037.5,-22.0,0.0,-6.769230769230769,0.0
2019-03-08,2019,6977.0,6943.75,6960.375,33.25,8.75,1.75,19.0,19,6953.375,6968.25,6945.5,-8.75,-1.75,-5.0,-1.0
2019-03-11,2019,7124.0,7072.5,7098.25,51.5,4.25,2.5,20.6,21,7116.25,7122.5,7095.0,-1.5,-22.5,-0.6,-9.0
2019-03-12,2019,7219.0,7192.0,7205.5,27.0,6.375,1.25,21.6,22,7201.375,7214.5,7195.75,-4.5,-3.75,-3.6,-3.0
2019-03-14,2019,7294.5,7271.25,7282.875,23.25,5.25,1.25,18.6,19,7281.875,7287.5,7273.75,-7.0,-2.5,-5.6,-2.0
2019-03-15,2019,7332.5,7294.0,7313.25,38.5,4.5,2.0,19.25,20,7299.0,7320.0,7294.0,-12.5,0.0,-6.25,0.0
2019-03-18,2019,7369.25,7335.25,7352.25,34.0,4.375,1.75,19.428571428571427,20,7348.375,7359.75,7344.0,-9.5,-8.75,-5.428571428571429,-5.0
2019-03-19,2019,7399.0,7375.5,7387.25,23.5,5.0,1.25,18.8,19,7384.875,7395.5,7381.75,-3.5,-6.25,-2.8,-5.0
2019-03-20,2019,7384.5,7359.25,7371.875,25.25,5.25,1.25,20.2,21,7374.875,7378.0,7364.25,-6.5,-5.0,-5.2,-4.0
2019-03-21,2019,7448.0,7387.0,7417.5,61.0,6.0,3.0,20.333333333333332,21,7424.5,7444.0,7405.0,-4.0,-18.0,-1.3333333333333333,-6.0
2019-03-22,2019,7513.25,7441.0,7477.125,72.25,7.25,3.5,20.642857142857142,21,7505.75,7513.25,7469.0,0.0,-28.0,0.0,-8.0
2019-03-25,2019,7371.5,7302.5,7337.0,69.0,10.0,3.5,19.714285714285715,20,7325.25,7348.0,7302.5,-23.5,0.0,-6.714285714285714,0.0
2019-03-27,2019,7404.75,7364.0,7384.375,40.75,7.0,2.0,20.375,21,7379.0,7396.0,7374.0,-8.75,-10.0,-4.375,-5.0
2019-03-28,2019,7355.5,7322.5,7339.0,33.0,7.25,1.75,18.857142857142858,19,7349.625,7354.0,7334.75,-1.5,-12.25,-0.8571428571428571,-7.0
2019-03-29,2019,7404.0,7370.5,7387.25,33.5,6.0,1.75,19.142857142857142,20,7390.625,7398.5,7375.75,-5.5,-5.25,-3.142857142857143,-3.0
2019-04-01,2019,7483.0,7455.5,7469.25,27.5,6.0,1.5,18.333333333333332,19,7468.25,7478.0,7461.5,-5.0,-6.0,-3.3333333333333335,-4.0
2019-04-02,2019,7508.5,7488.5,7498.5,20.0,5.0,1.0,20.0,20,7499.0,7505.5,7494.5,-3.0,-6.0,-3.0,-6.0
2019-04-03,2019,7572.5,7554.25,7563.375,18.25,4.625,1.0,18.25,19,7566.75,7571.25,7558.25,-1.25,-4.0,-1.25,-4.0
2019-04-04,2019,7598.0,7567.0,7582.5,31.0,5.125,1.5,20.666666666666668,21,7588.75,7595.5,7579.0,-2.5,-12.0,-1.6666666666666667,-8.0
2019-04-05,2019,7599.25,7577.25,7588.25,22.0,5.125,1.0,22.0,22,7588.75,7595.25,7586.25,-4.0,-9.0,-4.0,-9.0
2019-04-08,2019,7594.5,7561.25,7577.875,33.25,4.75,1.75,19.0,19,7577.875,7582.25,7563.0,-12.25,-1.75,-7.0,-1.0
2019-04-09,2019,7609.75,7584.5,7597.125,25.25,4.375,1.25,20.2,21,7606.375,7607.0,7590.75,-2.75,-6.25,-2.2,-5.0
2019-04-10,2019,7615.75,7596.0,7605.875,19.75,4.75,1.0,19.75,20,7607.5,7610.0,7599.0,-5.75,-3.0,-5.75,-3.0
2019-04-11,2019,7648.5,7614.5,7631.5,34.0,4.75,1.75,19.428571428571427,20,7631.125,7639.0,7619.75,-9.5,-5.25,-5.428571428571429,-3.0
2019-04-12,2019,7653.25,7636.0,7644.625,17.25,3.625,0.75,23.0,23,7644.625,7648.0,7641.25,-5.25,-5.25,-7.0,-7.0
2019-04-15,2019,7659.0,7639.5,7649.25,19.5,3.75,1.0,19.5,20,7654.0,7658.5,7647.5,-0.5,-8.0,-0.5,-8.0
2019-04-16,2019,7680.0,7668.25,7674.125,11.75,3.25,0.5,23.5,24,7673.0,7677.25,7670.75,-2.75,-2.5,-5.5,-5.0
2019-04-17,2019,7733.5,7696.75,7715.125,36.75,5.0,1.75,21.0,21,7720.375,7728.25,7712.5,-5.25,-15.75,-3.0,-9.0
2019-04-18,2019,7717.0,7683.25,7700.125,33.75,5.5,1.75,19.285714285714285,20,7701.625,7709.5,7693.75,-7.5,-10.5,-4.285714285714286,-6.0
2019-04-22,2019,7697.25,7671.0,7684.125,26.25,3.625,1.25,21.0,21,7682.875,7691.0,7674.75,-6.25,-3.75,-5.0,-3.0
2019-04-23,2019,7782.25,7739.5,7760.875,42.75,4.125,2.25,19.0,19,7769.875,7780.0,7746.25,-2.25,-6.75,-1.0,-3.0
2019-04-24,2019,7843.5,7812.25,7827.875,31.25,5.25,1.5,20.833333333333332,21,7832.5,7836.25,7816.75,-7.25,-4.5,-4.833333333333333,-3.0
2019-04-25,2019,7864.75,7830.75,7847.75,34.0,4.875,1.75,19.428571428571427,20,7854.375,7858.75,7839.5,-6.0,-8.75,-3.4285714285714284,-5.0
2019-04-26,2019,7824.0,7762.0,7793.0,62.0,7.25,3.0,20.666666666666668,21,7784.5,7804.0,7765.0,-20.0,-3.0,-6.666666666666667,-1.0
2019-04-29,2019,7851.75,7830.5,7841.125,21.25,4.875,1.0,21.25,22,7845.0,7849.5,7838.5,-2.25,-8.0,-2.25,-8.0
2019-04-30,2019,7806.75,7776.5,7791.625,30.25,5.25,1.5,20.166666666666668,21,7793.75,7803.5,7790.0,-3.25,-13.5,-2.1666666666666665,-9.0
2019-05-01,2019,7848.25,7831.25,7839.75,17.0,4.625,0.75,22.666666666666668,23,7838.375,7844.75,7835.0,-3.5,-3.75,-4.666666666666667,-5.0
2019-05-02,2019,7786.25,7753.75,7770.0,32.5,6.0,1.75,18.571428571428573,19,7777.375,7781.75,7762.5,-4.5,-8.75,-2.5714285714285716,-5.0
2019-05-03,2019,7809.25,7782.5,7795.875,26.75,5.875,1.25,21.4,22,7791.875,7800.0,7786.25,-9.25,-3.75,-7.4,-3.0
2019-05-06,2019,7753.0,7676.0,7714.5,77.0,7.375,3.75,20.533333333333335,21,7741.625,7751.0,7717.25,-2.0,-41.25,-0.5333333333333333,-11.0
2019-05-07,2019,7752.5,7695.0,7723.75,57.5,9.5,3.0,19.166666666666668,20,7738.5,7746.0,7707.0,-6.5,-12.0,-2.1666666666666665,-4.0
2019-05-08,2019,7661.0,7600.0,7630.5,61.0,12.0,3.0,20.333333333333332,21,7640.5,7648.0,7615.0,-13.0,-15.0,-4.333333333333333,-5.0
2019-05-09,2019,7565.5,7502.0,7533.75,63.5,8.875,3.25,19.53846153846154,20,7542.625,7557.25,7515.0,-8.25,-13.0,-2.5384615384615383,-4.0
2019-05-10,2019,7588.25,7550.0,7569.125,38.25,8.25,2.0,19.125,20,7567.0,7576.0,7554.0,-12.25,-4.0,-6.125,-2.0
2019-05-13,2019,7445.0,7375.0,7410.0,70.0,10.5,3.5,20.0,20,7425.75,7441.5,7396.0,-3.5,-21.0,-1.0,-6.0
2019-05-14,2019,7395.0,7345.75,7370.375,49.25,9.625,2.5,19.7,20,7377.0,7388.25,7355.75,-6.75,-10.0,-2.7,-4.0
2019-05-15,2019,7412.0,7363.0,7387.5,49.0,7.875,2.5,19.6,20,7389.25,7410.5,7383.0,-1.5,-20.0,-0.6,-8.0
2019-05-16,2019,7584.25,7511.75,7548.0,72.5,5.75,3.75,19.333333333333332,20,7577.375,7584.25,7530.5,0.0,-18.75,0.0,-5.0
2019-05-17,2019,7568.75,7516.0,7542.375,52.75,8.0,2.75,19.181818181818183,20,7536.625,7560.0,7529.75,-8.75,-13.75,-3.1818181818181817,-5.0
2019-05-20,2019,7416.75,7361.5,7389.125,55.25,10.125,2.75,20.09090909090909,21,7373.875,7402.75,7367.0,-14.0,-5.5,-5.090909090909091,-2.0
2019-05-21,2019,7464.75,7437.0,7450.875,27.75,7.0,1.5,18.5,19,7454.25,7461.0,7444.5,-3.75,-7.5,-2.5,-5.0
2019-05-22,2019,7453.0,7420.0,7436.5,33.0,6.25,1.75,18.857142857142858,19,7438.375,7446.25,7430.5,-6.75,-10.5,-3.857142857142857,-6.0
2019-05-23,2019,7346.0,7308.0,7327.0,38.0,7.25,2.0,19.0,19,7319.0,7336.0,7314.0,-10.0,-6.0,-5.0,-3.0
2019-05-24,2019,7379.75,7353.75,7366.75,26.0,6.0,1.25,20.8,21,7366.875,7375.0,7361.25,-4.75,-7.5,-3.8,-6.0
2019-05-28,2019,7371.75,7325.25,7348.5,46.5,6.25,2.25,20.666666666666668,21,7360.125,7370.25,7350.0,-1.5,-24.75,-0.6666666666666666,-11.0
2019-05-29,2019,7245.75,7212.5,7229.125,33.25,6.875,1.75,19.0,19,7229.125,7237.0,7221.25,-8.75,-8.75,-5.0,-5.0
2019-05-30,2019,7269.25,7238.0,7253.625,31.25,4.75,1.5,20.833333333333332,21,7256.75,7266.5,7253.0,-2.75,-15.0,-1.8333333333333333,-10.0
2019-05-31,2019,7171.0,7133.5,7152.25,37.5,6.0,2.0,18.75,19,7142.5,7159.5,7137.5,-11.5,-4.0,-5.75,-2.0
2019-06-03,2019,7132.5,7052.5,7092.5,80.0,8.625,4.0,20.0,20,7126.5,7132.5,7068.5,0.0,-16.0,0.0,-4.0
2019-06-04,2019,7067.75,7027.25,7047.5,40.5,9.375,2.0,20.25,21,7046.25,7055.25,7037.25,-12.5,-10.0,-6.25,-5.0
2019-06-05,2019,7242.0,7187.5,7214.75,54.5,8.125,2.75,19.818181818181817,20,7205.375,7228.75,7187.5,-13.25,0.0,-4.818181818181818,0.0
2019-06-06,2019,7247.5,7210.25,7228.875,37.25,8.375,1.75,21.285714285714285,22,7225.125,7236.5,7217.25,-11.0,-7.0,-6.285714285714286,-4.0
2019-06-07,2019,7374.25,7311.0,7342.625,63.25,7.25,3.25,19.46153846153846,20,7361.375,7369.5,7333.75,-4.75,-22.75,-1.4615384615384615,-7.0
2019-06-10,2019,7520.75,7469.0,7494.875,51.75,6.5,2.5,20.7,21,7497.75,7514.0,7491.5,-6.75,-22.5,-2.7,-9.0
2019-06-11,2019,7600.75,7554.0,7577.375,46.75,7.25,2.25,20.77777777777778,21,7568.625,7587.75,7554.0,-13.0,0.0,-5.777777777777778,0.0
2019-06-12,2019,7512.5,7479.75,7496.125,32.75,6.875,1.75,18.714285714285715,19,7496.375,7507.75,7488.5,-4.75,-8.75,-2.7142857142857144,-5.0
2019-06-13,2019,7534.75,7497.5,7516.125,37.25,6.0,1.75,21.285714285714285,22,7528.125,7532.5,7513.25,-2.25,-15.75,-1.2857142857142858,-9.0
2019-06-14,2019,7481.5,7456.25,7468.875,25.25,6.75,1.25,20.2,21,7464.375,7472.5,7458.75,-9.0,-2.5,-7.2,-2.0
2019-06-17,2019,7574.0,7518.25,7546.125,55.75,5.875,2.75,20.272727272727273,21,7536.125,7559.5,7523.75,-14.5,-5.5,-5.2727272727272725,-2.0
2019-06-18,2019,7708.25,7625.25,7666.75,83.0,8.5,4.25,19.529411764705884,20,7699.625,7708.25,7638.0,0.0,-12.75,0.0,-3.0
2019-06-19,2019,7685.0,7639.5,7662.25,45.5,6.375,2.25,20.22222222222222,21,7654.125,7664.25,7639.5,-20.75,0.0,-9.222222222222221,0.0
2019-06-20,2019,7802.5,7774.5,7788.5,28.0,5.75,1.5,18.666666666666668,19,7788.75,7795.5,7779.0,-7.0,-4.5,-4.666666666666667,-3.0
2019-06-21,2019,7761.5,7737.0,7749.25,24.5,6.625,1.25,19.6,20,7747.625,7753.25,7742.0,-8.25,-5.0,-6.6,-4.0
2019-06-24,2019,7776.75,7749.5,7763.125,27.25,5.5,1.25,21.8,22,7767.625,7775.75,7759.5,-1.0,-10.0,-0.8,-8.0
2019-06-25,2019,7752.75,7713.5,7733.125,39.25,4.75,2.0,19.625,20,7726.5,7735.5,7713.5,-17.25,0.0,-8.625,0.0
2019-06-26,2019,7719.0,7669.0,7694.0,50.0,6.875,2.5,20.0,20,7702.75,7719.0,7691.5,0.0,-22.5,0.0,-9.0
2019-06-27,2019,7701.75,7674.75,7688.25,27.0,5.625,1.25,21.6,22,7689.125,7694.75,7681.0,-7.0,-6.25,-5.6,-5.0
2019-06-28,2019,7710.25,7664.0,7687.125,46.25,5.25,2.25,20.555555555555557,21,7685.375,7695.5,7666.25,-14.75,-2.25,-6.555555555555555,-1.0
2019-07-01,2019,7849.75,7817.5,7833.625,32.25,5.375,1.5,21.5,22,7837.75,7844.5,7825.0,-5.25,-7.5,-3.5,-5.0
2019-07-02,2019,7797.25,7777.0,7787.125,20.25,4.75,1.0,20.25,21,7788.5,7793.0,7782.0,-4.25,-5.0,-4.25,-5.0
2019-07-05,2019,7841.25,7807.25,7824.25,34.0,5.75,1.75,19.428571428571427,20,7832.625,7840.5,7824.75,-0.75,-17.5,-0.42857142857142855,-10.0
2019-07-08,2019,7818.25,7777.5,7797.875,40.75,5.25,2.0,20.375,21,7782.5,7803.5,7777.5,-14.75,0.0,-7.375,0.0
2019-07-09,2019,7801.0,7765.75,7783.375,35.25,5.375,1.75,20.142857142857142,21,7794.625,7799.0,7786.75,-2.0,-21.0,-1.1428571428571428,-12.0
2019-07-10,2019,7949.5,7887.5,7918.5,62.0,6.25,3.0,20.666666666666668,21,7943.0,7949.5,7917.5,0.0,-30.0,0.0,-10.0
2019-07-11,2019,7949.25,7930.0,7939.625,19.25,5.25,1.0,19.25,20,7942.5,7947.0,7936.0,-2.25,-6.0,-2.25,-6.0
2019-07-12,2019,7947.5,7924.5,7936.0,23.0,4.25,1.25,18.4,19,7931.375,7944.5,7930.75,-3.0,-6.25,-2.4,-5.0
2019-07-15,2019,7984.5,7962.25,7973.375,22.25,3.625,1.0,22.25,23,7967.75,7976.25,7965.25,-8.25,-3.0,-8.25,-3.0
2019-07-16,2019,7987.25,7972.0,7979.625,15.25,3.0,0.75,20.333333333333332,21,7978.375,7986.25,7976.5,-1.0,-4.5,-1.3333333333333333,-6.0
2019-07-17,2019,7962.5,7945.0,7953.75,17.5,4.375,1.0,17.5,18,7958.5,7961.0,7950.0,-1.5,-5.0,-1.5,-5.0
2019-07-18,2019,7901.75,7863.75,7882.75,38.0,5.375,2.0,19.0,19,7890.75,7899.75,7885.75,-2.0,-22.0,-1.0,-11.0
2019-07-19,2019,7974.25,7941.5,7957.875,32.75,4.875,1.75,18.714285714285715,19,7958.125,7962.5,7946.75,-11.75,-5.25,-6.714285714285714,-3.0
2019-07-22,2019,7916.25,7875.25,7895.75,41.0,5.5,2.0,20.5,21,7886.25,7907.25,7877.25,-9.0,-2.0,-4.5,-1.0
2019-07-23,2019,7962.75,7930.5,7946.625,32.25,4.25,1.5,21.5,22,7940.25,7953.0,7933.5,-9.75,-3.0,-6.5,-2.0
2019-07-24,2019,7980.75,7938.75,7959.75,42.0,4.25,2.0,21.0,21,7971.75,7976.75,7950.75,-4.0,-12.0,-2.0,-6.0
2019-07-25,2019,7999.0,7945.25,7972.125,53.75,7.25,2.75,19.545454545454547,20,7954.875,7983.75,7948.0,-15.25,-2.75,-5.545454545454546,-1.0
2019-07-26,2019,8033.75,7994.25,8014.0,39.5,5.25,2.0,19.75,20,8025.25,8030.25,8016.25,-3.5,-22.0,-1.75,-11.0
2019-07-29,2019,8024.75,7966.0,7995.375,58.75,5.0,3.0,19.583333333333332,20,7991.5,8011.0,7978.0,-13.75,-12.0,-4.583333333333333,-4.0
2019-07-30,2019,7970.75,7933.5,7952.125,37.25,5.875,1.75,21.285714285714285,22,7960.625,7968.5,7945.75,-2.25,-12.25,-1.2857142857142858,-7.0
2019-07-31,2019,7989.25,7967.75,7978.5,21.5,4.625,1.0,21.5,22,7974.25,7980.75,7971.75,-8.5,-4.0,-8.5,-4.0
2019-08-01,2019,7934.5,7867.5,7901.0,67.0,6.875,3.25,20.615384615384617,21,7917.875,7932.5,7903.25,-2.0,-35.75,-0.6153846153846154,-11.0
2019-08-02,2019,7765.75,7719.0,7742.375,46.75,12.5,2.25,20.77777777777778,21,7731.375,7750.5,7725.75,-15.25,-6.75,-6.777777777777778,-3.0
2019-08-05,2019,7540.75,7481.5,7511.125,59.25,10.625,3.0,19.75,20,7498.0,7523.5,7490.5,-17.25,-9.0,-5.75,-3.0
2019-08-06,2019,7528.5,7485.5,7507.0,43.0,10.0,2.25,19.11111111111111,20,7513.625,7523.75,7503.5,-4.75,-18.0,-2.111111111111111,-8.0
2019-08-07,2019,7463.5,7387.5,7425.5,76.0,14.375,3.75,20.266666666666666,21,7434.375,7458.75,7410.0,-4.75,-22.5,-1.2666666666666666,-6.0
2019-08-08,2019,7626.75,7578.0,7602.375,48.75,9.25,2.5,19.5,20,7599.25,7610.5,7588.0,-16.25,-10.0,-6.5,-4.0
2019-08-09,2019,7720.0,7663.0,7691.5,57.0,7.5,2.75,20.727272727272727,21,7697.375,7720.0,7679.5,0.0,-16.5,0.0,-6.0
2019-08-12,2019,7628.75,7580.5,7604.625,48.25,8.875,2.5,19.3,20,7591.75,7608.0,7585.5,-20.75,-5.0,-8.3,-2.0
2019-08-13,2019,7774.25,7555.25,7664.75,219.0,15.375,11.0,19.90909090909091,20,7615.75,7731.25,7555.25,-43.0,0.0,-3.909090909090909,0.0
2019-08-14,2019,7634.5,7586.0,7610.25,48.5,11.625,2.5,19.4,20,7617.25,7628.5,7601.0,-6.0,-15.0,-2.4,-6.0
2019-08-15,2019,7535.25,7461.0,7498.125,74.25,13.75,3.75,19.8,20,7511.625,7528.5,7487.25,-6.75,-26.25,-1.8,-7.0
2019-08-16,2019,7582.5,7555.25,7568.875,27.25,6.0,1.25,21.8,22,7574.625,7577.75,7566.5,-4.75,-11.25,-3.8,-9.0
2019-08-19,2019,7744.75,7714.25,7729.5,30.5,5.375,1.5,20.333333333333332,21,7719.5,7735.25,7715.75,-9.5,-1.5,-6.333333333333333,-1.0
2019-08-20,2019,7721.5,7680.5,7701.0,41.0,8.5,2.0,20.5,21,7697.5,7702.5,7684.5,-19.0,-4.0,-9.5,-2.0
2019-08-21,2019,7765.75,7731.0,7748.375,34.75,4.625,1.75,19.857142857142858,20,7759.875,7764.25,7741.5,-1.5,-10.5,-0.8571428571428571,-6.0
2019-08-22,2019,7773.5,7751.0,7762.25,22.5,5.375,1.25,18.0,18,7760.375,7766.0,7754.75,-7.5,-3.75,-6.0,-3.0
2019-08-23,2019,7674.25,7628.0,7651.125,46.25,7.375,2.25,20.555555555555557,21,7667.375,7673.0,7643.75,-1.25,-15.75,-0.5555555555555556,-7.0
2019-08-26,2019,7565.25,7525.25,7545.25,40.0,8.875,2.0,20.0,20,7548.25,7557.25,7535.25,-8.0,-10.0,-4.0,-5.0
2019-08-27,2019,7648.5,7617.75,7633.125,30.75,6.75,1.5,20.5,21,7630.5,7640.25,7626.75,-8.25,-9.0,-5.5,-6.0
2019-08-28,2019,7558.0,7504.25,7531.125,53.75,8.625,2.75,19.545454545454547,20,7519.375,7542.75,7512.5,-15.25,-8.25,-5.545454545454546,-3.0
2019-08-29,2019,7726.0,7683.5,7704.75,42.5,5.375,2.25,18.88888888888889,19,7716.125,7721.75,7706.0,-4.25,-22.5,-1.8888888888888888,-10.0
2019-08-30,2019,7750.75,7720.75,7735.75,30.0,6.125,1.5,20.0,20,7736.5,7743.25,7729.75,-7.5,-9.0,-5.0,-6.0
2019-09-03,2019,7676.75,7627.75,7652.25,49.0,8.25,2.5,19.6,20,7659.0,7675.25,7647.75,-1.5,-20.0,-0.6,-8.0
2019-09-04,2019,7705.5,7680.5,7693.0,25.0,5.375,1.25,20.0,20,7688.625,7694.25,7683.0,-11.25,-2.5,-9.0,-2.0
2019-09-05,2019,7848.25,7804.25,7826.25,44.0,4.875,2.25,19.555555555555557,20,7830.125,7844.75,7820.0,-3.5,-15.75,-1.5555555555555556,-7.0
2019-09-06,2019,7877.0,7840.5,7858.75,36.5,6.25,1.75,20.857142857142858,21,7846.625,7865.0,7842.25,-12.0,-1.75,-6.857142857142857,-1.0
2019-09-09,2019,7884.0,7850.75,7867.375,33.25,5.5,1.75,19.0,19,7869.125,7877.0,7861.25,-7.0,-10.5,-4.0,-6.0
2019-09-10,2019,7800.0,7744.25,7772.125,55.75,6.375,2.75,20.272727272727273,21,7756.625,7780.0,7749.75,-20.0,-5.5,-7.2727272727272725,-2.0
2019-09-11,2019,7853.5,7811.5,7832.5,42.0,6.75,2.0,21.0,21,7842.5,7847.5,7821.5,-6.0,-10.0,-3.0,-5.0
2019-09-12,2019,7956.5,7909.5,7933.0,47.0,7.5,2.25,20.88888888888889,21,7919.625,7947.75,7914.0,-8.75,-4.5,-3.888888888888889,-2.0
2019-09-13,2019,7920.75,7887.5,7904.125,33.25,6.25,1.75,19.0,19,7904.125,7908.5,7889.25,-12.25,-1.75,-7.0,-1.0
2019-09-16,2019,7893.75,7856.0,7874.875,37.75,6.5,2.0,18.875,19,7875.0,7888.0,7866.0,-5.75,-10.0,-2.875,-5.0
2019-09-17,2019,7893.0,7862.5,7877.75,30.5,6.875,1.5,20.333333333333332,21,7881.25,7891.0,7874.5,-2.0,-12.0,-1.3333333333333333,-8.0
2019-09-18,2019,7903.0,7882.5,7892.75,20.5,4.375,1.0,20.5,21,7891.0,7895.5,7884.5,-7.5,-2.0,-7.5,-2.0
2019-09-19,2019,7964.0,7924.25,7944.125,39.75,5.25,2.0,19.875,20,7953.25,7962.25,7944.25,-1.75,-20.0,-0.875,-10.0
2019-09-20,2019,7942.25,7926.25,7934.25,16.0,4.0,0.75,21.333333333333332,22,7932.625,7937.5,7929.25,-4.75,-3.0,-6.333333333333333,-4.0
2019-09-23,2019,7848.0,7818.75,7833.375,29.25,5.5,1.5,19.5,20,7834.5,7844.25,7827.75,-3.75,-9.0,-2.5,-6.0
2019-09-24,2019,7894.0,7867.0,7880.5,27.0,4.25,1.25,21.6,22,7886.375,7889.5,7873.25,-4.5,-6.25,-3.6,-5.0
2019-09-25,2019,7739.5,7690.0,7714.75,49.5,6.75,2.5,19.8,20,7733.75,7739.5,7702.5,0.0,-12.5,0.0,-5.0
2019-09-26,2019,7814.0,7766.5,7790.25,47.5,7.375,2.5,19.0,19,7780.25,7791.5,7769.0,-22.5,-2.5,-9.0,-1.0
2019-09-27,2019,7811.0,7754.0,7782.5,57.0,5.25,2.75,20.727272727272727,21,7791.125,7809.0,7773.25,-2.0,-19.25,-0.7272727272727273,-7.0
2019-09-30,2019,7745.0,7710.5,7727.75,34.5,7.625,1.75,19.714285714285715,20,7721.875,7733.25,7714.0,-11.75,-3.5,-6.714285714285714,-2.0
2019-10-01,2019,7841.5,7793.75,7817.625,47.75,4.75,2.5,19.1,20,7837.5,7841.5,7816.25,0.0,-22.5,0.0,-9.0
2019-10-02,2019,7652.5,7591.25,7621.875,61.25,7.375,3.0,20.416666666666668,21,7607.75,7627.25,7594.25,-25.25,-3.0,-8.416666666666666,-1.0
2019-10-03,2019,7585.0,7549.25,7567.125,35.75,7.5,1.75,20.428571428571427,21,7574.625,7579.0,7559.75,-6.0,-10.5,-3.4285714285714284,-6.0
2019-10-04,2019,7718.75,7682.0,7700.375,36.75,9.625,1.75,21.0,21,7695.125,7710.0,7690.75,-8.75,-8.75,-5.0,-5.0
2019-10-07,2019,7756.75,7724.25,7740.5,32.5,6.25,1.75,18.571428571428573,19,7735.625,7747.0,7727.75,-9.75,-3.5,-5.571428571428571,-2.0
2019-10-08,2019,7693.75,7642.25,7668.0,51.5,8.75,2.5,20.6,21,7676.0,7682.25,7649.75,-11.5,-7.5,-4.6,-3.0
2019-10-09,2019,7697.5,7661.75,7679.625,35.75,5.875,1.75,20.428571428571427,21,7687.125,7695.0,7672.25,-2.5,-10.5,-1.4285714285714286,-6.0
2019-10-10,2019,7762.0,7691.0,7726.5,71.0,7.125,3.5,20.285714285714285,21,7710.25,7747.0,7694.5,-15.0,-3.5,-4.285714285714286,-1.0
2019-10-11,2019,7889.0,7842.75,7865.875,46.25,4.75,2.25,20.555555555555557,21,7873.125,7878.75,7849.5,-10.25,-6.75,-4.555555555555555,-3.0
2019-10-14,2019,7865.75,7836.0,7850.875,29.75,5.875,1.5,19.833333333333332,20,7851.75,7858.5,7839.0,-7.25,-3.0,-4.833333333333333,-2.0
2019-10-15,2019,7902.5,7871.75,7887.125,30.75,3.875,1.5,20.5,21,7896.5,7900.25,7886.75,-2.25,-15.0,-1.5,-10.0
2019-10-16,2019,7935.25,7916.5,7925.875,18.75,5.125,1.0,18.75,19,7926.0,7930.5,7921.5,-4.75,-5.0,-4.75,-5.0
2019-10-17,2019,7992.25,7967.0,7979.625,25.25,4.75,1.25,20.2,21,7986.375,7989.5,7975.75,-2.75,-8.75,-2.2,-7.0
2019-10-18,2019,7958.5,7940.25,7949.375,18.25,4.625,1.0,18.25,19,7948.75,7953.25,7944.25,-5.25,-4.0,-5.25,-4.0
2019-10-21,2019,7936.25,7903.25,7919.75,33.0,5.375,1.75,18.857142857142858,19,7914.625,7929.5,7910.25,-6.75,-7.0,-3.857142857142857,-4.0
2019-10-22,2019,7988.75,7960.25,7974.5,28.5,4.75,1.5,19.0,19,7982.0,7985.75,7969.25,-3.0,-9.0,-2.0,-6.0
2019-10-23,2019,7887.5,7853.0,7870.25,34.5,5.5,1.75,19.714285714285715,20,7880.125,7887.5,7861.75,0.0,-8.75,0.0,-5.0
2019-10-24,2019,7961.25,7927.25,7944.25,34.0,5.625,1.75,19.428571428571427,20,7952.625,7957.0,7944.75,-4.25,-17.5,-2.4285714285714284,-10.0
2019-10-25,2019,7971.0,7929.25,7950.125,41.75,4.875,2.0,20.875,21,7950.25,7967.25,7945.25,-3.75,-16.0,-1.875,-8.0
2019-10-28,2019,8098.5,8074.0,8086.25,24.5,4.5,1.25,19.6,20,8089.625,8095.25,8086.5,-3.25,-12.5,-2.6,-10.0
2019-10-29,2019,8114.0,8086.25,8100.125,27.75,4.375,1.5,18.5,19,8093.0,8105.75,8089.25,-8.25,-3.0,-5.5,-2.0
2019-10-30,2019,8068.5,8039.5,8054.0,29.0,4.125,1.5,19.333333333333332,20,8053.75,8057.5,8041.0,-11.0,-1.5,-7.333333333333333,-1.0
2019-10-31,2019,8117.5,8086.25,8101.875,31.25,6.875,1.5,20.833333333333332,21,8096.0,8108.75,8089.25,-8.75,-3.0,-5.833333333333333,-2.0
2019-11-01,2019,8147.75,8117.5,8132.625,30.25,4.5,1.5,20.166666666666668,21,8125.75,8135.5,8119.0,-12.25,-1.5,-8.166666666666666,-1.0
2019-11-04,2019,8233.75,8213.5,8223.625,20.25,4.625,1.0,20.25,21,8221.0,8227.5,8218.5,-6.25,-5.0,-6.25,-5.0
2019-11-05,2019,8230.75,8208.25,8219.5,22.5,3.875,1.25,18.0,18,8218.875,8222.0,8210.75,-8.75,-2.5,-7.0,-2.0
2019-11-06,2019,8211.25,8189.0,8200.125,22.25,4.25,1.0,22.25,23,8195.5,8200.0,8191.0,-11.25,-2.0,-11.25,-2.0
2019-11-07,2019,8261.0,8234.0,8247.5,27.0,3.75,1.25,21.6,22,8253.375,8259.0,8242.75,-2.0,-8.75,-1.6,-7.0
2019-11-08,2019,8233.75,8204.25,8219.0,29.5,3.25,1.5,19.666666666666668,20,8230.5,8233.75,8214.75,0.0,-10.5,0.0,-7.0
2019-11-11,2019,8228.75,8206.5,8217.625,22.25,4.625,1.0,22.25,23,8217.0,8223.5,8210.5,-5.25,-4.0,-5.25,-4.0
2019-11-12,2019,8273.75,8252.0,8262.875,21.75,2.875,1.0,21.75,22,8268.5,8273.0,8262.0,-0.75,-10.0,-0.75,-10.0
2019-11-13,2019,8264.0,8236.75,8250.375,27.25,4.125,1.25,21.8,22,8252.375,8258.0,8241.75,-6.0,-5.0,-4.8,-4.0
2019-11-14,2019,8258.0,8237.75,8247.875,20.25,4.375,1.0,20.25,21,8252.25,8254.75,8243.75,-3.25,-6.0,-3.25,-6.0
2019-11-15,2019,8317.25,8289.0,8303.125,28.25,3.75,1.5,18.833333333333332,19,8300.25,8307.0,8293.5,-10.25,-4.5,-6.833333333333333,-3.0
2019-11-18,2019,8314.5,8279.25,8296.875,35.25,4.5,1.75,20.142857142857142,21,8294.125,8298.5,8279.25,-16.0,0.0,-9.142857142857142,0.0
2019-11-19,2019,8364.5,8338.25,8351.375,26.25,3.75,1.25,21.0,21,8352.625,8358.25,8344.5,-6.25,-6.25,-5.0,-5.0
2019-11-20,2019,8333.25,8316.75,8325.0,16.5,4.25,0.75,22.0,22,8325.375,8330.25,8320.5,-3.0,-3.75,-4.0,-5.0
2019-11-21,2019,8286.0,8261.0,8273.5,25.0,5.625,1.25,20.0,20,8274.125,8279.75,8268.5,-6.25,-7.5,-5.0,-6.0
2019-11-22,2019,8298.75,8277.5,8288.125,21.25,4.5,1.0,21.25,22,8285.0,8291.5,8280.5,-7.25,-3.0,-7.25,-3.0
2019-11-25,2019,8353.25,8311.75,8332.5,41.5,3.5,2.0,20.75,21,8342.75,8351.75,8333.75,-1.5,-22.0,-0.75,-11.0
2019-11-26,2019,8390.0,8368.75,8379.375,21.25,4.5,1.0,21.25,22,8380.25,8384.75,8373.75,-5.25,-5.0,-5.25,-5.0
2019-11-27,2019,8417.75,8402.5,8410.125,15.25,3.0,0.75,20.333333333333332,21,8409.625,8416.0,8407.75,-1.75,-5.25,-2.3333333333333335,-7.0
2019-12-02,2019,8413.5,8341.0,8377.25,72.5,5.875,3.75,19.333333333333332,20,8357.875,8397.25,8348.5,-16.25,-7.5,-4.333333333333333,-2.0
2019-12-03,2019,8224.0,8168.25,8196.125,55.75,9.625,2.75,20.272727272727273,21,8197.125,8209.5,8179.25,-14.5,-11.0,-5.2727272727272725,-4.0
2019-12-04,2019,8318.0,8287.5,8302.75,30.5,5.0,1.5,20.333333333333332,21,8309.25,8316.0,8296.5,-2.0,-9.0,-1.3333333333333333,-6.0
2019-12-05,2019,8327.25,8302.75,8315.0,24.5,4.625,1.25,19.6,20,8314.625,8317.75,8306.5,-9.5,-3.75,-7.6,-3.0
2019-12-06,2019,8392.5,8368.0,8380.25,24.5,3.75,1.25,19.6,20,8374.875,8388.0,8371.75,-4.5,-3.75,-3.6,-3.0
2019-12-09,2019,8427.25,8388.0,8407.625,39.25,3.875,2.0,19.625,20,8423.0,8427.25,8398.0,0.0,-10.0,0.0,-5.0
2019-12-10,2019,8370.25,8338.5,8354.375,31.75,5.75,1.5,21.166666666666668,22,8358.75,8365.5,8349.0,-4.75,-10.5,-3.1666666666666665,-7.0
2019-12-11,2019,8389.5,8363.5,8376.5,26.0,3.375,1.25,20.8,21,8371.625,8377.25,8366.0,-12.25,-2.5,-9.8,-2.0
2019-12-12,2019,8464.75,8381.0,8422.875,83.75,7.625,4.25,19.705882352941178,20,8451.125,8461.75,8406.5,-3.0,-25.5,-0.7058823529411765,-6.0
2019-12-13,2019,8483.25,8440.25,8461.75,43.0,6.75,2.25,19.11111111111111,20,8463.875,8474.0,8449.25,-9.25,-9.0,-4.111111111111111,-4.0
2019-12-16,2019,8604.0,8571.5,8587.75,32.5,3.75,1.75,18.571428571428573,19,8584.625,8599.5,8580.25,-4.5,-8.75,-2.5714285714285716,-5.0
2019-12-17,2019,8625.25,8596.25,8610.75,29.0,4.625,1.5,19.333333333333332,20,8600.0,8615.75,8596.25,-9.5,0.0,-6.333333333333333,0.0
2019-12-18,2019,8629.0,8612.0,8620.5,17.0,3.125,0.75,22.666666666666668,23,8623.625,8625.5,8615.75,-3.5,-3.75,-4.666666666666667,-5.0
2019-12-19,2019,8636.25,8618.25,8627.25,18.0,3.0,1.0,18.0,18,8630.75,8633.25,8628.25,-3.0,-10.0,-3.0,-10.0
2019-12-20,2019,8712.75,8686.25,8699.5,26.5,4.375,1.25,21.2,22,8693.125,8706.25,8690.0,-6.5,-3.75,-5.2,-3.0
2019-12-23,2019,8735.25,8722.75,8729.0,12.5,2.875,0.75,16.666666666666668,17,8728.375,8733.25,8726.5,-2.0,-3.75,-2.6666666666666665,-5.0
2019-12-26,2019,8761.0,8739.0,8750.0,22.0,2.5,1.0,22.0,22,8757.5,8760.0,8745.0,-1.0,-6.0,-1.0,-6.0
2019-12-27,2019,8832.75,8780.5,8806.625,52.25,4.625,2.5,20.9,21,8824.25,8830.5,8803.0,-2.25,-22.5,-0.9,-9.0
2019-12-30,2019,8793.0,8703.75,8748.375,89.25,7.75,4.5,19.833333333333332,20,8724.0,8762.25,8703.75,-30.75,0.0,-6.833333333333333,0.0
2019-12-31,2019,8746.75,8692.25,8719.5,54.5,5.5,2.75,19.818181818181817,20,8734.875,8746.75,8717.0,0.0,-24.75,0.0,-9.0
2020-01-02,2020,8852.5,8815.5,8834.0,37.0,5.5,1.75,21.142857142857142,22,8844.375,8848.75,8833.0,-3.75,-17.5,-2.142857142857143,-10.0
2020-01-03,2020,8840.75,8770.5,8805.625,70.25,7.75,3.5,20.071428571428573,21,8821.25,8837.0,8812.5,-3.75,-42.0,-1.0714285714285714,-12.0
2020-01-06,2020,8800.5,8729.0,8764.75,71.5,6.0,3.5,20.428571428571427,21,8786.75,8795.5,8757.0,-5.0,-28.0,-1.4285714285714286,-8.0
2020-01-07,2020,8878.0,8834.5,8856.25,43.5,7.25,2.25,19.333333333333332,20,8840.125,8863.75,8834.5,-14.25,0.0,-6.333333333333333,0.0
2020-01-08,2020,8896.0,8848.0,8872.0,48.0,5.625,2.5,19.2,20,8876.75,8893.0,8870.5,-3.0,-22.5,-1.2,-9.0
2020-01-09,2020,9022.25,8996.0,9009.125,26.25,7.5,1.25,21.0,21,9011.625,9014.75,9001.0,-7.5,-5.0,-6.0,-4.0
2020-01-10,2020,9041.75,9004.5,9023.125,37.25,5.75,1.75,21.285714285714285,22,9026.375,9030.75,9011.5,-11.0,-7.0,-6.285714285714286,-4.0
2020-01-13,2020,9037.75,9003.75,9020.75,34.0,5.75,1.75,19.428571428571427,20,9020.375,9028.25,9016.0,-9.5,-12.25,-5.428571428571429,-7.0
2020-01-14,2020,9086.25,9036.25,9061.25,50.0,6.875,2.5,20.0,20,9062.5,9078.75,9051.25,-7.5,-15.0,-3.0,-6.0
2020-01-15,2020,9086.75,9051.25,9069.0,35.5,5.0,1.75,20.285714285714285,21,9076.625,9081.0,9061.75,-5.75,-10.5,-3.2857142857142856,-6.0
2020-01-16,2020,9118.0,9088.0,9103.0,30.0,4.625,1.5,20.0,20,9108.25,9115.0,9101.5,-3.0,-13.5,-2.0,-9.0
2020-01-17,2020,9180.0,9140.0,9160.0,40.0,4.75,2.0,20.0,20,9147.0,9160.0,9142.0,-20.0,-2.0,-10.0,-1.0
2020-01-21,2020,9176.5,9151.75,9164.125,24.75,4.75,1.25,19.8,20,9161.125,9171.75,9158.0,-4.75,-6.25,-3.8,-5.0
2020-01-22,2020,9244.5,9211.75,9228.125,32.75,4.5,1.75,18.714285714285715,19,9233.625,9241.5,9222.25,-3.0,-10.5,-1.7142857142857142,-6.0
2020-01-23,2020,9201.0,9151.75,9176.375,49.25,7.375,2.5,19.7,20,9175.5,9181.75,9159.25,-19.25,-7.5,-7.7,-3.0
2020-01-24,2020,9283.25,9256.0,9269.625,27.25,6.25,1.25,21.8,22,9266.625,9274.75,9261.0,-8.5,-5.0,-6.8,-4.0
2020-01-27,2020,8990.5,8925.5,8958.0,65.0,11.0,3.25,20.0,20,8972.625,8987.25,8951.5,-3.25,-26.0,-1.0,-8.0
2020-01-28,2020,9039.75,9001.0,9020.375,38.75,7.5,2.0,19.375,20,9016.0,9025.0,9003.0,-14.75,-2.0,-7.375,-1.0
2020-01-29,2020,9158.75,9100.75,9129.75,58.0,6.25,3.0,19.333333333333332,20,9144.25,9157.75,9124.75,-1.0,-24.0,-0.3333333333333333,-8.0
2020-01-30,2020,9114.75,9044.5,9079.625,70.25,7.75,3.5,20.071428571428573,21,9105.75,9114.5,9083.0,-0.25,-38.5,-0.07142857142857142,-11.0
2020-01-31,2020,9184.0,9102.75,9143.375,81.25,9.0,4.0,20.3125,21,9124.75,9150.75,9106.75,-33.25,-4.0,-8.3125,-1.0
2020-02-03,2020,9127.5,9035.75,9081.625,91.75,6.875,4.5,20.38888888888889,21,9092.0,9127.5,9080.75,0.0,-45.0,0.0,-10.0
2020-02-04,2020,9276.0,9227.0,9251.5,49.0,8.875,2.5,19.6,20,9268.25,9274.5,9242.0,-1.5,-15.0,-0.6,-6.0
2020-02-05,2020,9457.75,9372.5,9415.125,85.25,10.625,4.25,20.058823529411764,21,9395.875,9423.5,9376.75,-34.25,-4.25,-8.058823529411764,-1.0
2020-02-06,2020,9414.5,9362.5,9388.5,52.0,8.25,2.5,20.8,21,9376.25,9397.5,9370.0,-17.0,-7.5,-6.8,-3.0
2020-02-07,2020,9424.0,9385.0,9404.5,39.0,8.5,2.0,19.5,20,9398.0,9411.0,9393.0,-13.0,-8.0,-6.5,-4.0
2020-02-10,2020,9448.75,9378.75,9413.75,70.0,5.875,3.5,20.0,20,9429.5,9445.25,9413.75,-3.5,-35.0,-1.0,-10.0
2020-02-11,2020,9581.5,9538.75,9560.125,42.75,6.875,2.25,19.0,19,9566.875,9572.5,9547.75,-9.0,-9.0,-4.0,-4.0
2020-02-12,2020,9604.0,9561.0,9582.5,43.0,6.0,2.25,19.11111111111111,20,9598.125,9603.75,9579.0,-0.25,-18.0,-0.1111111111111111,-8.0
2020-02-13,2020,9592.75,9539.25,9566.0,53.5,6.75,2.75,19.454545454545453,20,9573.625,9586.0,9566.75,-6.75,-27.5,-2.4545454545454546,-10.0
2020-02-14,2020,9640.0,9602.25,9621.125,37.75,7.875,2.0,18.875,19,9619.25,9624.25,9606.25,-15.75,-4.0,-7.875,-2.0
2020-02-18,2020,9622.75,9574.5,9598.625,48.25,8.25,2.5,19.3,20,9605.75,9617.0,9599.5,-5.75,-25.0,-2.3,-10.0
2020-02-19,2020,9717.25,9681.5,9699.375,35.75,5.375,1.75,20.428571428571427,21,9708.625,9713.0,9693.75,-4.25,-12.25,-2.4285714285714284,-7.0
2020-02-20,2020,9719.25,9686.0,9702.625,33.25,6.375,1.75,19.0,19,9699.125,9714.0,9691.25,-5.25,-5.25,-3.0,-3.0
2020-02-21,2020,9604.75,9481.75,9543.25,123.0,12.875,6.25,19.68,20,9509.875,9575.5,9494.25,-29.25,-12.5,-4.68,-2.0
2020-02-24,2020,9189.75,9041.25,9115.5,148.5,16.125,7.5,19.8,20,9172.5,9189.75,9123.75,0.0,-82.5,0.0,-11.0
2020-02-25,2020,9191.0,9093.75,9142.375,97.25,16.25,4.75,20.473684210526315,21,9143.625,9155.5,9103.25,-35.5,-9.5,-7.473684210526316,-2.0
2020-02-26,2020,9015.5,8880.0,8947.75,135.5,17.75,6.75,20.074074074074073,21,8964.375,9008.25,8934.0,-7.25,-54.0,-1.0740740740740742,-8.0
2020-03-02,2020,8596.0,8485.0,8540.5,111.0,27.0,5.5,20.181818181818183,21,8553.75,8578.5,8518.0,-17.5,-33.0,-3.1818181818181817,-6.0
2020-03-03,2020,8904.0,8744.75,8824.375,159.25,20.5,8.0,19.90625,20,8820.75,8872.75,8784.75,-31.25,-40.0,-3.90625,-5.0
2020-03-04,2020,8782.5,8665.25,8723.875,117.25,20.5,5.75,20.391304347826086,21,8708.375,8734.25,8671.0,-48.25,-5.75,-8.391304347826088,-1.0
2020-03-05,2020,8781.75,8701.5,8741.625,80.25,17.875,4.0,20.0625,21,8759.5,8777.5,8725.5,-4.25,-24.0,-1.0625,-6.0
2020-03-06,2020,8461.0,8363.5,8412.25,97.5,18.375,5.0,19.5,20,8436.0,8458.5,8393.5,-2.5,-30.0,-0.5,-6.0
2020-03-09,2020,8093.25,7820.0,7956.625,273.25,47.0,13.75,19.87272727272727,20,8046.875,8093.25,7902.5,0.0,-82.5,0.0,-6.0
2020-03-10,2020,8244.5,8135.0,8189.75,109.5,20.0,5.5,19.90909090909091,20,8159.75,8206.5,8146.0,-38.0,-11.0,-6.909090909090909,-2.0
2020-03-11,2020,8216.75,8128.25,8172.5,88.5,23.125,4.5,19.666666666666668,20,8162.0,8182.25,8141.75,-34.5,-13.5,-7.666666666666667,-3.0
2020-03-12,2020,7572.0,7327.25,7449.625,244.75,32.0,12.25,19.979591836734695,20,7443.625,7523.25,7388.5,-48.75,-61.25,-3.979591836734694,-5.0
2020-03-13,2020,7736.0,7466.0,7601.0,270.0,30.25,13.5,20.0,20,7540.25,7655.0,7479.5,-81.0,-13.5,-6.0,-1.0
2020-03-16,2020,7396.25,7023.0,7209.625,373.25,36.625,18.75,19.906666666666666,20,7107.375,7266.75,7060.5,-129.5,-37.5,-6.906666666666666,-2.0
2020-03-17,2020,7234.25,6950.0,7092.125,284.25,40.25,14.25,19.94736842105263,20,7071.125,7106.75,6950.0,-127.5,0.0,-8.947368421052632,0.0
2020-03-18,2020,7256.0,6961.5,7108.75,294.5,36.125,14.75,19.966101694915253,20,7131.125,7227.0,7094.25,-29.0,-132.75,-1.9661016949152543,-9.0
2020-03-19,2020,7233.5,7010.0,7121.75,223.5,33.0,11.25,19.866666666666667,20,7071.875,7167.5,7021.25,-66.0,-11.25,-5.866666666666666,-1.0
2020-03-20,2020,7469.75,7288.25,7379.0,181.5,32.25,9.0,20.166666666666668,21,7346.75,7405.25,7306.25,-64.5,-18.0,-7.166666666666667,-2.0
2020-03-23,2020,7034.5,6834.5,6934.5,200.0,42.625,10.0,20.0,20,6909.5,6994.5,6864.5,-40.0,-30.0,-4.0,-3.0
2020-03-24,2020,7435.5,7325.0,7380.25,110.5,24.625,5.5,20.09090909090909,21,7360.75,7396.5,7336.0,-39.0,-11.0,-7.090909090909091,-2.0
2020-03-25,2020,7664.25,7465.0,7564.625,199.25,29.25,10.0,19.925,20,7490.0,7615.0,7485.0,-49.25,-20.0,-4.925,-2.0
2020-03-26,2020,7643.0,7514.75,7578.875,128.25,29.75,6.5,19.73076923076923,20,7596.0,7625.25,7553.75,-17.75,-39.0,-2.730769230769231,-6.0
2020-03-27,2020,7692.5,7578.0,7635.25,114.5,21.0,5.75,19.91304347826087,20,7603.875,7664.25,7589.5,-28.25,-11.5,-4.913043478260869,-2.0
2020-03-30,2020,7712.5,7630.0,7671.25,82.5,17.5,4.25,19.41176470588235,20,7678.875,7698.0,7651.25,-14.5,-21.25,-3.411764705882353,-5.0
2020-03-31,2020,7874.75,7797.0,7835.875,77.75,14.875,4.0,19.4375,20,7835.0,7853.0,7809.0,-21.75,-12.0,-5.4375,-3.0
2020-04-01,2020,7632.0,7561.0,7596.5,71.0,16.5,3.5,20.285714285714285,21,7583.75,7613.5,7575.0,-18.5,-14.0,-5.285714285714286,-4.0
2020-04-02,2020,7520.75,7408.75,7464.75,112.0,20.625,5.5,20.363636363636363,21,7433.5,7491.25,7419.75,-29.5,-11.0,-5.363636363636363,-2.0
2020-04-03,2020,7660.25,7571.25,7615.75,89.0,15.0,4.5,19.77777777777778,20,7618.5,7647.75,7607.25,-12.5,-36.0,-2.7777777777777777,-8.0
2020-04-06,2020,7856.5,7750.0,7803.25,106.5,13.125,5.25,20.285714285714285,21,7778.875,7834.0,7755.25,-22.5,-5.25,-4.285714285714286,-1.0
2020-04-07,2020,8298.5,8200.75,8249.625,97.75,15.0,5.0,19.55,20,8263.25,8275.75,8230.75,-22.75,-30.0,-4.55,-6.0
2020-04-08,2020,8154.25,8064.25,8109.25,90.0,15.75,4.5,20.0,20,8129.5,8140.75,8091.25,-13.5,-27.0,-3.0,-6.0
2020-04-09,2020,8326.25,8237.5,8281.875,88.75,15.25,4.5,19.72222222222222,20,8289.25,8309.5,8260.0,-16.75,-22.5,-3.7222222222222223,-5.0
2020-04-13,2020,8243.5,8161.75,8202.625,81.75,15.0,4.0,20.4375,21,8191.75,8209.75,8173.75,-33.75,-12.0,-8.4375,-3.0
2020-04-14,2020,8593.25,8457.0,8525.125,136.25,11.75,6.75,20.185185185185187,21,8507.625,8565.0,8463.75,-28.25,-6.75,-4.185185185185185,-1.0
2020-04-15,2020,8567.0,8486.5,8526.75,80.5,12.625,4.0,20.125,21,8544.5,8562.5,8502.5,-4.5,-16.0,-1.125,-4.0
2020-04-16,2020,8698.0,8639.5,8668.75,58.5,12.5,3.0,19.5,20,8659.0,8678.5,8645.5,-19.5,-6.0,-6.5,-2.0
2020-04-17,2020,8871.5,8764.0,8817.75,107.5,13.0,5.5,19.545454545454547,20,8805.25,8830.0,8780.5,-41.5,-16.5,-7.545454545454546,-3.0
2020-04-20,2020,8784.75,8729.75,8757.25,55.0,12.5,2.75,20.0,20,8764.125,8771.0,8740.75,-13.75,-11.0,-5.0,-4.0
2020-04-21,2020,8652.0,8530.25,8591.125,121.75,15.0,6.0,20.291666666666668,21,8557.25,8608.25,8542.25,-43.75,-12.0,-7.291666666666667,-2.0
2020-04-22,2020,8598.0,8533.75,8565.875,64.25,13.875,3.25,19.76923076923077,20,8567.875,8576.0,8546.75,-22.0,-13.0,-6.769230769230769,-4.0
2020-04-23,2020,8743.25,8662.0,8702.625,81.25,9.375,4.0,20.3125,21,8736.0,8743.25,8710.0,0.0,-48.0,0.0,-12.0
2020-04-24,2020,8667.0,8583.0,8625.0,84.0,12.375,4.25,19.764705882352942,20,8610.625,8646.75,8591.5,-20.25,-8.5,-4.764705882352941,-2.0
2020-04-27,2020,8867.5,8819.25,8843.375,48.25,10.25,2.5,19.3,20,8840.5,8856.75,8829.25,-10.75,-10.0,-4.3,-4.0
2020-04-28,2020,8905.25,8827.0,8866.125,78.25,11.875,4.0,19.5625,20,8861.0,8887.0,8851.0,-18.25,-24.0,-4.5625,-6.0
2020-04-29,2020,8899.0,8816.0,8857.5,83.0,10.5,4.25,19.529411764705884,20,8847.875,8884.0,8828.75,-15.0,-12.75,-3.5294117647058822,-3.0
2020-04-30,2020,9017.5,8937.75,8977.625,79.75,13.875,4.0,19.9375,20,8995.75,9005.75,8953.75,-11.75,-16.0,-2.9375,-4.0
2020-05-01,2020,8842.75,8780.0,8811.375,62.75,13.0,3.25,19.307692307692307,20,8817.375,8832.0,8809.25,-10.75,-29.25,-3.3076923076923075,-9.0
2020-05-04,2020,8724.75,8650.5,8687.625,74.25,12.5,3.75,19.8,20,8663.625,8695.5,8654.25,-29.25,-3.75,-7.8,-1.0
2020-05-05,2020,8957.5,8895.25,8926.375,62.25,7.875,3.0,20.75,21,8932.75,8952.25,8925.25,-5.25,-30.0,-1.75,-10.0
2020-05-06,2020,9029.0,8969.0,8999.0,60.0,10.0,3.0,20.0,20,9015.5,9029.0,8996.0,0.0,-27.0,0.0,-9.0
2020-05-07,2020,9109.0,9058.0,9083.5,51.0,11.375,2.5,20.4,21,9084.25,9095.5,9073.0,-13.5,-15.0,-5.4,-6.0
2020-05-08,2020,9167.75,9116.0,9141.875,51.75,9.125,2.5,20.7,21,9144.75,9151.0,9128.5,-16.75,-12.5,-6.7,-5.0
2020-05-11,2020,9223.75,9147.5,9185.625,76.25,8.625,3.75,20.333333333333332,21,9205.625,9222.5,9181.25,-1.25,-33.75,-0.3333333333333333,-9.0
2020-05-12,2020,9345.5,9236.75,9291.125,108.75,12.5,5.5,19.772727272727273,20,9278.0,9313.75,9242.25,-31.75,-5.5,-5.7727272727272725,-1.0
2020-05-13,2020,9141.5,9042.75,9092.125,98.75,15.125,5.0,19.75,20,9105.25,9117.75,9062.75,-23.75,-20.0,-4.75,-4.0
2020-05-14,2020,8975.75,8853.75,8914.75,122.0,15.5,6.0,20.333333333333332,21,8928.75,8967.75,8877.75,-8.0,-24.0,-1.3333333333333333,-4.0
2020-05-15,2020,9018.5,8943.5,8981.0,75.0,14.0,3.75,20.0,20,8986.625,8996.0,8954.75,-22.5,-11.25,-6.0,-3.0
2020-05-18,2020,9297.0,9236.5,9266.75,60.5,12.0,3.0,20.166666666666668,21,9265.0,9284.5,9251.5,-12.5,-15.0,-4.166666666666667,-5.0
2020-05-19,2020,9379.5,9314.0,9346.75,65.5,11.125,3.25,20.153846153846153,21,9354.625,9362.75,9327.0,-16.75,-13.0,-5.153846153846154,-4.0
2020-05-20,2020,9461.75,9402.0,9431.875,59.75,8.75,3.0,19.916666666666668,20,9439.5,9447.0,9414.0,-14.75,-12.0,-4.916666666666667,-4.0
2020-05-21,2020,9510.75,9455.25,9483.0,55.5,8.75,2.75,20.181818181818183,21,9484.125,9502.0,9471.75,-8.75,-16.5,-3.1818181818181817,-6.0
2020-05-22,2020,9398.75,9319.75,9359.25,79.0,11.0,4.0,19.75,20,9337.75,9363.75,9319.75,-35.0,0.0,-8.75,0.0
2020-05-26,2020,9569.75,9482.75,9526.25,87.0,9.875,4.25,20.470588235294116,21,9535.875,9546.5,9508.25,-23.25,-25.5,-5.470588235294118,-6.0
2020-05-27,2020,9385.25,9272.0,9328.625,113.25,15.625,5.75,19.695652173913043,20,9343.875,9381.25,9295.0,-4.0,-23.0,-0.6956521739130435,-4.0
2020-05-28,2020,9462.75,9382.25,9422.5,80.5,12.5,4.0,20.125,21,9428.25,9454.25,9410.25,-8.5,-28.0,-2.125,-7.0
2020-05-29,2020,9483.0,9420.25,9451.625,62.75,11.75,3.25,19.307692307692307,20,9451.125,9478.75,9436.5,-4.25,-16.25,-1.3076923076923077,-5.0
2020-06-01,2020,9567.0,9505.75,9536.375,61.25,11.0,3.0,20.416666666666668,21,9555.25,9556.75,9523.75,-10.25,-18.0,-3.4166666666666665,-6.0
2020-06-02,2020,9605.5,9558.25,9581.875,47.25,10.75,2.25,21.0,21,9579.625,9589.75,9569.5,-15.75,-11.25,-7.0,-5.0
2020-06-03,2020,9699.5,9650.75,9675.125,48.75,11.125,2.5,19.5,20,9682.0,9693.25,9665.75,-6.25,-15.0,-2.5,-6.0
2020-06-04,2020,9742.5,9669.75,9706.125,72.75,8.75,3.75,19.4,20,9735.375,9742.5,9688.5,0.0,-18.75,0.0,-5.0
2020-06-05,2020,9779.0,9653.25,9716.125,125.75,13.125,6.25,20.12,21,9756.375,9779.0,9715.75,0.0,-62.5,0.0,-10.0
2020-06-08,2020,9829.5,9769.25,9799.375,60.25,12.0,3.0,20.083333333333332,21,9803.75,9817.25,9778.25,-12.25,-9.0,-4.083333333333333,-3.0
2020-06-09,2020,9910.25,9852.0,9881.125,58.25,9.625,3.0,19.416666666666668,20,9901.5,9909.0,9870.0,-1.25,-18.0,-0.4166666666666667,-6.0
2020-06-10,2020,10066.0,10023.5,10044.75,42.5,10.75,2.25,18.88888888888889,19,10047.125,10061.75,10037.0,-4.25,-13.5,-1.8888888888888888,-6.0
2020-06-11,2020,9954.5,9876.0,9915.25,78.5,13.375,4.0,19.625,20,9914.0,9932.0,9888.0,-22.5,-12.0,-5.625,-3.0
2020-06-12,2020,9849.25,9776.0,9812.625,73.25,13.125,3.75,19.533333333333335,20,9834.125,9843.5,9794.75,-5.75,-18.75,-1.5333333333333334,-5.0
2020-06-15,2020,9600.0,9483.5,9541.75,116.5,19.25,5.75,20.26086956521739,21,9526.625,9564.0,9512.25,-36.0,-28.75,-6.260869565217392,-5.0
2020-06-16,2020,9996.75,9940.5,9968.625,56.25,14.25,2.75,20.454545454545453,21,9961.125,9984.5,9948.75,-12.25,-8.25,-4.454545454545454,-3.0
2020-06-17,2020,10018.0,9963.0,9990.5,55.0,11.875,2.75,20.0,20,9994.625,10007.0,9982.25,-11.0,-19.25,-4.0,-7.0
2020-06-18,2020,9988.0,9941.75,9964.875,46.25,11.625,2.25,20.555555555555557,21,9969.875,9980.0,9959.75,-8.0,-18.0,-3.5555555555555554,-8.0
2020-06-19,2020,10109.25,10075.25,10092.25,34.0,8.25,1.75,19.428571428571427,20,10090.125,10101.5,10082.25,-7.75,-7.0,-4.428571428571429,-4.0
2020-06-22,2020,10021.25,9975.75,9998.5,45.5,10.625,2.25,20.22222222222222,21,9990.375,10005.0,9984.75,-16.25,-9.0,-7.222222222222222,-4.0
2020-06-23,2020,10200.75,10158.75,10179.75,42.0,8.5,2.0,21.0,21,10177.75,10198.75,10172.75,-2.0,-14.0,-1.0,-7.0
2020-06-24,2020,10221.5,10088.0,10154.75,133.5,10.375,6.75,19.77777777777778,20,10206.125,10221.5,10135.25,0.0,-47.25,0.0,-7.0
2020-06-25,2020,10017.25,9885.5,9951.375,131.75,16.125,6.5,20.26923076923077,21,9927.75,9983.0,9885.5,-34.25,0.0,-5.269230769230769,0.0
2020-06-26,2020,10082.25,9995.25,10038.75,87.0,12.75,4.25,20.470588235294116,21,10010.125,10063.25,9995.25,-19.0,0.0,-4.470588235294118,0.0
2020-06-29,2020,9850.0,9728.75,9789.375,121.25,15.75,6.0,20.208333333333332,21,9755.75,9806.75,9728.75,-43.25,0.0,-7.208333333333333,0.0
2020-07-02,2020,10419.5,10366.75,10393.125,52.75,9.125,2.75,19.181818181818183,20,10401.125,10413.5,10388.75,-6.0,-22.0,-2.1818181818181817,-8.0
2020-07-06,2020,10519.75,10470.0,10494.875,49.75,8.875,2.5,19.9,20,10491.25,10497.5,10475.0,-22.25,-5.0,-8.9,-2.0
2020-07-07,2020,10633.25,10557.25,10595.25,76.0,13.875,3.75,20.266666666666666,21,10604.125,10628.5,10587.25,-4.75,-30.0,-1.2666666666666666,-8.0
2020-07-08,2020,10630.75,10566.5,10598.625,64.25,9.375,3.25,19.76923076923077,20,10603.875,10625.0,10595.75,-5.75,-29.25,-1.7692307692307692,-9.0
2020-07-09,2020,10748.0,10689.0,10718.5,59.0,11.625,3.0,19.666666666666668,20,10708.5,10734.0,10695.0,-14.0,-6.0,-4.666666666666667,-2.0
2020-07-10,2020,10749.5,10657.0,10703.25,92.5,16.375,4.75,19.473684210526315,20,10687.875,10699.75,10657.0,-49.75,0.0,-10.473684210526315,0.0
2020-07-13,2020,10997.0,10929.5,10963.25,67.5,11.625,3.5,19.285714285714285,20,10973.25,10996.0,10957.5,-1.0,-28.0,-0.2857142857142857,-8.0
2020-07-14,2020,10629.25,10386.75,10508.0,242.5,28.625,12.25,19.79591836734694,20,10588.875,10619.5,10435.75,-9.75,-49.0,-0.7959183673469388,-4.0
2020-07-15,2020,10766.5,10677.25,10721.875,89.25,20.875,4.5,19.833333333333332,20,10729.0,10740.25,10690.75,-26.25,-13.5,-5.833333333333333,-3.0
2020-07-16,2020,10599.75,10537.5,10568.625,62.25,18.375,3.0,20.75,21,10563.0,10588.5,10555.5,-11.25,-18.0,-3.75,-6.0
2020-07-17,2020,10650.0,10567.25,10608.625,82.75,12.625,4.25,19.470588235294116,20,10590.625,10635.25,10571.5,-14.75,-4.25,-3.4705882352941178,-1.0
2020-07-20,2020,10695.0,10605.75,10650.375,89.25,15.0,4.5,19.833333333333332,20,10662.0,10691.25,10632.75,-3.75,-27.0,-0.8333333333333334,-6.0
2020-07-21,2020,11002.75,10905.75,10954.25,97.0,15.625,4.75,20.42105263157895,21,10927.125,10958.0,10905.75,-44.75,0.0,-9.421052631578947,0.0
2020-07-22,2020,10895.75,10821.5,10858.625,74.25,14.875,3.75,19.8,20,10849.625,10874.0,10832.75,-21.75,-11.25,-5.8,-3.0
2020-07-23,2020,10871.75,10799.0,10835.375,72.75,12.375,3.75,19.4,20,10823.375,10855.25,10814.0,-16.5,-15.0,-4.4,-4.0
2020-07-24,2020,10432.25,10301.0,10366.625,131.25,20.25,6.5,20.192307692307693,21,10349.75,10392.0,10320.5,-40.25,-19.5,-6.1923076923076925,-3.0
2020-07-27,2020,10629.5,10513.75,10571.625,115.75,12.375,5.75,20.130434782608695,21,10608.625,10629.5,10559.75,0.0,-46.0,0.0,-8.0
2020-07-28,2020,10646.75,10557.25,10602.0,89.5,15.0,4.5,19.88888888888889,20,10609.0,10629.25,10579.75,-17.5,-22.5,-3.888888888888889,-5.0
2020-07-29,2020,10611.5,10571.0,10591.25,40.5,11.5,2.0,20.25,21,10600.0,10605.0,10583.0,-6.5,-12.0,-3.25,-6.0
2020-07-30,2020,10621.25,10531.75,10576.5,89.5,15.75,4.5,19.88888888888889,20,10597.0,10617.25,10567.75,-4.0,-36.0,-0.8888888888888888,-8.0
2020-07-31,2020,10901.75,10780.0,10840.875,121.75,19.375,6.0,20.291666666666668,21,10813.0,10840.0,10786.0,-61.75,-6.0,-10.291666666666666,-1.0
2020-08-03,2020,11050.0,10980.5,11015.25,69.5,11.5,3.5,19.857142857142858,20,11027.75,11036.5,11005.0,-13.5,-24.5,-3.857142857142857,-7.0
2020-08-04,2020,11066.25,11006.25,11036.25,60.0,9.25,3.0,20.0,20,11058.75,11066.25,11027.25,0.0,-21.0,0.0,-7.0
2020-08-05,2020,11113.5,11064.5,11089.0,49.0,10.375,2.5,19.6,20,11073.25,11094.5,11067.0,-19.0,-2.5,-7.6,-1.0
2020-08-06,2020,11120.25,11073.0,11096.625,47.25,10.125,2.25,21.0,21,11094.375,11109.0,11084.25,-11.25,-11.25,-5.0,-5.0
2020-08-07,2020,11252.25,11207.75,11230.0,44.5,9.5,2.25,19.77777777777778,20,11229.125,11243.75,11219.0,-8.5,-11.25,-3.7777777777777777,-5.0
2020-08-10,2020,11146.75,11065.0,11105.875,81.75,10.25,4.0,20.4375,21,11139.0,11146.75,11113.0,0.0,-48.0,0.0,-12.0
2020-08-11,2020,11042.25,10956.0,10999.125,86.25,18.875,4.25,20.294117647058822,21,11013.375,11032.5,10985.75,-9.75,-29.75,-2.2941176470588234,-7.0
2020-08-12,2020,11067.0,10957.5,11012.25,109.5,11.625,5.5,19.90909090909091,20,10993.25,11051.0,10979.5,-16.0,-22.0,-2.909090909090909,-4.0
2020-08-13,2020,11229.5,11164.5,11197.0,65.0,13.5,3.25,20.0,20,11188.875,11216.5,11180.75,-13.0,-16.25,-4.0,-5.0
2020-08-14,2020,11206.75,11135.5,11171.125,71.25,14.625,3.5,20.357142857142858,21,11193.25,11202.0,11156.5,-4.75,-21.0,-1.3571428571428572,-6.0
2020-08-17,2020,11267.75,11221.5,11244.625,46.25,7.75,2.25,20.555555555555557,21,11245.125,11250.75,11226.0,-17.0,-4.5,-7.555555555555555,-2.0
2020-08-18,2020,11382.0,11323.25,11352.625,58.75,10.125,3.0,19.583333333333332,20,11369.75,11377.25,11338.25,-4.75,-15.0,-1.5833333333333333,-5.0
2020-08-19,2020,11415.0,11332.5,11373.75,82.5,13.25,4.25,19.41176470588235,20,11347.375,11392.0,11336.75,-23.0,-4.25,-5.411764705882353,-1.0
2020-08-20,2020,11378.0,11267.0,11322.5,111.0,10.875,5.5,20.181818181818183,21,11352.25,11377.0,11305.5,-1.0,-38.5,-0.18181818181818182,-7.0
2020-08-21,2020,11505.0,11455.5,11480.25,49.5,12.25,2.5,19.8,20,11479.25,11490.5,11468.0,-14.5,-12.5,-5.8,-5.0
2020-08-24,2020,11722.5,11614.0,11668.25,108.5,11.75,5.5,19.727272727272727,20,11699.25,11722.5,11652.5,0.0,-38.5,0.0,-7.0
2020-08-25,2020,11632.25,11574.75,11603.5,57.5,14.75,3.0,19.166666666666668,20,11606.25,11625.75,11592.75,-6.5,-18.0,-2.1666666666666665,-6.0
2020-08-26,2020,11796.75,11762.75,11779.75,34.0,9.5,1.75,19.428571428571427,20,11777.625,11789.0,11769.75,-7.75,-7.0,-4.428571428571429,-4.0
2020-08-27,2020,12015.75,11912.0,11963.875,103.75,20.375,5.25,19.761904761904763,20,11956.625,11990.75,11922.5,-25.0,-10.5,-4.761904761904762,-2.0
2020-08-28,2020,12005.75,11947.75,11976.75,58.0,13.875,3.0,19.333333333333332,20,11988.25,12001.75,11974.75,-4.0,-27.0,-1.3333333333333333,-9.0
2020-08-31,2020,12049.0,11993.75,12021.375,55.25,15.125,2.75,20.09090909090909,21,12033.625,12040.5,12010.25,-8.5,-16.5,-3.090909090909091,-6.0
2020-09-01,2020,12214.25,12125.0,12169.625,89.25,13.125,4.5,19.833333333333332,20,12185.75,12214.25,12156.5,0.0,-31.5,0.0,-7.0
2020-09-02,2020,12434.75,12242.5,12338.625,192.25,19.375,9.5,20.236842105263158,21,12389.75,12413.5,12328.0,-21.25,-85.5,-2.236842105263158,-9.0
2020-09-03,2020,12242.5,12133.0,12187.75,109.5,24.0,5.5,19.90909090909091,20,12179.75,12215.5,12144.0,-27.0,-11.0,-4.909090909090909,-2.0
2020-09-04,2020,11843.0,11501.0,11672.0,342.0,36.0,17.0,20.11764705882353,21,11815.5,11843.0,11603.0,0.0,-102.0,0.0,-6.0
2020-09-08,2020,11300.0,11117.0,11208.5,183.0,34.25,9.25,19.783783783783782,20,11223.375,11246.5,11144.75,-53.5,-27.75,-5.783783783783784,-3.0
2020-09-09,2020,11305.5,11188.25,11246.875,117.25,22.125,5.75,20.391304347826086,21,11271.625,11286.0,11222.75,-19.5,-34.5,-3.391304347826087,-6.0
2020-09-10,2020,11546.25,11456.5,11501.375,89.75,21.125,4.5,19.944444444444443,20,11508.25,11528.5,11488.0,-17.75,-31.5,-3.9444444444444446,-7.0
2020-09-11,2020,11280.0,11126.0,11203.0,154.0,27.625,7.75,19.870967741935484,20,11191.875,11257.75,11172.5,-22.25,-46.5,-2.870967741935484,-6.0
2020-09-14,2020,11316.75,11207.5,11262.125,109.25,15.125,5.5,19.863636363636363,20,11303.75,11316.75,11235.0,0.0,-27.5,0.0,-5.0
2020-09-15,2020,11468.0,11400.0,11434.0,68.0,11.875,3.5,19.428571428571427,20,11436.75,11445.5,11400.0,-22.5,0.0,-6.428571428571429,0.0
2020-09-16,2020,11477.75,11395.5,11436.625,82.25,15.0,4.0,20.5625,21,11457.5,11467.5,11423.5,-10.25,-28.0,-2.5625,-7.0
2020-09-17,2020,11068.75,10945.0,11006.875,123.75,19.375,6.25,19.8,20,11004.375,11032.5,10963.75,-36.25,-18.75,-5.8,-3.0
2020-09-18,2020,11135.0,11018.25,11076.625,116.75,17.875,5.75,20.304347826086957,21,11090.125,11127.5,11041.25,-7.5,-23.0,-1.3043478260869565,-4.0
2020-09-21,2020,10840.5,10704.25,10772.375,136.25,23.5,6.75,20.185185185185187,21,10808.875,10839.25,10751.5,-1.25,-47.25,-0.18518518518518517,-7.0
2020-09-22,2020,11074.75,10950.5,11012.625,124.25,18.375,6.25,19.88,20,11016.125,11031.75,10963.0,-43.0,-12.5,-6.88,-2.0
2020-09-23,2020,11161.0,11073.0,11117.0,88.0,15.5,4.5,19.555555555555557,20,11129.25,11140.5,11091.0,-20.5,-18.0,-4.555555555555555,-4.0
2020-09-24,2020,10873.0,10704.0,10788.5,169.0,23.125,8.5,19.88235294117647,20,10725.25,10831.5,10704.0,-41.5,0.0,-4.882352941176471,0.0
2020-09-25,2020,10913.0,10830.5,10871.75,82.5,23.25,4.25,19.41176470588235,20,10862.375,10890.0,10843.25,-23.0,-12.75,-5.411764705882353,-3.0
2020-09-28,2020,11343.0,11251.5,11297.25,91.5,15.625,4.5,20.333333333333332,21,11307.75,11319.0,11260.5,-24.0,-9.0,-5.333333333333333,-2.0
2020-09-29,2020,11380.0,11329.0,11354.5,51.0,12.75,2.5,20.4,21,11347.75,11369.0,11341.5,-11.0,-12.5,-4.4,-5.0
2020-09-30,2020,11420.75,11310.25,11365.5,110.5,13.5,5.5,20.09090909090909,21,11335.0,11381.75,11310.25,-39.0,0.0,-7.090909090909091,0.0
2020-10-01,2020,11568.5,11510.0,11539.25,58.5,14.375,3.0,19.5,20,11550.5,11558.0,11525.0,-10.5,-15.0,-3.5,-5.0
2020-10-02,2020,11429.5,11301.25,11365.375,128.25,18.375,6.5,19.73076923076923,20,11402.0,11418.25,11359.75,-11.25,-58.5,-1.7307692307692308,-9.0
2020-10-05,2020,11372.0,11321.5,11346.75,50.5,10.0,2.5,20.2,21,11360.25,11366.5,11339.0,-5.5,-17.5,-2.2,-7.0
2020-10-06,2020,11479.0,11418.0,11448.5,61.0,9.625,3.0,20.333333333333332,21,11437.5,11469.0,11424.0,-10.0,-6.0,-3.3333333333333335,-2.0
2020-10-07,2020,11437.75,11384.75,11411.25,53.0,11.0,2.75,19.272727272727273,20,11427.375,11434.25,11409.5,-3.5,-24.75,-1.2727272727272727,-9.0
2020-10-08,2020,11576.75,11512.0,11544.375,64.75,10.625,3.25,19.923076923076923,20,11542.875,11557.5,11521.75,-19.25,-9.75,-5.923076923076923,-3.0
2020-10-09,2020,11639.5,11588.25,11613.875,51.25,8.0,2.5,20.5,21,11629.5,11630.75,11603.25,-8.75,-15.0,-3.5,-6.0
2020-10-12,2020,11946.25,11867.25,11906.75,79.0,14.375,4.0,19.75,20,11885.25,11919.25,11875.25,-27.0,-8.0,-6.75,-2.0
2020-10-13,2020,12153.75,12032.0,12092.875,121.75,17.5,6.0,20.291666666666668,21,12065.0,12104.0,12038.0,-49.75,-6.0,-8.291666666666666,-1.0
2020-10-14,2020,12153.0,12071.25,12112.125,81.75,12.875,4.0,20.4375,21,12133.25,12151.25,12115.25,-1.75,-44.0,-0.4375,-11.0
2020-10-15,2020,11880.0,11753.5,11816.75,126.5,14.5,6.25,20.24,21,11825.375,11866.0,11809.75,-14.0,-56.25,-2.24,-9.0
2020-10-16,2020,11969.5,11926.75,11948.125,42.75,13.375,2.25,19.0,19,11952.625,11962.75,11938.0,-6.75,-11.25,-3.0,-5.0
2020-10-19,2020,11950.5,11871.75,11911.125,78.75,11.25,4.0,19.6875,20,11933.75,11943.75,11899.75,-6.75,-28.0,-1.6875,-7.0
2020-10-20,2020,11707.0,11631.75,11669.375,75.25,18.875,3.75,20.066666666666666,21,11667.375,11691.75,11650.5,-15.25,-18.75,-4.066666666666666,-5.0
2020-10-21,2020,11779.25,11655.25,11717.25,124.0,13.0,6.25,19.84,20,11752.125,11767.75,11699.0,-11.5,-43.75,-1.84,-7.0
2020-10-22,2020,11724.0,11665.0,11694.5,59.0,12.25,3.0,19.666666666666668,20,11684.5,11710.0,11677.0,-14.0,-12.0,-4.666666666666667,-4.0
2020-10-23,2020,11679.0,11590.25,11634.625,88.75,13.125,4.5,19.72222222222222,20,11619.5,11630.75,11599.25,-48.25,-9.0,-10.722222222222221,-2.0
2020-10-26,2020,11679.0,11566.5,11622.75,112.5,14.125,5.75,19.565217391304348,20,11644.125,11670.0,11606.75,-9.0,-40.25,-1.565217391304348,-7.0
2020-10-27,2020,11578.0,11498.25,11538.125,79.75,16.75,4.0,19.9375,20,11544.25,11562.25,11526.25,-15.75,-28.0,-3.9375,-7.0
2020-10-28,2020,11423.0,11266.25,11344.625,156.75,18.125,7.75,20.225806451612904,21,11347.625,11423.0,11328.25,0.0,-62.0,0.0,-8.0
2020-10-29,2020,11272.0,11170.5,11221.25,101.5,20.25,5.0,20.3,21,11223.0,11235.5,11180.5,-36.5,-10.0,-7.3,-2.0
2020-10-30,2020,11281.25,11131.75,11206.5,149.5,19.375,7.5,19.933333333333334,20,11150.5,11244.25,11131.75,-37.0,0.0,-4.933333333333334,0.0
2020-11-02,2020,11212.0,11108.5,11160.25,103.5,17.0,5.25,19.714285714285715,20,11158.375,11192.5,11134.75,-19.5,-26.25,-3.7142857142857144,-5.0
2020-11-03,2020,11200.75,11101.25,11151.0,99.5,13.0,5.0,19.9,20,11188.75,11200.75,11126.25,0.0,-25.0,0.0,-5.0
2020-11-04,2020,11670.75,11557.0,11613.875,113.75,24.75,5.75,19.782608695652176,20,11594.375,11631.75,11568.5,-39.0,-11.5,-6.782608695652174,-2.0
2020-11-05,2020,12087.5,11972.75,12030.125,114.75,16.625,5.75,19.956521739130434,20,12050.375,12064.75,11990.0,-22.75,-17.25,-3.9565217391304346,-3.0
2020-11-06,2020,12049.25,11883.25,11966.25,166.0,20.5,8.25,20.12121212121212,21,11920.375,11974.0,11883.25,-75.25,0.0,-9.121212121212121,0.0
2020-11-09,2020,12212.0,12042.0,12127.0,170.0,34.25,8.5,20.0,20,12122.75,12178.0,12067.5,-34.0,-25.5,-4.0,-3.0
2020-11-10,2020,11749.5,11612.5,11681.0,137.0,24.0,6.75,20.296296296296298,21,11656.375,11700.25,11626.0,-49.25,-13.5,-7.296296296296297,-2.0
2020-11-11,2020,11828.25,11703.0,11765.625,125.25,17.5,6.25,20.04,21,11806.125,11821.75,11753.0,-6.5,-50.0,-1.04,-8.0
2020-11-12,2020,11964.25,11880.0,11922.125,84.25,16.0,4.25,19.823529411764707,20,11911.875,11939.5,11892.75,-24.75,-12.75,-5.823529411764706,-3.0
2020-11-13,2020,11923.75,11870.75,11897.25,53.0,13.375,2.75,19.272727272727273,20,11907.875,11914.75,11884.5,-9.0,-13.75,-3.272727272727273,-5.0
2020-11-16,2020,11989.0,11887.75,11938.375,101.25,15.25,5.0,20.25,21,11975.25,11987.75,11922.75,-1.25,-35.0,-0.25,-7.0
2020-11-17,2020,12041.75,11961.5,12001.625,80.25,13.0,4.0,20.0625,21,11991.5,12025.5,11973.5,-16.25,-12.0,-4.0625,-3.0
2020-11-18,2020,11988.5,11913.5,11951.0,75.0,10.75,3.75,20.0,20,11979.125,11988.5,11947.25,0.0,-33.75,0.0,-9.0
2020-11-19,2020,11924.0,11841.75,11882.875,82.25,14.0,4.0,20.5625,21,11875.75,11893.75,11849.75,-30.25,-8.0,-7.5625,-2.0
2020-11-20,2020,11984.25,11946.0,11965.125,38.25,9.75,2.0,19.125,20,11969.0,11978.0,11960.0,-6.25,-14.0,-3.125,-7.0
2020-11-23,2020,12001.75,11945.5,11973.625,56.25,8.125,2.75,20.454545454545453,21,11968.875,11992.25,11962.0,-9.5,-16.5,-3.4545454545454546,-6.0
2020-11-24,2020,11956.25,11872.75,11914.5,83.5,10.75,4.25,19.647058823529413,20,11900.375,11919.5,11872.75,-36.75,0.0,-8.647058823529411,0.0
2020-11-25,2020,12145.25,12099.25,12122.25,46.0,10.75,2.25,20.444444444444443,21,12127.375,12137.5,12112.75,-7.75,-13.5,-3.4444444444444446,-6.0
2020-11-30,2020,12300.0,12223.5,12261.75,76.5,13.625,3.75,20.4,21,12259.125,12276.0,12227.25,-24.0,-3.75,-6.4,-1.0
2020-12-01,2020,12395.25,12334.25,12364.75,61.0,11.375,3.0,20.333333333333332,21,12374.75,12388.25,12355.25,-7.0,-21.0,-2.3333333333333335,-7.0
2020-12-02,2020,12397.75,12312.5,12355.125,85.25,12.5,4.25,20.058823529411764,21,12352.875,12372.0,12325.25,-25.75,-12.75,-6.0588235294117645,-3.0
2020-12-03,2020,12504.0,12463.5,12483.75,40.5,9.0,2.0,20.25,21,12488.5,12497.5,12479.5,-6.5,-16.0,-3.25,-8.0
2020-12-04,2020,12509.25,12448.5,12478.875,60.75,8.0,3.0,20.25,21,12498.0,12505.5,12460.5,-3.75,-12.0,-1.25,-4.0
2020-12-07,2020,12588.75,12525.75,12557.25,63.0,9.625,3.25,19.384615384615383,20,12572.875,12587.5,12551.75,-1.25,-26.0,-0.38461538461538464,-8.0
2020-12-08,2020,12587.25,12524.0,12555.625,63.25,10.125,3.25,19.46153846153846,20,12551.625,12566.25,12530.5,-21.0,-6.5,-6.461538461538462,-2.0
2020-12-09,2020,12641.5,12587.75,12614.625,53.75,7.75,2.75,19.545454545454547,20,12602.875,12626.25,12590.5,-15.25,-2.75,-5.545454545454546,-1.0
2020-12-10,2020,12385.0,12218.25,12301.625,166.75,15.875,8.25,20.21212121212121,21,12321.375,12375.0,12251.25,-10.0,-33.0,-1.2121212121212122,-4.0
2020-12-11,2020,12355.5,12274.75,12315.125,80.75,18.25,4.0,20.1875,21,12316.75,12334.75,12290.75,-20.75,-16.0,-5.1875,-4.0
2020-12-14,2020,12518.0,12419.25,12468.625,98.75,9.5,5.0,19.75,20,12486.75,12518.0,12464.25,0.0,-45.0,0.0,-9.0
2020-12-15,2020,12585.0,12542.0,12563.5,43.0,13.375,2.25,19.11111111111111,20,12567.875,12573.5,12553.25,-11.5,-11.25,-5.111111111111111,-5.0
2020-12-16,2020,12625.25,12572.0,12598.625,53.25,10.125,2.75,19.363636363636363,20,12606.375,12613.25,12583.0,-12.0,-11.0,-4.363636363636363,-4.0
2020-12-17,2020,12762.5,12728.25,12745.375,34.25,9.125,1.75,19.571428571428573,20,12748.375,12756.25,12737.0,-6.25,-8.75,-3.5714285714285716,-5.0
2020-12-18,2020,12787.75,12714.0,12750.875,73.75,9.875,3.75,19.666666666666668,20,12753.375,12762.75,12721.5,-25.0,-7.5,-6.666666666666667,-2.0
2020-12-21,2020,12648.75,12565.0,12606.875,83.75,14.5,4.25,19.705882352941178,20,12618.125,12637.25,12582.0,-11.5,-17.0,-2.7058823529411766,-4.0
2020-12-22,2020,12754.25,12678.5,12716.375,75.75,9.375,3.75,20.2,21,12702.875,12727.25,12686.0,-27.0,-7.5,-7.2,-2.0
2020-12-23,2020,12723.5,12649.25,12686.375,74.25,12.0,3.75,19.8,20,12684.875,12701.75,12668.0,-21.75,-18.75,-5.8,-5.0
2020-12-28,2020,12820.0,12782.75,12801.375,37.25,8.875,1.75,21.285714285714285,22,12799.375,12810.75,12791.5,-9.25,-8.75,-5.285714285714286,-5.0
2020-12-29,2020,12918.25,12848.25,12883.25,70.0,10.125,3.5,20.0,20,12902.5,12918.25,12886.75,0.0,-38.5,0.0,-11.0
2020-12-30,2020,12909.75,12849.75,12879.75,60.0,9.75,3.0,20.0,20,12869.25,12876.75,12849.75,-33.0,0.0,-11.0,0.0
2020-12-31,2020,12857.5,12822.5,12840.0,35.0,9.625,1.75,20.0,20,12837.375,12845.25,12826.0,-12.25,-3.5,-7.0,-2.0
2021-01-04,2021,12941.25,12858.25,12899.75,83.0,11.375,4.25,19.529411764705884,20,12881.625,12909.25,12871.0,-32.0,-12.75,-7.529411764705882,-3.0
2021-01-05,2021,12768.75,12650.25,12709.5,118.5,11.875,6.0,19.75,20,12743.25,12768.75,12692.25,0.0,-42.0,0.0,-7.0
2021-01-06,2021,12668.0,12551.25,12609.625,116.75,14.625,5.75,20.304347826086957,21,12611.625,12637.5,12551.25,-30.5,0.0,-5.304347826086956,0.0
2021-01-07,2021,12839.75,12726.0,12782.875,113.75,12.375,5.75,19.782608695652176,20,12792.125,12818.0,12766.25,-21.75,-40.25,-3.782608695652174,-7.0
2021-01-08,2021,13052.0,12985.75,13018.875,66.25,16.25,3.25,20.384615384615383,21,13016.625,13037.75,13002.0,-14.25,-16.25,-4.384615384615385,-5.0
2021-01-11,2021,12974.75,12892.25,12933.5,82.5,20.0,4.25,19.41176470588235,20,12915.625,12951.75,12905.0,-23.0,-12.75,-5.411764705882353,-3.0
2021-01-12,2021,12948.0,12843.0,12895.5,105.0,12.125,5.25,20.0,20,12924.375,12948.0,12879.75,0.0,-36.75,0.0,-7.0
2021-01-13,2021,12945.5,12864.5,12905.0,81.0,12.75,4.0,20.25,21,12898.5,12940.5,12888.5,-5.0,-24.0,-1.25,-6.0
2021-01-14,2021,13015.0,12968.75,12991.875,46.25,11.5,2.25,20.555555555555557,21,12994.625,13000.25,12980.0,-14.75,-11.25,-6.555555555555555,-5.0
2021-01-15,2021,12931.25,12879.5,12905.375,51.75,12.0,2.5,20.7,21,12913.25,12924.5,12902.0,-6.75,-22.5,-2.7,-9.0
2021-01-19,2021,12930.25,12860.5,12895.375,69.75,14.125,3.5,19.928571428571427,20,12907.75,12923.5,12878.0,-6.75,-17.5,-1.9285714285714286,-5.0
2021-01-20,2021,13195.0,13121.0,13158.0,74.0,13.0,3.75,19.733333333333334,20,13171.625,13195.0,13154.75,0.0,-33.75,0.0,-9.0
2021-01-21,2021,13343.75,13283.25,13313.5,60.5,15.0,3.0,20.166666666666668,21,13317.75,13331.25,13298.25,-12.5,-15.0,-4.166666666666667,-5.0
2021-01-22,2021,13390.0,13327.75,13358.875,62.25,10.75,3.0,20.75,21,13350.25,13375.75,13330.75,-14.25,-3.0,-4.75,-1.0
2021-01-25,2021,13554.5,13496.0,13525.25,58.5,10.375,3.0,19.5,20,13545.5,13553.0,13520.0,-1.5,-24.0,-0.5,-8.0
2021-01-26,2021,13509.25,13426.75,13468.0,82.5,13.25,4.25,19.41176470588235,20,13471.375,13490.5,13435.25,-18.75,-8.5,-4.411764705882353,-2.0
2021-01-27,2021,13389.5,13171.25,13280.375,218.25,29.875,11.0,19.84090909090909,20,13242.75,13292.25,13193.25,-97.25,-22.0,-8.840909090909092,-2.0
2021-01-28,2021,13248.75,13128.25,13188.5,120.5,20.375,6.0,20.083333333333332,21,13191.25,13218.25,13152.25,-30.5,-24.0,-5.083333333333333,-4.0
2021-01-29,2021,13135.25,12998.0,13066.625,137.25,23.5,6.75,20.333333333333332,21,13055.375,13099.25,13011.5,-36.0,-13.5,-5.333333333333333,-2.0
2021-02-01,2021,13104.0,12970.25,13037.125,133.75,19.75,6.75,19.814814814814813,20,13074.875,13104.0,13004.0,0.0,-33.75,0.0,-5.0
2021-02-02,2021,13423.25,13345.0,13384.125,78.25,12.0,4.0,19.5625,20,13395.0,13405.0,13369.0,-18.25,-24.0,-4.5625,-6.0
2021-02-03,2021,13547.75,13461.5,13504.625,86.25,17.25,4.25,20.294117647058822,21,13489.125,13508.25,13470.0,-39.5,-8.5,-9.294117647058824,-2.0
2021-02-04,2021,13480.25,13412.25,13446.25,68.0,16.625,3.5,19.428571428571427,20,13431.5,13447.25,13415.75,-33.0,-3.5,-9.428571428571429,-1.0
2021-02-05,2021,13593.25,13535.25,13564.25,58.0,10.375,3.0,19.333333333333332,20,13569.75,13577.25,13544.25,-16.0,-9.0,-5.333333333333333,-3.0
2021-02-08,2021,13673.75,13632.75,13653.25,41.0,10.125,2.0,20.5,21,13647.75,13668.75,13646.75,-5.0,-14.0,-2.5,-7.0
2021-02-09,2021,13708.25,13645.25,13676.75,63.0,8.75,3.25,19.384615384615383,20,13682.625,13690.75,13655.0,-17.5,-9.75,-5.384615384615385,-3.0
2021-02-10,2021,13762.0,13714.25,13738.125,47.75,10.0,2.5,19.1,20,13730.5,13736.75,13719.25,-25.25,-5.0,-10.1,-2.0
2021-02-11,2021,13738.75,13682.0,13710.375,56.75,13.5,2.75,20.636363636363637,21,13730.125,13737.0,13701.25,-1.75,-19.25,-0.6363636363636364,-7.0
2021-02-12,2021,13705.5,13646.0,13675.75,59.5,11.125,3.0,19.833333333333332,20,13695.5,13703.0,13670.0,-2.5,-24.0,-0.8333333333333334,-8.0
2021-02-16,2021,13868.5,13811.5,13840.0,57.0,11.375,2.75,20.727272727272727,21,13854.125,13861.0,13825.25,-7.5,-13.75,-2.727272727272727,-5.0
2021-02-17,2021,13692.5,13610.75,13651.625,81.75,16.0,4.0,20.4375,21,13652.75,13678.75,13626.75,-13.75,-16.0,-3.4375,-4.0
2021-02-18,2021,13583.5,13522.5,13553.0,61.0,14.25,3.0,20.333333333333332,21,13563.0,13570.5,13537.5,-13.0,-15.0,-4.333333333333333,-5.0
2021-02-19,2021,13700.5,13641.0,13670.75,59.5,13.125,3.0,19.833333333333332,20,13666.5,13680.0,13653.0,-20.5,-12.0,-6.833333333333333,-4.0
2021-02-22,2021,13439.0,13358.5,13398.75,80.5,16.875,4.0,20.125,21,13424.5,13426.5,13382.5,-12.5,-24.0,-3.125,-6.0
2021-02-23,2021,13016.25,12757.25,12886.75,259.0,27.875,13.0,19.923076923076923,20,12854.75,12939.25,12770.25,-77.0,-13.0,-5.923076923076923,-1.0
2021-02-24,2021,13121.25,13002.0,13061.625,119.25,30.0,6.0,19.875,20,13041.0,13092.0,13026.0,-29.25,-24.0,-4.875,-4.0
2021-02-25,2021,13290.0,13178.0,13234.0,112.0,18.5,5.5,20.363636363636363,21,13246.75,13271.5,13222.0,-18.5,-44.0,-3.3636363636363638,-8.0
2021-02-26,2021,13032.0,12858.75,12945.375,173.25,25.5,8.75,19.8,20,12968.125,13025.0,12911.25,-7.0,-52.5,-0.8,-6.0
2021-03-01,2021,13115.5,13040.5,13078.0,75.0,19.875,3.75,20.0,20,13091.125,13100.5,13059.25,-15.0,-18.75,-4.0,-5.0
2021-03-02,2021,13303.0,13179.25,13241.125,123.75,17.25,6.25,19.8,20,13219.875,13248.0,13179.25,-55.0,0.0,-8.8,0.0
2021-03-03,2021,13052.0,12892.75,12972.375,159.25,22.5,8.0,19.90625,20,12976.75,13012.75,12924.75,-39.25,-32.0,-4.90625,-4.0
2021-03-04,2021,12765.0,12568.25,12666.625,196.75,24.625,9.75,20.17948717948718,21,12738.875,12763.25,12617.0,-1.75,-48.75,-0.1794871794871795,-5.0
2021-03-05,2021,12606.0,12358.5,12482.25,247.5,30.75,12.5,19.8,20,12489.75,12521.0,12383.5,-85.0,-25.0,-6.8,-2.0
2021-03-08,2021,12698.75,12526.75,12612.75,172.0,30.625,8.5,20.235294117647058,21,12590.5,12645.75,12535.25,-53.0,-8.5,-6.235294117647059,-1.0
2021-03-09,2021,12716.75,12587.0,12651.875,129.75,19.375,6.5,19.96153846153846,20,12629.25,12658.5,12587.0,-58.25,0.0,-8.961538461538462,0.0
2021-03-10,2021,12979.5,12870.5,12925.0,109.0,24.125,5.5,19.818181818181817,20,12939.25,12975.0,12903.5,-4.5,-33.0,-0.8181818181818182,-6.0
2021-03-11,2021,13007.0,12931.25,12969.125,75.75,18.5,3.75,20.2,21,12951.875,12983.75,12935.0,-23.25,-3.75,-6.2,-1.0
2021-03-12,2021,12894.75,12798.0,12846.375,96.75,20.0,4.75,20.36842105263158,21,12847.875,12888.25,12826.5,-6.5,-28.5,-1.368421052631579,-6.0
2021-03-15,2021,12982.75,12897.0,12939.875,85.75,16.75,4.25,20.176470588235293,21,12924.625,12952.25,12905.5,-30.5,-8.5,-7.176470588235294,-2.0
2021-03-16,2021,13229.5,13132.25,13180.875,97.25,11.875,4.75,20.473684210526315,21,13177.375,13217.75,13165.5,-11.75,-33.25,-2.473684210526316,-7.0
2021-03-17,2021,13043.25,12934.25,12988.75,109.0,16.125,5.5,19.818181818181817,20,13014.0,13027.75,12967.25,-15.5,-33.0,-2.8181818181818183,-6.0
2021-03-18,2021,13022.25,12933.25,12977.75,89.0,19.5,4.5,19.77777777777778,20,12989.5,13009.75,12951.25,-12.5,-18.0,-2.7777777777777777,-4.0
2021-03-19,2021,12837.5,12724.75,12781.125,112.75,23.375,5.75,19.608695652173914,20,12744.875,12816.75,12742.0,-20.75,-17.25,-3.608695652173913,-3.0
2021-03-22,2021,13021.0,12927.75,12974.375,93.25,12.25,4.75,19.63157894736842,20,12968.125,12989.5,12946.75,-31.5,-19.0,-6.631578947368421,-4.0
2021-03-23,2021,13119.25,13050.5,13084.875,68.75,16.25,3.5,19.642857142857142,20,13073.25,13103.0,13064.5,-16.25,-14.0,-4.642857142857143,-4.0
2021-03-24,2021,13072.25,12946.25,13009.25,126.0,13.875,6.25,20.16,21,12961.875,13027.5,12946.25,-44.75,0.0,-7.16,0.0
2021-03-25,2021,12803.25,12688.75,12746.0,114.5,21.25,5.75,19.91304347826087,20,12783.625,12798.0,12723.25,-5.25,-34.5,-0.9130434782608695,-6.0
2021-03-26,2021,12829.75,12753.75,12791.75,76.0,13.125,3.75,20.266666666666666,21,12819.375,12821.25,12780.0,-8.5,-26.25,-2.2666666666666666,-7.0
2021-03-29,2021,12978.0,12852.25,12915.125,125.75,18.875,6.25,20.12,21,12930.375,12971.0,12902.25,-7.0,-50.0,-1.12,-8.0
2021-03-30,2021,12888.25,12805.25,12846.75,83.0,16.0,4.25,19.529411764705884,20,12832.875,12852.0,12813.75,-36.25,-8.5,-8.529411764705882,-2.0
2021-03-31,2021,13056.25,12953.0,13004.625,103.25,12.0,5.25,19.666666666666668,20,13039.625,13052.75,12984.5,-3.5,-31.5,-0.6666666666666666,-6.0
2021-04-01,2021,13302.0,13241.75,13271.875,60.25,9.375,3.0,20.083333333333332,21,13285.25,13298.75,13265.75,-3.25,-24.0,-1.0833333333333333,-8.0
2021-04-05,2021,13485.5,13409.25,13447.375,76.25,9.5,3.75,20.333333333333332,21,13433.625,13473.0,13409.25,-12.5,0.0,-3.3333333333333335,0.0
2021-04-06,2021,13597.75,13538.75,13568.25,59.0,12.0,3.0,19.666666666666668,20,13567.25,13586.75,13553.75,-11.0,-15.0,-3.6666666666666665,-5.0
2021-04-07,2021,13584.5,13512.5,13548.5,72.0,8.75,3.5,20.571428571428573,21,13528.25,13572.0,13519.5,-12.5,-7.0,-3.5714285714285716,-2.0
2021-04-08,2021,13753.75,13704.25,13729.0,49.5,10.625,2.5,19.8,20,13730.5,13741.75,13719.25,-12.0,-15.0,-4.8,-6.0
2021-04-09,2021,13728.0,13658.25,13693.125,69.75,9.875,3.5,19.928571428571427,20,13684.5,13707.25,13668.75,-20.75,-10.5,-5.928571428571429,-3.0
2021-04-12,2021,13809.5,13742.5,13776.0,67.0,11.625,3.25,20.615384615384617,21,13789.625,13804.25,13762.0,-5.25,-19.5,-1.6153846153846154,-6.0
2021-04-13,2021,13947.5,13866.75,13907.125,80.75,10.375,4.0,20.1875,21,13928.75,13946.75,13902.75,-0.75,-36.0,-0.1875,-9.0
2021-04-14,2021,13988.5,13943.25,13965.875,45.25,11.125,2.25,20.11111111111111,21,13962.375,13972.5,13952.25,-16.0,-9.0,-7.111111111111111,-4.0
2021-04-15,2021,13977.75,13923.0,13950.375,54.75,10.75,2.75,19.90909090909091,20,13962.875,13975.25,13950.5,-2.5,-27.5,-0.9090909090909091,-10.0
2021-04-16,2021,14038.75,13953.75,13996.25,85.0,12.5,4.25,20.0,20,13985.625,13996.25,13966.5,-42.5,-12.75,-10.0,-3.0
2021-04-19,2021,14013.25,13951.0,13982.125,62.25,9.75,3.0,20.75,21,13997.5,14011.0,13984.0,-2.25,-33.0,-0.75,-11.0
2021-04-20,2021,13929.75,13852.0,13890.875,77.75,13.75,4.0,19.4375,20,13910.0,13920.0,13876.0,-9.75,-24.0,-2.4375,-6.0
2021-04-21,2021,13805.0,13700.5,13752.75,104.5,14.75,5.25,19.904761904761905,20,13739.875,13784.5,13716.25,-20.5,-15.75,-3.9047619047619047,-3.0
2021-04-22,2021,13912.0,13855.5,13883.75,56.5,10.625,2.75,20.545454545454547,21,13873.375,13896.75,13866.5,-15.25,-11.0,-5.545454545454546,-4.0
2021-04-23,2021,13834.5,13776.0,13805.25,58.5,9.625,3.0,19.5,20,13807.5,13827.0,13794.0,-7.5,-18.0,-2.5,-6.0
2021-04-26,2021,13951.0,13902.25,13926.625,48.75,9.75,2.5,19.5,20,13931.0,13942.25,13919.75,-8.75,-17.5,-3.5,-7.0
2021-04-27,2021,14034.75,13947.5,13991.125,87.25,10.0,4.25,20.529411764705884,21,14017.625,14028.25,13964.5,-6.5,-17.0,-1.5294117647058822,-4.0
2021-04-28,2021,13973.5,13885.5,13929.5,88.0,8.5,4.5,19.555555555555557,20,13910.25,13948.5,13899.0,-25.0,-13.5,-5.555555555555555,-3.0
2021-04-29,2021,14060.75,13949.5,14005.125,111.25,12.0,5.5,20.227272727272727,21,14023.75,14037.5,13977.0,-23.25,-27.5,-4.2272727272727275,-5.0
2021-04-30,2021,13908.5,13840.5,13874.5,68.0,13.25,3.5,19.428571428571427,20,13877.25,13893.0,13861.5,-15.5,-21.0,-4.428571428571429,-6.0
2021-05-03,2021,13916.25,13851.0,13883.625,65.25,11.375,3.25,20.076923076923077,21,13865.625,13893.25,13857.5,-23.0,-6.5,-7.076923076923077,-2.0
2021-05-04,2021,13696.5,13535.25,13615.875,161.25,16.125,8.0,20.15625,21,13587.25,13655.25,13567.25,-41.25,-32.0,-5.15625,-4.0
2021-05-05,2021,13665.5,13590.0,13627.75,75.5,15.75,3.75,20.133333333333333,21,13621.875,13646.25,13605.0,-19.25,-15.0,-5.133333333333334,-4.0
2021-05-06,2021,13509.0,13424.5,13466.75,84.5,16.875,4.25,19.88235294117647,20,13477.625,13488.25,13433.0,-20.75,-8.5,-4.882352941176471,-2.0
2021-05-07,2021,13754.5,13661.5,13708.0,93.0,23.5,4.75,19.57894736842105,20,13720.875,13732.75,13680.5,-21.75,-19.0,-4.578947368421052,-4.0
2021-05-10,2021,13657.75,13513.25,13585.5,144.5,14.5,7.25,19.93103448275862,20,13553.125,13585.75,13520.5,-72.0,-7.25,-9.931034482758621,-1.0
2021-05-11,2021,13271.75,13084.75,13178.25,187.0,20.0,9.25,20.216216216216218,21,13209.625,13232.75,13112.5,-39.0,-27.75,-4.216216216216216,-3.0
2021-05-12,2021,13231.5,13121.25,13176.375,110.25,22.5,5.5,20.045454545454547,21,13179.0,13203.75,13154.25,-27.75,-33.0,-5.045454545454546,-6.0
2021-05-13,2021,13168.25,13086.75,13127.5,81.5,15.875,4.0,20.375,21,13156.75,13166.75,13114.75,-1.5,-28.0,-0.375,-7.0
2021-05-14,2021,13268.5,13208.75,13238.625,59.75,15.375,3.0,19.916666666666668,20,13243.25,13256.75,13223.75,-11.75,-15.0,-3.9166666666666665,-5.0
2021-05-17,2021,13343.0,13263.25,13303.125,79.75,14.875,4.0,19.9375,20,13297.25,13331.25,13287.25,-11.75,-24.0,-2.9375,-6.0
2021-05-18,2021,13362.0,13300.0,13331.0,62.0,15.25,3.0,20.666666666666668,21,13331.5,13345.0,13312.0,-17.0,-12.0,-5.666666666666667,-4.0
2021-05-19,2021,13077.5,12969.5,13023.5,108.0,22.125,5.5,19.636363636363637,20,13049.25,13074.0,13013.5,-3.5,-44.0,-0.6363636363636364,-8.0
2021-05-20,2021,13398.75,13281.25,13340.0,117.5,12.125,6.0,19.583333333333332,20,13386.25,13398.75,13335.25,0.0,-54.0,0.0,-9.0
2021-05-21,2021,13570.0,13484.5,13527.25,85.5,13.125,4.25,20.11764705882353,21,13512.125,13539.75,13493.0,-30.25,-8.5,-7.117647058823529,-2.0
2021-05-24,2021,13583.25,13493.5,13538.375,89.75,10.5,4.5,19.944444444444443,20,13572.25,13583.25,13534.0,0.0,-40.5,0.0,-9.0
2021-05-25,2021,13732.5,13651.0,13691.75,81.5,12.625,4.0,20.375,21,13693.0,13703.0,13659.0,-29.5,-8.0,-7.375,-2.0
2021-05-26,2021,13708.75,13662.0,13685.375,46.75,11.125,2.25,20.77777777777778,21,13672.125,13695.75,13671.0,-13.0,-9.0,-5.777777777777778,-4.0
2021-05-27,2021,13695.25,13644.0,13669.625,51.25,10.5,2.5,20.5,21,13665.25,13676.5,13654.0,-18.75,-10.0,-7.5,-4.0
2021-05-28,2021,13739.75,13695.75,13717.75,44.0,8.625,2.25,19.555555555555557,20,13712.625,13727.25,13702.5,-12.5,-6.75,-5.555555555555555,-3.0
2021-06-01,2021,13773.0,13705.5,13739.25,67.5,8.25,3.5,19.285714285714285,20,13749.25,13772.0,13733.5,-1.0,-28.0,-0.2857142857142857,-8.0
2021-06-02,2021,13708.5,13651.75,13680.125,56.75,9.5,2.75,20.636363636363637,21,13683.375,13706.75,13671.0,-1.75,-19.25,-0.6363636363636364,-7.0
2021-06-03,2021,13569.75,13462.25,13516.0,107.5,13.375,5.5,19.545454545454547,20,13498.0,13544.75,13462.25,-25.0,0.0,-4.545454545454546,0.0
2021-06-04,2021,13704.75,13605.5,13655.125,99.25,8.5,5.0,19.85,20,13693.0,13704.75,13650.5,0.0,-45.0,0.0,-9.0
2021-06-07,2021,13764.5,13720.75,13742.625,43.75,12.25,2.25,19.444444444444443,20,13744.375,13754.5,13734.25,-10.0,-13.5,-4.444444444444445,-6.0
2021-06-08,2021,13917.25,13831.5,13874.375,85.75,11.25,4.25,20.176470588235293,21,13871.875,13916.5,13861.25,-0.75,-29.75,-0.17647058823529413,-7.0
2021-06-09,2021,13904.25,13843.25,13873.75,61.0,11.75,3.0,20.333333333333332,21,13874.75,13894.25,13861.25,-10.0,-18.0,-3.3333333333333335,-6.0
2021-06-10,2021,13964.75,13811.25,13888.0,153.5,10.125,7.75,19.806451612903224,20,13939.125,13958.5,13873.25,-6.25,-62.0,-0.8064516129032258,-8.0
2021-06-11,2021,13985.5,13941.25,13963.375,44.25,9.75,2.25,19.666666666666668,20,13962.625,13972.75,13948.0,-12.75,-6.75,-5.666666666666667,-3.0
2021-06-14,2021,14044.5,13965.25,14004.875,79.25,9.0,4.0,19.8125,20,13979.25,14021.25,13969.25,-23.25,-4.0,-5.8125,-1.0
2021-06-15,2021,14122.5,14063.75,14093.125,58.75,9.75,3.0,19.583333333333332,20,14113.25,14114.75,14075.75,-7.75,-12.0,-2.5833333333333335,-4.0
2021-06-16,2021,14087.5,14042.5,14065.0,45.0,8.375,2.25,20.0,20,14063.875,14078.5,14053.75,-9.0,-11.25,-4.0,-5.0
2021-06-17,2021,14033.5,13932.0,13982.75,101.5,10.5,5.0,20.3,21,13999.5,14032.0,13977.0,-1.5,-45.0,-0.3,-9.0
2021-06-18,2021,14131.5,14044.5,14088.0,87.0,21.0,4.25,20.470588235294116,21,14110.375,14121.0,14074.25,-10.5,-29.75,-2.4705882352941178,-7.0
2021-06-21,2021,14072.25,13958.5,14015.375,113.75,17.25,5.75,19.782608695652176,20,13995.875,14021.75,13958.5,-50.5,0.0,-8.782608695652174,0.0
2021-06-22,2021,14176.75,14107.5,14142.125,69.25,13.625,3.5,19.785714285714285,20,14140.75,14163.5,14125.0,-13.25,-17.5,-3.7857142857142856,-5.0
2021-06-23,2021,14311.75,14254.0,14282.875,57.75,9.75,3.0,19.25,20,14288.5,14302.0,14275.0,-9.75,-21.0,-3.25,-7.0
2021-06-24,2021,14386.25,14344.0,14365.125,42.25,8.125,2.0,21.125,22,14375.0,14384.0,14362.0,-2.25,-18.0,-1.125,-9.0
2021-06-25,2021,14390.5,14329.25,14359.875,61.25,9.875,3.0,20.416666666666668,21,14378.75,14386.25,14359.25,-4.25,-30.0,-1.4166666666666667,-10.0
2021-06-28,2021,14458.5,14390.75,14424.625,67.75,10.375,3.5,19.357142857142858,20,14445.0,14453.75,14429.25,-4.75,-38.5,-1.3571428571428572,-11.0
2021-06-29,2021,14529.5,14470.5,14500.0,59.0,8.875,3.0,19.666666666666668,20,14517.0,14524.5,14491.5,-5.0,-21.0,-1.6666666666666667,-7.0
2021-06-30,2021,14572.5,14519.75,14546.125,52.75,11.875,2.75,19.181818181818183,20,14551.375,14563.75,14539.0,-8.75,-19.25,-3.1818181818181817,-7.0
2021-07-01,2021,14570.0,14515.25,14542.625,54.75,9.5,2.75,19.90909090909091,20,14552.375,14564.75,14540.0,-5.25,-24.75,-1.9090909090909092,-9.0
2021-07-02,2021,14665.25,14619.25,14642.25,46.0,8.125,2.25,20.444444444444443,21,14654.125,14664.25,14639.5,-1.0,-20.25,-0.4444444444444444,-9.0
2021-07-06,2021,14773.75,14738.0,14755.875,35.75,7.875,1.75,20.428571428571427,21,14763.375,14767.75,14748.5,-6.0,-10.5,-3.4285714285714284,-6.0
2021-07-07,2021,14883.75,14817.5,14850.625,66.25,11.375,3.25,20.384615384615383,21,14835.375,14850.0,14820.75,-33.75,-3.25,-10.384615384615385,-1.0
2021-07-08,2021,14641.5,14540.5,14591.0,101.0,18.625,5.0,20.2,21,14613.0,14625.5,14570.5,-16.0,-30.0,-3.2,-6.0
2021-07-09,2021,14725.0,14668.0,14696.5,57.0,13.5,2.75,20.727272727272727,21,14702.375,14714.75,14684.5,-10.25,-16.5,-3.727272727272727,-6.0
2021-07-12,2021,14888.5,14815.0,14851.75,73.5,12.625,3.75,19.6,20,14831.875,14863.75,14815.0,-24.75,0.0,-6.6,0.0
2021-07-13,2021,14919.5,14842.25,14880.875,77.25,12.25,3.75,20.6,21,14862.875,14894.75,14846.0,-24.75,-3.75,-6.6,-1.0
2021-07-14,2021,14991.5,14935.0,14963.25,56.5,10.75,2.75,20.545454545454547,21,14952.875,14970.75,14940.5,-20.75,-5.5,-7.545454545454546,-2.0
2021-07-15,2021,14902.25,14795.75,14849.0,106.5,16.125,5.25,20.285714285714285,21,14861.375,14874.5,14806.25,-27.75,-10.5,-5.285714285714286,-2.0
2021-07-16,2021,14869.5,14802.75,14836.125,66.75,12.125,3.25,20.53846153846154,21,14853.125,14861.25,14819.0,-8.25,-16.25,-2.5384615384615383,-5.0
2021-07-19,2021,14573.5,14471.25,14522.375,102.25,19.75,5.0,20.45,21,14508.75,14541.25,14486.25,-32.25,-15.0,-6.45,-3.0
2021-07-20,2021,14600.75,14516.75,14558.75,84.0,15.25,4.25,19.764705882352942,20,14561.375,14572.0,14533.75,-28.75,-17.0,-6.764705882352941,-4.0
2021-07-21,2021,14757.5,14692.25,14724.875,65.25,11.0,3.25,20.076923076923077,21,14726.375,14747.5,14711.75,-10.0,-19.5,-3.076923076923077,-6.0
2021-07-22,2021,14894.75,14839.5,14867.125,55.25,10.0,2.75,20.09090909090909,21,14871.125,14883.5,14858.75,-11.25,-19.25,-4.090909090909091,-7.0
2021-07-23,2021,14994.0,14934.25,14964.125,59.75,10.625,3.0,19.916666666666668,20,14950.75,14982.25,14943.25,-11.75,-9.0,-3.9166666666666665,-3.0
2021-07-26,2021,15101.25,15040.25,15070.75,61.0,10.25,3.0,20.333333333333332,21,15086.75,15100.25,15061.25,-1.0,-21.0,-0.3333333333333333,-7.0
2021-07-27,2021,15107.0,15036.75,15071.875,70.25,10.75,3.5,20.071428571428573,21,15066.5,15089.25,15057.75,-17.75,-21.0,-5.071428571428571,-6.0
2021-07-28,2021,15022.25,14901.5,14961.875,120.75,13.625,6.0,20.125,21,14916.5,14979.5,14901.5,-42.75,0.0,-7.125,0.0
2021-07-29,2021,15079.5,14982.25,15030.875,97.25,10.625,4.75,20.473684210526315,21,15065.375,15077.25,15025.0,-2.25,-42.75,-0.47368421052631576,-9.0
2021-07-30,2021,14953.0,14866.0,14909.5,87.0,13.375,4.25,20.470588235294116,21,14897.875,14942.5,14887.25,-10.5,-21.25,-2.4705882352941178,-5.0
2021-08-02,2021,15044.5,14935.75,14990.125,108.75,12.625,5.5,19.772727272727273,20,14955.0,15012.75,14941.25,-31.75,-5.5,-5.7727272727272725,-1.0
2021-08-03,2021,15008.75,14903.25,14956.0,105.5,14.25,5.25,20.095238095238095,21,14968.875,15003.0,14945.25,-5.75,-42.0,-1.0952380952380953,-8.0
2021-08-04,2021,15069.5,15018.5,15044.0,51.0,13.25,2.5,20.4,21,15052.25,15058.5,15036.0,-11.0,-17.5,-4.4,-7.0
2021-08-05,2021,15128.75,15073.0,15100.875,55.75,9.625,2.75,20.272727272727273,21,15099.125,15122.5,15092.25,-6.25,-19.25,-2.272727272727273,-7.0
2021-08-06,2021,15150.0,15099.0,15124.5,51.0,10.125,2.5,20.4,21,15115.25,15131.5,15104.0,-18.5,-5.0,-7.4,-2.0
2021-08-09,2021,15138.75,15069.0,15103.875,69.75,10.0,3.5,19.928571428571427,20,15112.75,15121.5,15076.0,-17.25,-7.0,-4.928571428571429,-2.0
2021-08-10,2021,15153.75,15116.75,15135.25,37.0,8.125,1.75,21.142857142857142,22,15143.875,15148.25,15125.5,-5.5,-8.75,-3.142857142857143,-5.0
2021-08-11,2021,15119.0,15047.25,15083.125,71.75,11.375,3.5,20.5,21,15073.5,15096.25,15057.75,-22.75,-10.5,-6.5,-3.0
2021-08-12,2021,15005.5,14946.5,14976.0,59.0,9.625,3.0,19.666666666666668,20,14978.0,14991.5,14958.5,-14.0,-12.0,-4.666666666666667,-4.0
2021-08-13,2021,15108.5,15068.25,15088.375,40.25,9.625,2.0,20.125,21,15077.25,15102.25,15072.25,-6.25,-4.0,-3.125,-2.0
2021-08-16,2021,15112.25,15021.75,15067.0,90.5,11.25,4.5,20.11111111111111,21,15096.0,15112.25,15066.75,0.0,-45.0,0.0,-10.0
2021-08-17,2021,15042.25,14955.0,14998.625,87.25,16.125,4.25,20.529411764705884,21,14991.125,15027.25,14972.0,-15.0,-17.0,-3.5294117647058822,-4.0
2021-08-18,2021,15036.0,14965.0,15000.5,71.0,10.25,3.5,20.285714285714285,21,14998.25,15014.0,14982.5,-22.0,-17.5,-6.285714285714286,-5.0
2021-08-19,2021,14835.75,14763.75,14799.75,72.0,18.625,3.5,20.571428571428573,21,14807.5,14823.25,14784.75,-12.5,-21.0,-3.5714285714285716,-6.0
2021-08-20,2021,15045.5,14959.0,15002.25,86.5,13.875,4.25,20.352941176470587,21,14978.125,15022.75,14959.0,-22.75,0.0,-5.352941176470588,0.0
2021-08-23,2021,15208.5,15124.75,15166.625,83.75,8.875,4.25,19.705882352941178,20,15194.875,15205.5,15150.25,-3.0,-25.5,-0.7058823529411765,-6.0
2021-08-24,2021,15353.75,15313.0,15333.375,40.75,10.25,2.0,20.375,21,15334.0,15343.0,15325.0,-10.75,-12.0,-5.375,-6.0
2021-08-25,2021,15397.0,15360.75,15378.875,36.25,8.125,1.75,20.714285714285715,21,15375.625,15390.5,15371.25,-6.5,-10.5,-3.7142857142857144,-6.0
2021-08-26,2021,15362.25,15334.25,15348.25,28.0,7.875,1.5,18.666666666666668,19,15350.0,15356.75,15343.25,-5.5,-9.0,-3.6666666666666665,-6.0
2021-08-27,2021,15332.5,15284.25,15308.375,48.25,9.25,2.5,19.3,20,15303.0,15319.25,15296.75,-13.25,-12.5,-5.3,-5.0
2021-08-30,2021,15530.0,15455.25,15492.625,74.75,9.0,3.75,19.933333333333334,20,15509.625,15526.5,15485.25,-3.5,-30.0,-0.9333333333333333,-8.0
2021-08-31,2021,15609.25,15523.25,15566.25,86.0,14.25,4.25,20.235294117647058,21,15550.875,15561.5,15531.75,-47.75,-8.5,-11.235294117647058,-2.0
2021-09-01,2021,15699.0,15622.0,15660.5,77.0,9.5,3.75,20.533333333333335,21,15657.625,15689.5,15648.25,-9.5,-26.25,-2.533333333333333,-7.0
2021-09-02,2021,15682.0,15643.0,15662.5,39.0,7.75,2.0,19.5,20,15666.0,15675.0,15657.0,-7.0,-14.0,-3.5,-7.0
2021-09-03,2021,15643.75,15554.25,15599.0,89.5,14.0,4.5,19.88888888888889,20,15588.0,15599.25,15567.75,-44.5,-13.5,-9.88888888888889,-3.0
2021-09-07,2021,15668.75,15613.5,15641.125,55.25,10.625,2.75,20.09090909090909,21,15636.875,15660.25,15630.0,-8.5,-16.5,-3.090909090909091,-6.0
2021-09-08,2021,15667.25,15612.0,15639.625,55.25,10.0,2.75,20.09090909090909,21,15627.125,15639.5,15614.75,-27.75,-2.75,-10.090909090909092,-1.0
2021-09-09,2021,15675.75,15622.0,15648.875,53.75,7.25,2.75,19.545454545454547,20,15659.125,15671.5,15641.25,-4.25,-19.25,-1.5454545454545454,-7.0
2021-09-10,2021,15668.0,15637.25,15652.625,30.75,7.25,1.5,20.5,21,15653.0,15662.75,15649.25,-5.25,-12.0,-3.5,-8.0
2021-09-13,2021,15557.5,15428.25,15492.875,129.25,14.25,6.5,19.884615384615383,20,15451.0,15532.25,15434.75,-25.25,-6.5,-3.8846153846153846,-1.0
2021-09-14,2021,15524.25,15427.5,15475.875,96.75,11.375,4.75,20.36842105263158,21,15472.625,15522.5,15460.75,-1.75,-33.25,-0.3684210526315789,-7.0
2021-09-15,2021,15433.5,15331.25,15382.375,102.25,13.625,5.0,20.45,21,15353.75,15396.25,15341.25,-37.25,-10.0,-7.45,-2.0
2021-09-16,2021,15472.75,15387.25,15430.0,85.5,13.625,4.25,20.11764705882353,21,15423.375,15459.5,15404.25,-13.25,-17.0,-3.1176470588235294,-4.0
2021-09-17,2021,15485.0,15384.0,15434.5,101.0,13.125,5.0,20.2,21,15421.5,15454.0,15399.0,-31.0,-15.0,-6.2,-3.0
2021-09-20,2021,15151.25,15035.25,15093.25,116.0,21.375,5.75,20.17391304347826,21,15107.125,15144.5,15092.75,-6.75,-57.5,-1.173913043478261,-10.0
2021-09-21,2021,15131.75,15028.75,15080.25,103.0,16.375,5.25,19.61904761904762,20,15057.625,15102.25,15034.0,-29.5,-5.25,-5.619047619047619,-1.0
2021-09-22,2021,15077.5,15014.75,15046.125,62.75,12.875,3.25,19.307692307692307,20,15035.875,15050.5,15021.25,-27.0,-6.5,-8.307692307692308,-2.0
2021-09-23,2021,15296.75,15182.0,15239.375,114.75,13.5,5.75,19.956521739130434,20,15219.375,15279.75,15193.5,-17.0,-11.5,-2.9565217391304346,-2.0
2021-09-24,2021,15252.5,15189.75,15221.125,62.75,12.125,3.25,19.307692307692307,20,15207.625,15235.25,15199.5,-17.25,-9.75,-5.3076923076923075,-3.0
2021-09-27,2021,15214.5,15084.0,15149.25,130.5,19.0,6.5,20.076923076923077,21,15113.25,15155.5,15097.0,-59.0,-13.0,-9.076923076923077,-2.0
2021-09-28,2021,15029.0,14907.0,14968.0,122.0,17.125,6.0,20.333333333333332,21,14922.0,14985.0,14907.0,-44.0,0.0,-7.333333333333333,0.0
2021-09-29,2021,14903.25,14787.5,14845.375,115.75,17.625,5.75,20.130434782608695,21,14830.625,14868.0,14793.25,-35.25,-5.75,-6.130434782608695,-1.0
2021-09-30,2021,14878.75,14806.75,14842.75,72.0,17.625,3.5,20.571428571428573,21,14864.5,14866.25,14827.75,-12.5,-21.0,-3.5714285714285716,-6.0
2021-10-01,2021,14735.5,14606.75,14671.125,128.75,17.625,6.5,19.807692307692307,20,14642.5,14697.75,14613.25,-37.75,-6.5,-5.8076923076923075,-1.0
2021-10-04,2021,14720.0,14567.5,14643.75,152.5,17.875,7.75,19.677419354838708,20,14586.875,14668.25,14567.5,-51.75,0.0,-6.67741935483871,0.0
2021-10-05,2021,14597.5,14497.5,14547.5,100.0,18.5,5.0,20.0,20,14540.0,14572.5,14517.5,-25.0,-20.0,-5.0,-4.0
2021-10-06,2021,14638.5,14511.5,14575.0,127.0,16.25,6.25,20.32,21,14614.625,14630.25,14536.5,-8.25,-25.0,-1.32,-4.0
2021-10-07,2021,14956.0,14859.25,14907.625,96.75,15.875,4.75,20.36842105263158,21,14918.625,14949.5,14906.75,-6.5,-47.5,-1.368421052631579,-10.0
2021-10-08,2021,14943.0,14845.75,14894.375,97.25,20.875,4.75,20.473684210526315,21,14867.125,14907.5,14855.25,-35.5,-9.5,-7.473684210526316,-2.0
2021-10-11,2021,14860.75,14722.0,14791.375,138.75,12.75,7.0,19.821428571428573,20,14844.5,14860.75,14771.0,0.0,-49.0,0.0,-7.0
2021-10-12,2021,14779.0,14657.5,14718.25,121.5,20.75,6.0,20.25,21,14684.5,14759.5,14681.5,-19.5,-24.0,-3.25,-4.0
2021-10-13,2021,14778.75,14693.0,14735.875,85.75,19.0,4.25,20.176470588235293,21,14754.625,14773.75,14718.5,-5.0,-25.5,-1.1764705882352942,-6.0
2021-10-14,2021,14957.5,14890.5,14924.0,67.0,12.875,3.25,20.615384615384617,21,14944.125,14957.5,14910.0,0.0,-19.5,0.0,-6.0
2021-10-15,2021,15099.25,15049.25,15074.25,50.0,12.0,2.5,20.0,20,15070.5,15081.75,15059.25,-17.5,-10.0,-7.0,-4.0
2021-10-18,2021,15147.75,15052.0,15099.875,95.75,12.625,4.75,20.157894736842106,21,15135.125,15147.0,15075.75,-0.75,-23.75,-0.15789473684210525,-5.0
2021-10-19,2021,15357.75,15302.0,15329.875,55.75,12.75,2.75,20.272727272727273,21,15344.625,15357.0,15321.25,-0.75,-19.25,-0.2727272727272727,-7.0
2021-10-20,2021,15439.0,15397.25,15418.125,41.75,10.625,2.0,20.875,21,15416.25,15425.25,15403.25,-13.75,-6.0,-6.875,-3.0
2021-10-21,2021,15394.25,15334.0,15364.125,60.25,8.75,3.0,20.083333333333332,21,15374.5,15388.0,15349.0,-6.25,-15.0,-2.0833333333333335,-5.0
2021-10-22,2021,15458.25,15385.5,15421.875,72.75,9.75,3.75,19.4,20,15417.375,15441.75,15385.5,-16.5,0.0,-4.4,0.0
2021-10-25,2021,15434.0,15322.25,15378.125,111.75,15.5,5.5,20.318181818181817,21,15369.0,15404.75,15333.25,-29.25,-11.0,-5.318181818181818,-2.0
2021-10-26,2021,15658.5,15580.0,15619.25,78.5,13.125,4.0,19.625,20,15642.0,15652.0,15616.0,-6.5,-36.0,-1.625,-9.0
2021-10-27,2021,15645.75,15558.75,15602.25,87.0,13.625,4.25,20.470588235294116,21,15624.625,15643.75,15580.0,-2.0,-21.25,-0.47058823529411764,-5.0
2021-10-28,2021,15693.0,15635.5,15664.25,57.5,16.625,3.0,19.166666666666668,20,15667.0,15680.5,15653.5,-12.5,-18.0,-4.166666666666667,-6.0
2021-10-29,2021,15699.5,15615.75,15657.625,83.75,12.5,4.25,19.705882352941178,20,15673.125,15692.25,15645.5,-7.25,-29.75,-1.7058823529411764,-7.0
2021-11-01,2021,15868.5,15797.75,15833.125,70.75,14.125,3.5,20.214285714285715,21,15824.0,15839.75,15808.25,-28.75,-10.5,-8.214285714285714,-3.0
2021-11-02,2021,15968.25,15864.0,15916.125,104.25,12.0,5.25,19.857142857142858,20,15950.625,15963.75,15885.0,-4.5,-21.0,-0.8571428571428571,-4.0
2021-11-03,2021,15997.25,15943.25,15970.25,54.0,10.625,2.75,19.636363636363637,20,15977.625,15984.5,15959.75,-12.75,-16.5,-4.636363636363637,-6.0
2021-11-04,2021,16252.0,16157.0,16204.5,95.0,10.125,4.75,20.0,20,16168.875,16228.25,16157.0,-23.75,0.0,-5.0,0.0
2021-11-05,2021,16448.5,16374.75,16411.625,73.75,13.5,3.75,19.666666666666668,20,16417.875,16442.25,16393.5,-6.25,-18.75,-1.6666666666666667,-5.0
2021-11-08,2021,16394.0,16317.25,16355.625,76.75,15.5,3.75,20.466666666666665,21,16352.875,16369.75,16328.5,-24.25,-11.25,-6.466666666666667,-3.0
2021-11-09,2021,16391.75,16197.75,16294.75,194.0,15.875,9.75,19.897435897435898,20,16368.375,16391.75,16285.5,0.0,-87.75,0.0,-9.0
2021-11-10,2021,16179.25,16041.75,16110.5,137.5,20.0,7.0,19.642857142857142,20,16101.25,16160.75,16083.75,-18.5,-42.0,-2.642857142857143,-6.0
2021-11-11,2021,16110.5,16053.25,16081.875,57.25,12.0,2.75,20.818181818181817,21,16068.375,16097.25,16061.5,-13.25,-8.25,-4.818181818181818,-3.0
2021-11-12,2021,16078.0,16001.75,16039.875,76.25,12.375,3.75,20.333333333333332,21,16018.625,16043.0,16001.75,-35.0,0.0,-9.333333333333334,0.0
2021-11-15,2021,16254.25,16188.25,16221.25,66.0,12.5,3.25,20.307692307692307,21,16228.875,16243.5,16214.25,-10.75,-26.0,-3.3076923076923075,-8.0
2021-11-16,2021,16251.75,16149.25,16200.5,102.5,11.5,5.25,19.523809523809526,20,16235.875,16249.0,16201.75,-2.75,-52.5,-0.5238095238095238,-10.0
2021-11-17,2021,16322.5,16270.0,16296.25,52.5,10.5,2.75,19.09090909090909,20,16304.375,16316.75,16286.5,-5.75,-16.5,-2.090909090909091,-6.0
2021-11-18,2021,16421.0,16353.25,16387.125,67.75,11.125,3.5,19.357142857142858,20,16386.5,16402.25,16363.75,-18.75,-10.5,-5.357142857142857,-3.0
2021-11-19,2021,16616.0,16516.25,16566.125,99.75,12.5,5.0,19.95,20,16553.75,16586.25,16521.25,-29.75,-5.0,-5.95,-1.0
2021-11-22,2021,16737.75,16638.25,16688.0,99.5,11.75,5.0,19.9,20,16725.75,16737.75,16673.25,0.0,-35.0,0.0,-7.0
2021-11-23,2021,16418.75,16281.75,16350.25,137.0,17.125,6.75,20.296296296296298,21,16406.625,16418.75,16322.25,0.0,-40.5,0.0,-6.0
2021-11-24,2021,16208.25,16102.0,16155.125,106.25,20.375,5.25,20.238095238095237,21,16146.625,16170.25,16123.0,-38.0,-21.0,-7.238095238095238,-4.0
2021-11-29,2021,16306.25,16208.5,16257.375,97.75,19.625,5.0,19.55,20,16261.0,16273.5,16218.5,-32.75,-10.0,-6.55,-2.0
2021-11-30,2021,16418.25,16319.0,16368.625,99.25,18.375,5.0,19.85,20,16356.5,16379.0,16334.0,-39.25,-15.0,-7.85,-3.0
2021-12-01,2021,16353.75,16270.5,16312.125,83.25,16.0,4.25,19.58823529411765,20,16298.125,16325.75,16287.5,-28.0,-17.0,-6.588235294117647,-4.0
2021-12-02,2021,16004.0,15788.5,15896.25,215.5,29.0,10.75,20.046511627906977,21,15944.375,16004.0,15874.5,0.0,-86.0,0.0,-8.0
2021-12-03,2021,16090.5,15830.25,15960.375,260.25,28.875,13.0,20.01923076923077,21,15992.75,16077.25,15908.25,-13.25,-78.0,-1.0192307692307692,-6.0
2021-12-06,2021,15760.5,15559.25,15659.875,201.25,36.25,10.0,20.125,21,15664.25,15689.25,15579.25,-71.25,-20.0,-7.125,-2.0
2021-12-07,2021,16229.0,16119.0,16174.0,110.0,16.875,5.5,20.0,20,16143.75,16201.5,16130.0,-27.5,-11.0,-5.0,-2.0
2021-12-08,2021,16356.75,16251.5,16304.125,105.25,21.625,5.25,20.047619047619047,21,16296.125,16330.25,16272.5,-26.5,-21.0,-5.0476190476190474,-4.0
2021-12-09,2021,16414.25,16321.75,16368.0,92.5,15.625,4.75,19.473684210526315,20,16395.375,16407.25,16355.0,-7.0,-33.25,-1.4736842105263157,-7.0
2021-12-10,2021,16326.0,16200.25,16263.125,125.75,21.875,6.25,20.12,21,16215.875,16294.0,16200.25,-32.0,0.0,-5.12,0.0
2021-12-13,2021,16339.5,16255.0,16297.25,84.5,21.25,4.25,19.88235294117647,20,16308.125,16327.25,16280.5,-12.25,-25.5,-2.8823529411764706,-6.0
2021-12-14,2021,15998.75,15856.5,15927.625,142.25,22.125,7.0,20.321428571428573,21,15930.0,15975.5,15898.5,-23.25,-42.0,-3.3214285714285716,-6.0
2021-12-15,2021,15927.75,15824.0,15875.875,103.75,19.125,5.25,19.761904761904763,20,15842.375,15897.5,15829.25,-30.25,-5.25,-5.761904761904762,-1.0
2021-12-16,2021,16342.0,16166.75,16254.375,175.25,22.5,8.75,20.02857142857143,21,16223.625,16315.5,16219.25,-26.5,-52.5,-3.0285714285714285,-6.0
2021-12-17,2021,15843.0,15657.0,15750.0,186.0,33.625,9.25,20.10810810810811,21,15763.375,15786.5,15666.25,-56.5,-9.25,-6.108108108108108,-1.0
2021-12-20,2021,15658.75,15543.0,15600.875,115.75,37.625,5.75,20.130434782608695,21,15580.375,15617.75,15554.5,-41.0,-11.5,-7.130434782608695,-2.0
2021-12-21,2021,15798.25,15664.0,15731.125,134.25,20.75,6.75,19.88888888888889,20,15755.125,15785.5,15684.25,-12.75,-20.25,-1.8888888888888888,-3.0
2021-12-22,2021,16044.75,15933.25,15989.0,111.5,20.0,5.5,20.272727272727273,21,15963.5,16021.25,15938.75,-23.5,-5.5,-4.2727272727272725,-1.0
2021-12-23,2021,16243.0,16176.5,16209.75,66.5,16.75,3.25,20.46153846153846,21,16213.875,16228.5,16199.25,-14.5,-22.75,-4.461538461538462,-7.0
2021-12-27,2021,16448.0,16344.5,16396.25,103.5,13.0,5.25,19.714285714285715,20,16431.125,16444.25,16407.5,-3.75,-63.0,-0.7142857142857143,-12.0
2021-12-28,2021,16608.5,16521.0,16564.75,87.5,19.625,4.5,19.444444444444443,20,16568.25,16588.5,16548.0,-20.0,-27.0,-4.444444444444445,-6.0
2021-12-29,2021,16549.5,16477.5,16513.5,72.0,19.0,3.5,20.571428571428573,21,16521.25,16537.0,16498.5,-12.5,-21.0,-3.5714285714285716,-6.0
2021-12-30,2021,16518.0,16449.25,16483.625,68.75,13.625,3.5,19.642857142857142,20,16486.0,16501.75,16463.25,-16.25,-14.0,-4.642857142857143,-4.0
2021-12-31,2021,16464.0,16384.0,16424.0,80.0,16.625,4.0,20.0,20,16446.0,16456.0,16404.0,-8.0,-20.0,-2.0,-5.0
2022-01-03,2022,16484.75,16292.0,16388.375,192.75,21.375,9.75,19.76923076923077,20,16443.125,16484.75,16321.25,0.0,-29.25,0.0,-3.0
2022-01-04,2022,16512.0,16443.75,16477.875,68.25,17.125,3.5,19.5,20,16487.5,16503.25,16464.75,-8.75,-21.0,-2.5,-6.0
2022-01-05,2022,16225.0,16103.0,16164.0,122.0,23.875,6.0,20.333333333333332,21,16178.0,16217.0,16151.0,-8.0,-48.0,-1.3333333333333333,-8.0
2022-01-06,2022,15850.5,15672.0,15761.25,178.5,29.25,9.0,19.833333333333332,20,15820.5,15843.0,15744.0,-7.5,-72.0,-0.8333333333333334,-8.0
2022-01-07,2022,15827.75,15673.75,15750.75,154.0,31.0,7.75,19.870967741935484,20,15793.875,15827.75,15728.0,0.0,-54.25,0.0,-7.0
2022-01-10,2022,15415.0,15241.75,15328.375,173.25,26.0,8.75,19.8,20,15316.125,15355.5,15276.75,-59.5,-35.0,-6.8,-4.0
2022-01-11,2022,15593.5,15475.0,15534.25,118.5,31.875,6.0,19.75,20,15526.0,15565.0,15499.0,-28.5,-24.0,-4.75,-4.0
2022-01-12,2022,15992.0,15884.5,15938.25,107.5,22.25,5.5,19.545454545454547,20,15953.25,15967.0,15895.5,-25.0,-11.0,-4.545454545454546,-2.0
2022-01-13,2022,15979.75,15914.0,15946.875,65.75,17.875,3.25,20.23076923076923,21,15951.375,15966.0,15936.75,-13.75,-22.75,-4.230769230769231,-7.0
2022-01-14,2022,15595.0,15379.75,15487.375,215.25,26.125,10.75,20.023255813953487,21,15524.875,15551.75,15433.5,-43.25,-53.75,-4.023255813953488,-5.0
2022-01-18,2022,15375.0,15271.75,15323.375,103.25,27.625,5.25,19.666666666666668,20,15300.625,15345.25,15287.5,-29.75,-15.75,-5.666666666666667,-3.0
2022-01-19,2022,15368.0,15251.25,15309.625,116.75,23.375,5.75,20.304347826086957,21,15305.875,15354.75,15291.5,-13.25,-40.25,-2.3043478260869565,-7.0
2022-01-20,2022,15285.75,15160.25,15223.0,125.5,18.125,6.25,20.08,21,15257.125,15272.75,15191.5,-13.0,-31.25,-2.08,-5.0
2022-01-21,2022,14818.5,14631.25,14724.875,187.25,29.5,9.25,20.243243243243242,21,14783.875,14807.0,14686.75,-11.5,-55.5,-1.2432432432432432,-6.0
2022-01-24,2022,14263.5,14051.25,14157.375,212.25,40.875,10.5,20.214285714285715,21,14140.5,14208.75,14114.25,-54.75,-63.0,-5.214285714285714,-6.0
2022-01-25,2022,14304.75,14063.25,14184.0,241.5,40.0,12.0,20.125,21,14249.25,14303.25,14123.25,-1.5,-60.0,-0.125,-5.0
2022-01-26,2022,14498.0,14350.25,14424.125,147.75,25.875,7.5,19.7,20,14391.5,14455.25,14372.75,-42.75,-22.5,-5.7,-3.0
2022-01-27,2022,14396.75,14232.0,14314.375,164.75,30.875,8.25,19.96969696969697,20,14326.875,14380.5,14289.75,-16.25,-57.75,-1.9696969696969697,-7.0
2022-01-28,2022,14102.25,13867.0,13984.625,235.25,32.0,11.75,20.02127659574468,21,13908.125,13961.0,13878.75,-141.25,-11.75,-12.02127659574468,-1.0
2022-01-31,2022,14634.0,14416.25,14525.125,217.75,21.75,11.0,19.795454545454547,20,14553.75,14625.25,14482.25,-8.75,-66.0,-0.7954545454545454,-6.0
2022-02-01,2022,14952.0,14786.5,14869.25,165.5,27.375,8.25,20.060606060606062,21,14815.375,14885.5,14794.75,-66.5,-8.25,-8.06060606060606,-1.0
2022-02-02,2022,15178.0,15026.75,15102.375,151.25,26.5,7.5,20.166666666666668,21,15120.5,15139.25,15056.75,-38.75,-30.0,-5.166666666666667,-4.0
2022-02-03,2022,14799.0,14677.5,14738.25,121.5,27.0,6.0,20.25,21,14728.5,14767.5,14701.5,-31.5,-24.0,-5.25,-4.0
2022-02-04,2022,14606.75,14432.75,14519.75,174.0,32.25,8.75,19.885714285714286,20,14559.625,14581.5,14485.25,-25.25,-52.5,-2.8857142857142857,-6.0
2022-02-07,2022,14806.25,14670.0,14738.125,136.25,24.875,6.75,20.185185185185187,21,14767.875,14798.25,14710.5,-8.0,-40.5,-1.1851851851851851,-6.0
2022-02-08,2022,14588.0,14501.5,14544.75,86.5,24.875,4.25,20.352941176470587,21,14541.875,14561.0,14522.75,-27.0,-21.25,-6.352941176470588,-5.0
2022-02-09,2022,14951.25,14863.75,14907.5,87.5,20.125,4.5,19.444444444444443,20,14911.0,14940.25,14881.75,-11.0,-18.0,-2.4444444444444446,-4.0
2022-02-10,2022,14934.0,14735.0,14834.5,199.0,21.25,10.0,19.9,20,14830.0,14855.0,14745.0,-79.0,-10.0,-7.9,-1.0
2022-02-11,2022,14766.75,14624.25,14695.5,142.5,21.125,7.25,19.655172413793103,20,14678.625,14740.25,14660.5,-26.5,-36.25,-3.6551724137931036,-5.0
2022-02-14,2022,14334.75,14182.0,14258.375,152.75,24.75,7.75,19.70967741935484,20,14255.625,14306.0,14220.75,-28.75,-38.75,-3.7096774193548385,-5.0
2022-02-15,2022,14522.0,14445.0,14483.5,77.0,21.0,3.75,20.533333333333335,21,14488.125,14512.5,14471.25,-9.5,-26.25,-2.533333333333333,-7.0
2022-02-16,2022,14517.0,14381.0,14449.0,136.0,20.375,6.75,20.14814814814815,21,14445.125,14502.5,14414.75,-14.5,-33.75,-2.1481481481481484,-5.0
2022-02-17,2022,14495.0,14376.0,14435.5,119.0,17.75,6.0,19.833333333333332,20,14475.0,14490.0,14400.0,-5.0,-24.0,-0.8333333333333334,-4.0
2022-02-18,2022,14220.75,14087.75,14154.25,133.0,19.75,6.75,19.703703703703702,20,14192.375,14209.25,14121.5,-11.5,-33.75,-1.7037037037037037,-5.0
2022-02-22,2022,14096.25,13862.0,13979.125,234.25,21.0,11.75,19.93617021276596,20,14032.375,14085.25,13909.0,-11.0,-47.0,-0.9361702127659575,-4.0
2022-02-23,2022,14031.0,13888.5,13959.75,142.5,20.125,7.25,19.655172413793103,20,13964.625,14026.25,13932.0,-4.75,-43.5,-0.6551724137931034,-6.0
2022-02-24,2022,13364.75,13058.0,13211.375,306.75,38.375,15.25,20.114754098360656,21,13248.625,13347.75,13180.0,-17.0,-122.0,-1.1147540983606556,-8.0
2022-02-25,2022,14013.5,13860.0,13936.75,153.5,30.0,7.75,19.806451612903224,20,13933.625,13984.0,13898.75,-29.5,-38.75,-3.806451612903226,-5.0
2022-02-28,2022,14147.5,14027.25,14087.375,120.25,30.375,6.0,20.041666666666668,21,14072.25,14111.25,14045.25,-36.25,-18.0,-6.041666666666667,-3.0
2022-03-01,2022,14253.25,14153.75,14203.5,99.5,26.375,5.0,19.9,20,14211.25,14223.75,14168.75,-29.5,-15.0,-5.9,-3.0
2022-03-02,2022,14129.75,14011.0,14070.375,118.75,20.375,6.0,19.791666666666668,20,14068.0,14119.0,14041.0,-10.75,-30.0,-1.7916666666666667,-5.0
2022-03-03,2022,14355.5,14233.5,14294.5,122.0,22.25,6.0,20.333333333333332,21,14302.5,14329.5,14251.5,-26.0,-18.0,-4.333333333333333,-3.0
2022-03-04,2022,13995.5,13834.0,13914.75,161.5,24.125,8.0,20.1875,21,13862.0,13962.0,13842.0,-33.5,-8.0,-4.1875,-1.0
2022-03-07,2022,13879.75,13673.5,13776.625,206.25,28.625,10.25,20.121951219512194,21,13740.125,13847.75,13714.5,-32.0,-41.0,-3.1219512195121952,-4.0
2022-03-08,2022,13374.0,13221.75,13297.875,152.25,35.875,7.5,20.3,21,13278.0,13326.75,13229.25,-47.25,-7.5,-6.3,-1.0
2022-03-09,2022,13621.0,13496.0,13558.5,125.0,27.25,6.25,20.0,20,13567.875,13596.0,13527.25,-25.0,-31.25,-4.0,-5.0
2022-03-10,2022,13594.25,13486.25,13540.25,108.0,26.25,5.5,19.636363636363637,20,13516.5,13541.25,13491.75,-53.0,-5.5,-9.636363636363637,-1.0
2022-03-11,2022,13723.5,13571.75,13647.625,151.75,20.25,7.5,20.233333333333334,21,13628.0,13691.75,13609.25,-31.75,-37.5,-4.233333333333333,-5.0
2022-03-14,2022,13340.75,13205.0,13272.875,135.75,29.125,6.75,20.11111111111111,21,13255.625,13326.5,13238.75,-14.25,-33.75,-2.111111111111111,-5.0
2022-03-15,2022,13208.5,13087.5,13148.0,121.0,24.5,6.0,20.166666666666668,21,13186.5,13201.5,13111.5,-7.0,-24.0,-1.1666666666666667,-4.0
2022-03-16,2022,13747.0,13612.25,13679.625,134.75,18.125,6.75,19.962962962962962,20,13737.125,13740.5,13639.25,-6.5,-27.0,-0.9629629629629629,-4.0
2022-03-17,2022,13982.5,13819.0,13900.75,163.5,25.375,8.25,19.818181818181817,20,13880.875,13918.0,13843.75,-64.5,-24.75,-7.818181818181818,-3.0
2022-03-18,2022,14152.0,13995.0,14073.5,157.0,18.125,7.75,20.258064516129032,21,14053.125,14119.0,14018.25,-33.0,-23.25,-4.258064516129032,-3.0
2022-03-21,2022,14466.75,14292.75,14379.75,174.0,19.75,8.75,19.885714285714286,20,14410.875,14450.25,14354.0,-16.5,-61.25,-1.8857142857142857,-7.0
2022-03-22,2022,14489.25,14374.0,14431.625,115.25,19.5,5.75,20.043478260869566,21,14422.875,14471.75,14408.5,-17.5,-34.5,-3.0434782608695654,-6.0
2022-03-23,2022,14547.0,14460.75,14503.875,86.25,20.125,4.25,20.294117647058822,21,14505.375,14516.0,14469.25,-31.0,-8.5,-7.294117647058823,-2.0
2022-03-24,2022,14551.0,14468.5,14509.75,82.5,21.625,4.25,19.41176470588235,20,14496.125,14523.75,14485.5,-27.25,-17.0,-6.411764705882353,-4.0
2022-03-25,2022,14788.5,14708.25,14748.375,80.25,21.5,4.0,20.0625,21,14746.25,14772.25,14728.25,-16.25,-20.0,-4.0625,-5.0
2022-03-28,2022,14912.25,14749.75,14831.0,162.5,21.5,8.25,19.696969696969695,20,14852.875,14906.5,14832.25,-5.75,-82.5,-0.696969696969697,-10.0
2022-03-29,2022,15219.5,15106.0,15162.75,113.5,23.0,5.75,19.73913043478261,20,15154.875,15192.25,15129.0,-27.25,-23.0,-4.739130434782608,-4.0
2022-03-30,2022,15209.0,15141.25,15175.125,67.75,17.5,3.5,19.357142857142858,20,15178.0,15193.75,15162.25,-15.25,-21.0,-4.357142857142857,-6.0
2022-03-31,2022,15090.0,14980.25,15035.125,109.75,18.125,5.5,19.954545454545453,20,15016.0,15040.75,14991.25,-49.25,-11.0,-8.954545454545455,-2.0
2022-04-01,2022,14932.0,14808.25,14870.125,123.75,20.25,6.25,19.8,20,14873.875,14927.0,14858.25,-5.0,-50.0,-0.8,-8.0
2022-04-04,2022,15051.75,14883.5,14967.625,168.25,16.0,8.5,19.794117647058822,20,14981.25,15051.75,14943.0,0.0,-59.5,0.0,-7.0
2022-04-05,2022,15136.25,15052.25,15094.25,84.0,15.875,4.25,19.764705882352942,20,15096.875,15133.0,15086.25,-3.25,-34.0,-0.7647058823529411,-8.0
2022-04-06,2022,14643.5,14501.0,14572.25,142.5,17.875,7.25,19.655172413793103,20,14591.625,14624.25,14515.5,-19.25,-14.5,-2.6551724137931036,-2.0
2022-04-07,2022,14578.0,14459.25,14518.625,118.75,24.375,6.0,19.791666666666668,20,14552.25,14567.25,14489.25,-10.75,-30.0,-1.7916666666666667,-5.0
2022-04-08,2022,14476.75,14312.5,14394.625,164.25,19.25,8.25,19.90909090909091,20,14390.875,14411.5,14320.75,-65.25,-8.25,-7.909090909090909,-1.0
2022-04-11,2022,14197.0,14099.0,14148.0,98.0,26.125,5.0,19.6,20,14156.5,14179.0,14124.0,-18.0,-25.0,-3.6,-5.0
2022-04-12,2022,14263.0,14113.0,14188.0,150.0,21.25,7.5,20.0,20,14161.75,14210.5,14113.0,-52.5,0.0,-7.0,0.0
2022-04-13,2022,14071.25,13921.0,13996.125,150.25,23.0,7.5,20.033333333333335,21,14037.25,14071.0,13973.5,-0.25,-52.5,-0.03333333333333333,-7.0
2022-04-14,2022,14246.75,14104.0,14175.375,142.75,17.0,7.25,19.689655172413794,20,14136.625,14212.75,14104.0,-34.0,0.0,-4.689655172413793,0.0
2022-04-18,2022,13932.25,13827.0,13879.625,105.25,21.25,5.25,20.047619047619047,21,13913.625,13916.25,13848.0,-16.0,-21.0,-3.0476190476190474,-4.0
2022-04-19,2022,14017.75,13833.5,13925.625,184.25,29.125,9.25,19.91891891891892,20,13893.625,13953.75,13852.0,-64.0,-18.5,-6.918918918918919,-2.0
2022-04-20,2022,14270.0,14063.75,14166.875,206.25,21.25,10.25,20.121951219512194,21,14120.125,14207.25,14074.0,-62.75,-10.25,-6.121951219512195,-1.0
2022-04-21,2022,14283.0,14164.5,14223.75,118.5,20.75,6.0,19.75,20,14251.5,14278.5,14224.5,-4.5,-60.0,-0.75,-10.0
2022-04-22,2022,13777.75,13616.25,13697.0,161.5,32.375,8.0,20.1875,21,13708.25,13728.25,13640.25,-49.5,-24.0,-6.1875,-3.0
2022-04-25,2022,13366.25,13236.0,13301.125,130.25,34.0,6.5,20.03846153846154,21,13304.25,13333.5,13262.0,-32.75,-26.0,-5.038461538461538,-4.0
2022-04-26,2022,13450.75,13253.0,13351.875,197.75,21.375,10.0,19.775,20,13328.0,13393.0,13283.0,-57.75,-30.0,-5.775,-3.0
2022-04-27,2022,13255.25,13010.0,13132.625,245.25,28.125,12.25,20.020408163265305,21,13187.625,13242.75,13108.0,-12.5,-98.0,-1.0204081632653061,-8.0
2022-04-28,2022,13280.75,13095.75,13188.25,185.0,32.25,9.25,20.0,20,13128.125,13225.25,13105.0,-55.5,-9.25,-6.0,-1.0
2022-04-29,2022,13433.0,13226.75,13329.875,206.25,31.875,10.25,20.121951219512194,21,13334.375,13360.0,13267.75,-73.0,-41.0,-7.121951219512195,-4.0
2022-05-02,2022,12973.25,12742.75,12858.0,230.5,38.25,11.5,20.043478260869566,21,12886.5,12938.25,12811.75,-35.0,-69.0,-3.0434782608695654,-6.0
2022-05-03,2022,13114.0,12968.5,13041.25,145.5,34.625,7.25,20.06896551724138,21,13030.125,13062.75,12997.5,-51.25,-29.0,-7.068965517241379,-4.0
2022-05-04,2022,13114.25,13016.75,13065.5,97.5,23.125,5.0,19.5,20,13084.25,13096.75,13061.75,-17.5,-45.0,-3.5,-9.0
2022-05-05,2022,13346.25,13154.75,13250.5,191.5,22.75,9.5,20.157894736842106,21,13292.5,13346.25,13211.75,0.0,-57.0,0.0,-6.0
2022-05-06,2022,12792.75,12519.0,12655.875,273.75,35.875,13.75,19.90909090909091,20,12539.625,12656.5,12532.75,-136.25,-13.75,-9.909090909090908,-1.0
2022-05-09,2022,12555.75,12419.5,12487.625,136.25,36.25,6.75,20.185185185185187,21,12443.125,12514.0,12439.75,-41.75,-20.25,-6.185185185185185,-3.0
2022-05-10,2022,12547.0,12336.25,12441.625,210.75,25.75,10.5,20.071428571428573,21,12436.0,12462.25,12346.75,-84.75,-10.5,-8.071428571428571,-1.0
2022-05-11,2022,12478.5,12146.0,12312.25,332.5,44.5,16.75,19.850746268656717,20,12187.875,12397.25,12179.5,-81.25,-33.5,-4.850746268656716,-2.0
2022-05-12,2022,11907.75,11693.25,11800.5,214.5,39.875,10.75,19.953488372093023,20,11806.125,11854.5,11736.25,-53.25,-43.0,-4.953488372093023,-4.0
2022-05-13,2022,12278.75,12064.75,12171.75,214.0,26.875,10.75,19.906976744186046,20,12123.875,12215.25,12075.5,-63.5,-10.75,-5.906976744186046,-1.0
2022-05-16,2022,12358.0,12217.0,12287.5,141.0,30.375,7.0,20.142857142857142,21,12262.5,12308.0,12231.0,-50.0,-14.0,-7.142857142857143,-2.0
2022-05-17,2022,12535.75,12432.0,12483.875,103.75,25.5,5.25,19.761904761904763,20,12471.375,12516.0,12458.25,-19.75,-26.25,-3.761904761904762,-5.0
2022-05-18,2022,12399.75,12289.75,12344.75,110.0,22.125,5.5,20.0,20,12331.0,12377.75,12317.25,-22.0,-27.5,-4.0,-5.0
2022-05-19,2022,11978.75,11795.25,11887.0,183.5,31.375,9.25,19.83783783783784,20,11901.625,11961.75,11841.5,-17.0,-46.25,-1.837837837837838,-5.0
2022-05-20,2022,12053.0,11945.25,11999.125,107.75,29.125,5.5,19.59090909090909,20,11997.5,12022.25,11972.75,-30.75,-27.5,-5.590909090909091,-5.0
2022-05-23,2022,11977.5,11817.75,11897.625,159.75,31.0,8.0,19.96875,20,11861.75,11929.75,11841.75,-47.75,-24.0,-5.96875,-3.0
2022-05-24,2022,11847.5,11675.25,11761.375,172.25,21.25,8.5,20.264705882352942,21,11756.0,11794.25,11700.75,-53.25,-25.5,-6.264705882352941,-3.0
2022-05-25,2022,11857.75,11708.0,11782.875,149.75,26.625,7.5,19.966666666666665,20,11816.75,11835.5,11768.0,-22.25,-60.0,-2.966666666666667,-8.0
2022-05-26,2022,12126.0,11899.0,12012.5,227.0,19.75,11.25,20.177777777777777,21,12028.375,12124.0,11977.75,-2.0,-78.75,-0.17777777777777778,-7.0
2022-05-27,2022,12532.25,12402.0,12467.125,130.25,21.875,6.5,20.03846153846154,21,12489.75,12506.0,12447.5,-26.25,-45.5,-4.038461538461538,-7.0
2022-05-31,2022,12688.0,12520.75,12604.375,167.25,23.125,8.25,20.272727272727273,21,12566.125,12603.25,12529.0,-84.75,-8.25,-10.272727272727273,-1.0
2022-06-01,2022,12823.5,12731.5,12777.5,92.0,23.5,4.5,20.444444444444443,21,12783.25,12812.5,12763.0,-11.0,-31.5,-2.4444444444444446,-7.0
2022-06-02,2022,12570.25,12442.5,12506.375,127.75,26.5,6.5,19.653846153846153,20,12484.75,12540.0,12468.5,-30.25,-26.0,-4.653846153846154,-4.0
2022-06-03,2022,12717.0,12609.25,12663.125,107.75,25.0,5.5,19.59090909090909,20,12650.5,12697.25,12636.75,-19.75,-27.5,-3.590909090909091,-5.0
2022-06-06,2022,12785.5,12673.5,12729.5,112.0,22.625,5.5,20.363636363636363,21,12709.25,12756.0,12695.5,-29.5,-22.0,-5.363636363636363,-4.0
2022-06-07,2022,12581.0,12412.5,12496.75,168.5,20.125,8.5,19.823529411764707,20,12518.75,12557.0,12463.5,-24.0,-51.0,-2.823529411764706,-6.0
2022-06-08,2022,12783.0,12627.5,12705.25,155.5,19.375,7.75,20.06451612903226,21,12685.625,12736.0,12635.25,-47.0,-7.75,-6.064516129032258,-1.0
2022-06-09,2022,12654.5,12506.0,12580.25,148.5,23.75,7.5,19.8,20,12539.75,12603.5,12506.0,-51.0,0.0,-6.8,0.0
2022-06-10,2022,12090.0,11941.25,12015.625,148.75,24.75,7.5,19.833333333333332,20,12005.0,12053.75,11971.25,-36.25,-30.0,-4.833333333333333,-4.0
2022-06-13,2022,11575.25,11463.75,11519.5,111.5,25.25,5.5,20.272727272727273,21,11494.0,11540.75,11480.25,-34.5,-16.5,-6.2727272727272725,-3.0
2022-06-14,2022,11442.0,11295.0,11368.5,147.0,25.0,7.25,20.275862068965516,21,11342.125,11403.75,11309.5,-38.25,-14.5,-5.275862068965517,-2.0
2022-06-15,2022,11549.0,11459.75,11504.375,89.25,19.375,4.5,19.833333333333332,20,11534.0,11545.25,11486.75,-3.75,-27.0,-0.8333333333333334,-6.0
2022-06-16,2022,11349.75,11252.75,11301.25,97.0,23.25,4.75,20.42105263157895,21,11283.625,11324.0,11262.25,-25.75,-9.5,-5.421052631578948,-2.0
2022-06-17,2022,11348.5,11184.5,11266.5,164.0,23.875,8.25,19.87878787878788,20,11312.375,11348.5,11258.75,0.0,-74.25,0.0,-9.0
2022-06-21,2022,11632.0,11475.75,11553.875,156.25,18.75,7.75,20.161290322580644,21,11572.625,11623.0,11522.25,-9.0,-46.5,-1.1612903225806452,-6.0
2022-06-22,2022,11619.0,11446.75,11532.875,172.25,26.25,8.5,20.264705882352942,21,11502.0,11540.25,11463.75,-78.75,-17.0,-9.264705882352942,-2.0
2022-06-23,2022,11683.5,11543.0,11613.25,140.5,28.5,7.0,20.071428571428573,21,11595.5,11627.0,11550.0,-56.5,-7.0,-8.071428571428571,-1.0
2022-06-24,2022,11984.0,11838.75,11911.375,145.25,15.0,7.25,20.03448275862069,21,11951.125,11983.75,11904.0,-0.25,-65.25,-0.034482758620689655,-9.0
2022-06-27,2022,12212.0,12021.0,12116.5,191.0,19.375,9.5,20.105263157894736,21,12063.75,12125.5,12021.0,-86.5,0.0,-9.105263157894736,0.0
2022-06-28,2022,12174.25,12047.25,12110.75,127.0,20.125,6.25,20.32,21,12137.875,12166.0,12109.75,-8.25,-62.5,-1.32,-10.0
2022-06-29,2022,11718.5,11564.5,11641.5,154.0,24.625,7.75,19.870967741935484,20,11599.375,11680.75,11580.0,-37.75,-15.5,-4.870967741935484,-2.0
2022-06-30,2022,11588.0,11392.75,11490.375,195.25,22.75,9.75,20.025641025641026,21,11456.125,11519.5,11392.75,-68.5,0.0,-7.0256410256410255,0.0
2022-07-01,2022,11599.5,11417.0,11508.25,182.5,26.375,9.25,19.72972972972973,20,11495.625,11555.75,11435.5,-43.75,-18.5,-4.72972972972973,-2.0
2022-07-05,2022,11485.5,11389.25,11437.375,96.25,25.0,4.75,20.263157894736842,21,11415.375,11455.75,11403.5,-29.75,-14.25,-6.2631578947368425,-3.0
2022-07-06,2022,11882.5,11754.0,11818.25,128.5,29.375,6.5,19.76923076923077,20,11783.25,11838.5,11767.0,-44.0,-13.0,-6.769230769230769,-2.0
2022-07-07,2022,12049.0,11918.25,11983.625,130.75,14.0,6.5,20.115384615384617,21,12019.0,12048.25,11976.75,-0.75,-58.5,-0.11538461538461539,-9.0
2022-07-08,2022,12091.0,11978.25,12034.625,112.75,21.5,5.75,19.608695652173914,20,12004.125,12064.5,11989.75,-26.5,-11.5,-4.608695652173913,-2.0
2022-07-11,2022,12061.75,11855.75,11958.75,206.0,20.75,10.25,20.097560975609756,21,11912.125,11958.25,11855.75,-103.5,0.0,-10.097560975609756,0.0
2022-07-12,2022,12025.5,11856.0,11940.75,169.5,21.75,8.5,19.941176470588236,20,11953.75,12009.0,11915.5,-16.5,-59.5,-1.9411764705882353,-7.0
2022-07-13,2022,11700.0,11522.5,11611.25,177.5,33.625,9.0,19.72222222222222,20,11662.0,11684.5,11567.5,-15.5,-45.0,-1.7222222222222223,-5.0
2022-07-14,2022,11684.5,11547.5,11616.0,137.0,20.75,6.75,20.296296296296298,21,11591.375,11608.25,11547.5,-76.25,0.0,-11.296296296296296,0.0
2022-07-15,2022,11985.0,11853.5,11919.25,131.5,20.125,6.5,20.23076923076923,21,11934.75,11977.0,11892.5,-8.0,-39.0,-1.2307692307692308,-6.0
2022-07-18,2022,12186.5,12089.75,12138.125,96.75,17.25,4.75,20.36842105263158,21,12130.125,12170.5,12108.75,-16.0,-19.0,-3.3684210526315788,-4.0
2022-07-19,2022,12080.75,11993.0,12036.875,87.75,18.75,4.5,19.5,20,12035.75,12056.0,12006.5,-24.75,-13.5,-5.5,-3.0
2022-07-20,2022,12351.75,12257.5,12304.625,94.25,16.625,4.75,19.842105263157894,20,12321.625,12343.0,12290.75,-8.75,-33.25,-1.8421052631578947,-7.0
2022-07-21,2022,12517.5,12409.25,12463.375,108.25,29.0,5.5,19.681818181818183,20,12478.0,12502.75,12453.25,-14.75,-44.0,-2.6818181818181817,-8.0
2022-07-22,2022,12698.5,12566.0,12632.25,132.5,20.375,6.75,19.62962962962963,20,12609.875,12640.25,12579.5,-58.25,-13.5,-8.62962962962963,-2.0
2022-07-25,2022,12444.0,12356.75,12400.375,87.25,20.75,4.25,20.529411764705884,21,12397.125,12424.75,12378.0,-19.25,-21.25,-4.529411764705882,-5.0
2022-07-26,2022,12291.25,12196.0,12243.625,95.25,17.625,4.75,20.05263157894737,21,12236.375,12248.25,12205.5,-43.0,-9.5,-9.052631578947368,-2.0
2022-07-27,2022,12401.25,12276.5,12338.875,124.75,14.625,6.25,19.96,20,12385.875,12401.25,12307.75,0.0,-31.25,0.0,-5.0
2022-07-28,2022,12654.0,12453.75,12553.875,200.25,18.75,10.0,20.025,21,12498.75,12623.75,12453.75,-30.25,0.0,-3.025,0.0
2022-07-29,2022,12885.75,12744.25,12815.0,141.5,19.75,7.0,20.214285714285715,21,12859.75,12877.25,12786.25,-8.5,-42.0,-1.2142857142857142,-6.0
2022-08-01,2022,13024.0,12851.75,12937.875,172.25,20.125,8.5,20.264705882352942,21,12890.0,12979.25,12868.75,-44.75,-17.0,-5.264705882352941,-2.0
2022-08-02,2022,12956.75,12853.0,12904.875,103.75,23.375,5.25,19.761904761904763,20,12908.125,12931.75,12874.0,-25.0,-21.0,-4.761904761904762,-4.0
2022-08-03,2022,13127.5,12989.5,13058.5,138.0,18.25,7.0,19.714285714285715,20,13070.0,13101.5,13024.5,-26.0,-35.0,-3.7142857142857144,-5.0
2022-08-04,2022,13339.0,13245.25,13292.125,93.75,20.125,4.75,19.736842105263158,20,13309.375,13321.25,13269.0,-17.75,-23.75,-3.736842105263158,-5.0
2022-08-05,2022,13212.0,13114.5,13163.25,97.5,19.375,5.0,19.5,20,13172.0,13194.5,13149.5,-17.5,-35.0,-3.5,-7.0
2022-08-08,2022,13412.5,13232.0,13322.25,180.5,18.25,9.0,20.055555555555557,21,13389.5,13412.0,13295.0,-0.5,-63.0,-0.05555555555555555,-7.0
2022-08-09,2022,13112.25,12993.5,13052.875,118.75,19.5,6.0,19.791666666666668,20,13056.5,13095.5,13029.5,-16.75,-36.0,-2.7916666666666665,-6.0
2022-08-10,2022,13355.0,13268.5,13311.75,86.5,21.875,4.25,20.352941176470587,21,13304.625,13332.25,13285.5,-22.75,-17.0,-5.352941176470588,-4.0
2022-08-11,2022,13513.0,13455.5,13484.25,57.5,14.625,3.0,19.166666666666668,20,13490.0,13503.5,13476.5,-9.5,-21.0,-3.1666666666666665,-7.0
2022-08-12,2022,13435.75,13359.25,13397.5,76.5,16.5,3.75,20.4,21,13413.625,13423.0,13381.75,-12.75,-22.5,-3.4,-6.0
2022-08-15,2022,13634.5,13534.25,13584.375,100.25,16.25,5.0,20.05,21,13566.75,13599.25,13544.25,-35.25,-10.0,-7.05,-2.0
2022-08-16,2022,13659.25,13583.0,13621.125,76.25,16.5,3.75,20.333333333333332,21,13618.625,13650.5,13609.25,-8.75,-26.25,-2.3333333333333335,-7.0
2022-08-17,2022,13565.75,13484.5,13525.125,81.25,15.75,4.0,20.3125,21,13526.5,13544.5,13500.5,-21.25,-16.0,-5.3125,-4.0
2022-08-18,2022,13502.25,13435.0,13468.625,67.25,17.125,3.25,20.692307692307693,21,13472.375,13487.0,13444.75,-15.25,-9.75,-4.6923076923076925,-3.0
2022-08-19,2022,13425.25,13300.25,13362.75,125.0,14.25,6.25,20.0,20,13403.375,13419.0,13312.75,-6.25,-12.5,-1.0,-2.0
2022-08-22,2022,13092.25,13005.5,13048.875,86.75,15.375,4.25,20.41176470588235,21,13037.375,13073.5,13018.25,-18.75,-12.75,-4.411764705882353,-3.0
2022-08-23,2022,12985.25,12866.0,12925.625,119.25,18.0,6.0,19.875,20,12941.0,12956.0,12890.0,-29.25,-24.0,-4.875,-4.0
2022-08-24,2022,12914.25,12851.5,12882.875,62.75,15.875,3.25,19.307692307692307,20,12888.875,12903.5,12874.25,-10.75,-22.75,-3.3076923076923075,-7.0
2022-08-25,2022,13049.0,12962.0,13005.5,87.0,16.375,4.25,20.470588235294116,21,12985.375,13004.5,12966.25,-44.5,-4.25,-10.470588235294118,-1.0
2022-08-26,2022,13161.0,13084.75,13122.875,76.25,16.25,3.75,20.333333333333332,21,13135.375,13152.25,13118.5,-8.75,-33.75,-2.3333333333333335,-9.0
2022-08-29,2022,12605.5,12478.75,12542.125,126.75,21.375,6.25,20.28,21,12569.375,12597.5,12541.25,-8.0,-62.5,-1.28,-10.0
2022-08-30,2022,12587.25,12460.75,12524.0,126.5,23.125,6.25,20.24,21,12551.375,12579.5,12498.25,-7.75,-37.5,-1.24,-6.0
2022-08-31,2022,12513.0,12390.75,12451.875,122.25,24.5,6.0,20.375,21,12489.75,12504.75,12426.75,-8.25,-36.0,-1.375,-6.0
2022-09-01,2022,12224.0,12140.5,12182.25,83.5,19.75,4.25,19.647058823529413,20,12172.375,12200.0,12153.25,-24.0,-12.75,-5.647058823529412,-3.0
2022-09-02,2022,12415.0,12291.75,12353.375,123.25,20.875,6.25,19.72,20,12332.375,12360.5,12304.25,-54.5,-12.5,-8.72,-2.0
2022-09-06,2022,12169.0,12020.0,12094.5,149.0,19.875,7.5,19.866666666666667,20,12113.75,12132.5,12050.0,-36.5,-30.0,-4.866666666666666,-4.0
2022-09-07,2022,12128.25,12036.0,12082.125,92.25,18.75,4.5,20.5,21,12101.25,12121.5,12072.0,-6.75,-36.0,-1.5,-8.0
2022-09-08,2022,12271.25,12115.75,12193.5,155.5,21.125,7.75,20.06451612903226,21,12135.125,12232.0,12115.75,-39.25,0.0,-5.064516129032258,0.0
2022-09-09,2022,12504.5,12415.5,12460.0,89.0,18.25,4.5,19.77777777777778,20,12458.25,12487.5,12447.0,-17.0,-31.5,-3.7777777777777777,-7.0
2022-09-12,2022,12738.5,12641.5,12690.0,97.0,11.625,4.75,20.42105263157895,21,12686.625,12698.5,12646.25,-40.0,-4.75,-8.421052631578947,-1.0
2022-09-13,2022,12508.5,12386.75,12447.625,121.75,22.875,6.0,20.291666666666668,21,12425.75,12464.75,12398.75,-43.75,-12.0,-7.291666666666667,-2.0
2022-09-14,2022,12214.0,12098.75,12156.375,115.25,20.75,5.75,20.043478260869566,21,12159.125,12185.0,12121.75,-29.0,-23.0,-5.043478260869565,-4.0
2022-09-15,2022,12220.0,12110.25,12165.125,109.75,18.0,5.5,19.954545454545453,20,12129.5,12198.25,12115.75,-21.75,-5.5,-3.9545454545454546,-1.0
2022-09-16,2022,11871.25,11782.0,11826.625,89.25,18.875,4.5,19.833333333333332,20,11815.75,11836.0,11795.5,-35.25,-13.5,-7.833333333333333,-3.0
2022-09-19,2022,11930.75,11815.75,11873.25,115.0,15.25,5.75,20.0,20,11876.125,11925.0,11861.75,-5.75,-46.0,-1.0,-8.0
2022-09-20,2022,11947.0,11887.0,11917.0,60.0,14.25,3.0,20.0,20,11921.5,11935.0,11902.0,-12.0,-15.0,-4.0,-5.0
2022-09-21,2022,11997.5,11938.0,11967.75,59.5,13.125,3.0,19.833333333333332,20,11960.5,11974.0,11941.0,-23.5,-3.0,-7.833333333333333,-1.0
2022-09-22,2022,11682.25,11571.75,11627.0,110.5,21.125,5.5,20.09090909090909,21,11596.5,11654.25,11582.75,-28.0,-11.0,-5.090909090909091,-2.0
2022-09-23,2022,11471.0,11350.25,11410.625,120.75,19.0,6.0,20.125,21,11383.25,11446.25,11368.25,-24.75,-18.0,-4.125,-3.0
2022-09-26,2022,11496.5,11342.5,11419.5,154.0,17.75,7.75,19.870967741935484,20,11439.375,11489.75,11420.0,-6.75,-77.5,-0.8709677419354839,-10.0
2022-09-27,2022,11568.25,11461.0,11514.625,107.25,16.25,5.25,20.428571428571427,21,11489.875,11545.0,11476.75,-23.25,-15.75,-4.428571428571429,-3.0
2022-09-28,2022,11352.75,11266.0,11309.375,86.75,24.875,4.25,20.41176470588235,21,11323.375,11342.5,11295.75,-10.25,-29.75,-2.411764705882353,-7.0
2022-09-29,2022,11402.25,11242.5,11322.375,159.75,17.5,8.0,19.96875,20,11262.5,11346.5,11242.5,-55.75,0.0,-6.96875,0.0
2022-09-30,2022,11266.0,11143.0,11204.5,123.0,25.625,6.25,19.68,20,11202.375,11243.0,11174.25,-23.0,-31.25,-3.68,-5.0
2022-10-03,2022,11131.75,11039.75,11085.75,92.0,17.5,4.5,20.444444444444443,21,11087.0,11116.25,11066.75,-15.5,-27.0,-3.4444444444444446,-6.0
2022-10-04,2022,11619.75,11514.25,11567.0,105.5,14.375,5.25,20.095238095238095,21,11558.875,11603.5,11545.75,-16.25,-31.5,-3.0952380952380953,-6.0
2022-10-05,2022,11539.0,11465.25,11502.125,73.75,15.75,3.75,19.666666666666668,20,11497.125,11506.5,11465.25,-32.5,0.0,-8.666666666666666,0.0
2022-10-06,2022,11721.5,11589.25,11655.375,132.25,19.875,6.5,20.346153846153847,21,11696.5,11699.75,11628.25,-21.75,-39.0,-3.3461538461538463,-6.0
2022-10-07,2022,11350.0,11216.5,11283.25,133.5,17.125,6.75,19.77777777777778,20,11321.125,11350.0,11250.25,0.0,-33.75,0.0,-5.0
2022-10-10,2022,11126.0,11002.75,11064.375,123.25,19.875,6.25,19.72,20,11043.375,11071.5,11015.25,-54.5,-12.5,-8.72,-2.0
2022-10-11,2022,10944.75,10821.0,10882.875,123.75,18.75,6.25,19.8,20,10874.125,10902.25,10846.0,-42.5,-25.0,-6.8,-4.0
2022-10-12,2022,10945.75,10805.5,10875.625,140.25,22.625,7.0,20.035714285714285,21,10900.0,10931.5,10854.5,-14.25,-49.0,-2.0357142857142856,-7.0
2022-10-13,2022,10629.75,10484.75,10557.25,145.0,24.5,7.25,20.0,20,10517.375,10593.5,10484.75,-36.25,0.0,-5.0,0.0
2022-10-14,2022,11207.5,11030.75,11119.125,176.75,27.125,8.75,20.2,21,11061.375,11153.25,11039.5,-54.25,-8.75,-6.2,-1.0
2022-10-17,2022,11117.0,10999.0,11058.0,118.0,18.875,6.0,19.666666666666668,20,11086.0,11113.0,11047.0,-4.0,-48.0,-0.6666666666666666,-8.0
2022-10-18,2022,11431.75,11292.5,11362.125,139.25,22.0,7.0,19.892857142857142,20,11366.0,11425.5,11348.5,-6.25,-56.0,-0.8928571428571429,-8.0
2022-10-19,2022,11213.25,11110.0,11161.625,103.25,23.875,5.25,19.666666666666668,20,11138.875,11183.5,11125.75,-29.75,-15.75,-5.666666666666667,-3.0
2022-10-20,2022,11229.75,11091.0,11160.375,138.75,21.0,7.0,19.821428571428573,20,11136.5,11210.0,11105.0,-19.75,-14.0,-2.8214285714285716,-2.0
2022-10-21,2022,11155.75,10995.25,11075.5,160.5,32.125,8.0,20.0625,21,11047.25,11115.25,11011.25,-40.5,-16.0,-5.0625,-2.0
2022-10-24,2022,11426.0,11300.5,11363.25,125.5,28.375,6.25,20.08,21,11366.125,11394.25,11325.5,-31.75,-25.0,-5.08,-4.0
2022-10-25,2022,11664.75,11515.0,11589.875,149.75,17.875,7.5,19.966666666666665,20,11556.25,11635.0,11522.5,-29.75,-7.5,-3.966666666666667,-1.0
2022-10-26,2022,11530.0,11433.0,11481.5,97.0,19.25,4.75,20.42105263157895,21,11473.375,11513.75,11461.5,-16.25,-28.5,-3.4210526315789473,-6.0
2022-10-27,2022,11464.0,11263.75,11363.875,200.25,22.625,10.0,20.025,21,11398.75,11463.75,11313.75,-0.25,-50.0,-0.025,-5.0
2022-10-28,2022,11364.25,11206.25,11285.25,158.0,21.25,8.0,19.75,20,11338.25,11358.25,11286.25,-6.0,-80.0,-0.75,-10.0
2022-10-31,2022,11522.5,11413.0,11467.75,109.5,17.75,5.5,19.90909090909091,20,11426.75,11484.5,11413.0,-38.0,0.0,-6.909090909090909,0.0
2022-11-01,2022,11619.0,11499.75,11559.375,119.25,15.375,6.0,19.875,20,11592.75,11619.0,11529.75,0.0,-30.0,0.0,-5.0
2022-11-02,2022,11341.0,11271.25,11306.125,69.75,16.125,3.5,19.928571428571427,20,11304.5,11320.25,11288.75,-20.75,-17.5,-5.928571428571429,-5.0
2022-11-03,2022,10848.5,10723.0,10785.75,125.5,17.0,6.25,20.08,21,10819.875,10835.5,10766.75,-13.0,-43.75,-2.08,-7.0
2022-11-04,2022,10963.75,10724.5,10844.125,239.25,23.625,12.0,19.9375,20,10766.5,10868.5,10736.5,-95.25,-12.0,-7.9375,-1.0
2022-11-07,2022,10968.75,10847.25,10908.0,121.5,20.0,6.0,20.25,21,10880.25,10907.25,10853.25,-61.5,-6.0,-10.25,-1.0
2022-11-08,2022,11086.0,11006.75,11046.375,79.25,14.375,4.0,19.8125,20,11040.75,11066.75,11014.75,-19.25,-8.0,-4.8125,-2.0
2022-11-09,2022,11040.0,10961.5,11000.75,78.5,17.125,4.0,19.625,20,10983.5,11009.5,10973.5,-30.5,-12.0,-7.625,-3.0
2022-11-10,2022,11454.75,11269.25,11362.0,185.5,25.625,9.25,20.054054054054053,21,11338.625,11398.75,11297.0,-56.0,-27.75,-6.054054054054054,-3.0
2022-11-11,2022,11691.0,11569.25,11630.125,121.75,19.25,6.0,20.291666666666668,21,11602.25,11653.25,11575.25,-37.75,-6.0,-6.291666666666667,-1.0
2022-11-14,2022,11785.5,11702.0,11743.75,83.5,18.25,4.25,19.647058823529413,20,11742.375,11770.0,11723.25,-15.5,-21.25,-3.6470588235294117,-5.0
2022-11-15,2022,12063.5,11963.0,12013.25,100.5,20.875,5.0,20.1,21,12025.5,12048.0,11983.0,-15.5,-20.0,-3.1,-4.0
2022-11-16,2022,11836.25,11749.5,11792.875,86.75,16.25,4.25,20.41176470588235,21,11806.875,11826.0,11779.25,-10.25,-29.75,-2.411764705882353,-7.0
2022-11-17,2022,11635.25,11543.75,11589.5,91.5,14.875,4.5,20.333333333333332,21,11595.5,11624.75,11575.25,-10.5,-31.5,-2.3333333333333335,-7.0
2022-11-18,2022,11842.5,11735.5,11789.0,107.0,15.625,5.25,20.38095238095238,21,11759.125,11782.75,11746.0,-59.75,-10.5,-11.380952380952381,-2.0
2022-11-21,2022,11699.75,11628.25,11664.0,71.5,15.125,3.5,20.428571428571427,21,11665.0,11687.75,11642.25,-12.0,-14.0,-3.4285714285714284,-4.0
2022-11-22,2022,11628.25,11527.25,11577.75,101.0,13.75,5.0,20.2,21,11544.75,11597.25,11532.25,-31.0,-5.0,-6.2,-1.0
2022-11-23,2022,11852.0,11745.25,11798.625,106.75,12.5,5.25,20.333333333333332,21,11789.875,11824.0,11745.25,-28.0,0.0,-5.333333333333333,0.0
2022-11-28,2022,11788.5,11694.0,11741.25,94.5,12.75,4.75,19.894736842105264,20,11758.125,11779.5,11736.75,-9.0,-42.75,-1.894736842105263,-9.0
2022-11-29,2022,11628.0,11565.25,11596.625,62.75,13.25,3.25,19.307692307692307,20,11583.125,11610.75,11575.0,-17.25,-9.75,-5.3076923076923075,-3.0
2022-11-30,2022,11581.5,11518.75,11550.125,62.75,15.375,3.25,19.307692307692307,20,11556.125,11570.75,11535.0,-10.75,-16.25,-3.3076923076923075,-5.0
2022-12-01,2022,12136.0,12031.5,12083.75,104.5,13.125,5.25,19.904761904761905,20,12076.125,12131.25,12063.0,-4.75,-31.5,-0.9047619047619048,-6.0
2022-12-02,2022,11915.5,11837.25,11876.375,78.25,18.375,4.0,19.5625,20,11895.25,11905.25,11861.25,-10.25,-24.0,-2.5625,-6.0
2022-12-05,2022,11972.25,11911.75,11942.0,60.5,12.875,3.0,20.166666666666668,21,11958.25,11965.75,11932.75,-6.5,-21.0,-2.1666666666666665,-7.0
2022-12-06,2022,11805.75,11663.75,11734.75,142.0,13.125,7.0,20.285714285714285,21,11716.25,11789.75,11698.75,-16.0,-35.0,-2.2857142857142856,-5.0
2022-12-07,2022,11596.25,11460.0,11528.125,136.25,18.125,6.75,20.185185185185187,21,11483.625,11568.0,11466.75,-28.25,-6.75,-4.185185185185185,-1.0
2022-12-08,2022,11604.75,11477.25,11541.0,127.5,15.125,6.5,19.615384615384617,20,11513.0,11568.25,11496.75,-36.5,-19.5,-5.615384615384615,-3.0
2022-12-09,2022,11660.75,11550.0,11605.375,110.75,19.0,5.5,20.136363636363637,21,11607.75,11632.5,11583.0,-28.25,-33.0,-5.136363636363637,-6.0
2022-12-12,2022,11608.75,11543.25,11576.0,65.5,13.625,3.25,20.153846153846153,21,11590.375,11598.5,11562.75,-10.25,-19.5,-3.1538461538461537,-6.0
2022-12-13,2022,12303.75,12183.75,12243.75,120.0,20.125,6.0,20.0,20,12276.75,12291.75,12225.75,-12.0,-42.0,-2.0,-7.0
2022-12-14,2022,12015.25,11930.0,11972.625,85.25,15.0,4.25,20.058823529411764,21,11987.375,12006.5,11968.25,-8.75,-38.25,-2.0588235294117645,-9.0
2022-12-15,2022,11715.5,11557.25,11636.375,158.25,17.5,8.0,19.78125,20,11633.25,11669.25,11597.25,-46.25,-40.0,-5.78125,-5.0
2022-12-16,2022,11491.5,11406.0,11448.75,85.5,17.0,4.25,20.11764705882353,21,11437.875,11465.5,11410.25,-26.0,-4.25,-6.117647058823529,-1.0
2022-12-19,2022,11359.0,11254.25,11306.625,104.75,12.75,5.25,19.952380952380953,20,11267.375,11322.5,11254.25,-36.5,0.0,-6.9523809523809526,0.0
2022-12-20,2022,11177.75,11066.75,11122.25,111.0,18.0,5.5,20.181818181818183,21,11130.0,11143.75,11083.25,-34.0,-16.5,-6.181818181818182,-3.0
2022-12-21,2022,11273.75,11181.0,11227.375,92.75,14.375,4.75,19.526315789473685,20,11226.125,11257.0,11195.25,-16.75,-14.25,-3.526315789473684,-3.0
2022-12-22,2022,11208.25,11092.75,11150.5,115.5,13.5,5.75,20.08695652173913,21,11112.875,11150.25,11098.5,-58.0,-5.75,-10.08695652173913,-1.0
2022-12-23,2022,11050.75,10922.25,10986.5,128.5,21.625,6.5,19.76923076923077,20,10945.0,11000.25,10928.75,-50.5,-6.5,-7.769230769230769,-1.0
2022-12-27,2022,11056.0,10904.75,10980.375,151.25,14.75,7.5,20.166666666666668,21,10931.0,11009.75,10912.25,-46.25,-7.5,-6.166666666666667,-1.0
2022-12-28,2022,10996.5,10861.75,10929.125,134.75,17.125,6.75,19.962962962962962,20,10973.125,10990.0,10929.25,-6.5,-67.5,-0.9629629629629629,-10.0
2022-12-29,2022,10976.75,10856.5,10916.625,120.25,13.75,6.0,20.041666666666668,21,10955.5,10976.75,10904.5,0.0,-48.0,0.0,-8.0
2022-12-30,2022,10947.75,10855.5,10901.625,92.25,18.25,4.5,20.5,21,10898.25,10936.5,10887.0,-11.25,-31.5,-2.5,-7.0
2023-01-03,2023,11182.0,10991.25,11086.625,190.75,21.375,9.5,20.07894736842105,21,11110.0,11171.75,11067.25,-10.25,-76.0,-1.0789473684210527,-8.0
2023-01-04,2023,11046.5,10954.5,11000.5,92.0,21.375,4.5,20.444444444444443,21,10979.25,11017.5,10968.0,-29.0,-13.5,-6.444444444444445,-3.0
2023-01-05,2023,10924.75,10814.75,10869.75,110.0,17.75,5.5,20.0,20,10834.0,10880.75,10820.25,-44.0,-5.5,-8.0,-1.0
2023-01-06,2023,10945.0,10766.25,10855.625,178.75,21.875,9.0,19.86111111111111,20,10824.75,10901.25,10784.25,-43.75,-18.0,-4.861111111111111,-2.0
2023-01-09,2023,11311.75,11194.75,11253.25,117.0,16.75,5.75,20.347826086956523,21,11220.625,11281.0,11194.75,-30.75,0.0,-5.3478260869565215,0.0
2023-01-10,2023,11246.0,11138.0,11192.0,108.0,21.625,5.5,19.636363636363637,20,11212.25,11226.0,11165.5,-20.0,-27.5,-3.6363636363636362,-5.0
2023-01-11,2023,11363.25,11291.0,11327.125,72.25,17.875,3.5,20.642857142857142,21,11345.25,11354.0,11322.5,-9.25,-31.5,-2.642857142857143,-9.0
2023-01-12,2023,11518.75,11311.25,11415.0,207.5,23.75,10.5,19.761904761904763,20,11348.0,11458.25,11311.25,-60.5,0.0,-5.761904761904762,0.0
2023-01-13,2023,11477.25,11408.75,11443.0,68.5,19.5,3.5,19.571428571428573,20,11438.5,11461.25,11429.75,-16.0,-21.0,-4.571428571428571,-6.0
2023-01-17,2023,11627.25,11549.5,11588.375,77.75,16.0,4.0,19.4375,20,11595.5,11621.5,11585.5,-5.75,-36.0,-1.4375,-9.0
2023-01-18,2023,11726.75,11672.25,11699.5,54.5,17.125,2.75,19.818181818181817,20,11701.125,11719.0,11688.75,-7.75,-16.5,-2.8181818181818183,-6.0
2023-01-19,2023,11446.5,11348.75,11397.625,97.75,17.0,5.0,19.55,20,11426.25,11438.75,11373.75,-7.75,-25.0,-1.55,-5.0
2023-01-20,2023,11473.0,11383.5,11428.25,89.5,14.625,4.5,19.88888888888889,20,11417.25,11437.5,11388.0,-35.5,-4.5,-7.888888888888889,-1.0
2023-01-23,2023,11821.5,11671.75,11746.625,149.75,13.875,7.5,19.966666666666665,20,11803.0,11821.5,11709.25,0.0,-37.5,0.0,-5.0
2023-01-24,2023,11951.5,11840.25,11895.875,111.25,16.5,5.5,20.227272727272727,21,11870.5,11928.25,11856.75,-23.25,-16.5,-4.2272727272727275,-3.0
2023-01-25,2023,11724.0,11622.0,11673.0,102.0,16.0,5.0,20.4,21,11689.5,11712.0,11667.0,-12.0,-45.0,-2.4,-9.0
2023-01-26,2023,12075.0,11947.0,12011.0,128.0,19.0,6.5,19.692307692307693,20,12054.25,12070.5,11999.0,-4.5,-52.0,-0.6923076923076923,-8.0
2023-01-27,2023,12147.0,12041.75,12094.375,105.25,16.625,5.25,20.047619047619047,21,12081.125,12136.25,12068.0,-10.75,-26.25,-2.0476190476190474,-5.0
2023-01-30,2023,12131.5,12059.5,12095.5,72.0,16.75,3.5,20.571428571428573,21,12096.25,12119.0,12073.5,-12.5,-14.0,-3.5714285714285716,-4.0
2023-01-31,2023,12055.25,11969.0,12012.125,86.25,19.875,4.25,20.294117647058822,21,12013.625,12032.75,11994.5,-22.5,-25.5,-5.294117647058823,-6.0
2023-02-01,2023,12158.0,12101.25,12129.625,56.75,13.375,2.75,20.636363636363637,21,12130.125,12148.0,12112.25,-10.0,-11.0,-3.6363636363636362,-4.0
2023-02-02,2023,12748.25,12668.75,12708.5,79.5,22.25,4.0,19.875,20,12690.75,12724.75,12680.75,-23.5,-12.0,-5.875,-3.0
2023-02-03,2023,12754.25,12558.5,12656.375,195.75,26.75,9.75,20.076923076923077,21,12729.125,12753.5,12626.75,-0.75,-68.25,-0.07692307692307693,-7.0
2023-02-06,2023,12569.0,12502.5,12535.75,66.5,21.5,3.25,20.46153846153846,21,12539.875,12561.0,12525.25,-8.0,-22.75,-2.4615384615384617,-7.0
2023-02-07,2023,12554.25,12488.75,12521.5,65.5,16.5,3.25,20.153846153846153,21,12519.625,12527.75,12498.5,-26.5,-9.75,-8.153846153846153,-3.0
2023-02-08,2023,12752.0,12662.5,12707.25,89.5,17.75,4.5,19.88888888888889,20,12727.75,12748.0,12689.5,-4.0,-27.0,-0.8888888888888888,-6.0
2023-02-09,2023,12728.5,12634.25,12681.375,94.25,17.0,4.75,19.842105263157894,20,12679.375,12700.75,12648.5,-27.75,-14.25,-5.842105263157895,-3.0
2023-02-10,2023,12394.0,12311.5,12352.75,82.5,19.375,4.25,19.41176470588235,20,12356.125,12375.25,12328.5,-18.75,-17.0,-4.411764705882353,-4.0
2023-02-13,2023,12465.75,12352.0,12408.875,113.75,17.0,5.75,19.782608695652176,20,12412.375,12438.25,12375.0,-27.5,-23.0,-4.782608695652174,-4.0
2023-02-14,2023,12601.75,12390.5,12496.125,211.25,25.5,10.5,20.11904761904762,21,12542.75,12569.0,12432.5,-32.75,-42.0,-3.119047619047619,-4.0
2023-02-15,2023,12631.5,12543.5,12587.5,88.0,18.625,4.5,19.555555555555557,20,12595.25,12615.5,12557.0,-16.0,-13.5,-3.5555555555555554,-3.0
2023-02-16,2023,12592.0,12496.5,12544.25,95.5,20.375,4.75,20.105263157894736,21,12565.375,12577.25,12525.0,-14.75,-28.5,-3.1052631578947367,-6.0
2023-02-17,2023,12423.75,12296.25,12360.0,127.5,16.375,6.5,19.615384615384617,20,12319.0,12387.25,12302.75,-36.5,-6.5,-5.615384615384615,-1.0
2023-02-21,2023,12290.0,12216.5,12253.25,73.5,13.875,3.75,19.6,20,12248.375,12265.25,12224.0,-24.75,-7.5,-6.6,-2.0
2023-02-22,2023,12174.5,12115.5,12145.0,59.0,13.75,3.0,19.666666666666668,20,12138.0,12157.5,12124.5,-17.0,-9.0,-5.666666666666667,-3.0
2023-02-23,2023,12259.75,12197.25,12228.5,62.5,15.5,3.25,19.23076923076923,20,12241.125,12249.25,12213.5,-10.5,-16.25,-3.230769230769231,-5.0
2023-02-24,2023,12043.0,11955.25,11999.125,87.75,13.25,4.5,19.5,20,12007.0,12027.25,11968.75,-15.75,-13.5,-3.5,-3.0
2023-02-27,2023,12151.5,12106.25,12128.875,45.25,13.0,2.25,20.11111111111111,21,12125.375,12135.5,12110.75,-16.0,-4.5,-7.111111111111111,-2.0
2023-02-28,2023,12113.25,12041.5,12077.375,71.75,13.75,3.5,20.5,21,12085.25,12101.0,12062.5,-12.25,-21.0,-3.5,-6.0
2023-03-01,2023,12079.5,12004.0,12041.75,75.5,13.5,3.75,20.133333333333333,21,12054.625,12064.0,12022.75,-15.5,-18.75,-4.133333333333334,-5.0
2023-03-02,2023,11911.5,11846.25,11878.875,65.25,12.5,3.25,20.076923076923077,21,11867.375,11888.5,11852.75,-23.0,-6.5,-7.076923076923077,-2.0
2023-03-03,2023,12199.5,12111.5,12155.5,88.0,11.125,4.5,19.555555555555557,20,12127.25,12174.5,12111.5,-25.0,0.0,-5.555555555555555,0.0
2023-03-06,2023,12396.5,12347.25,12371.875,49.25,12.125,2.5,19.7,20,12376.0,12382.25,12354.75,-14.25,-7.5,-5.7,-3.0
2023-03-07,2023,12362.75,12313.0,12337.875,49.75,9.5,2.5,19.9,20,12349.25,12360.5,12338.0,-2.25,-25.0,-0.9,-10.0
2023-03-08,2023,12216.0,12155.0,12185.5,61.0,12.5,3.0,20.333333333333332,21,12174.5,12188.0,12155.0,-28.0,0.0,-9.333333333333334,0.0
2023-03-09,2023,12339.5,12230.0,12284.75,109.5,12.5,5.5,19.90909090909091,20,12320.75,12334.5,12263.0,-5.0,-33.0,-0.9090909090909091,-6.0
2023-03-10,2023,12027.5,11865.0,11946.25,162.5,21.75,8.25,19.696969696969695,20,11893.875,11964.0,11873.25,-63.5,-8.25,-7.696969696969697,-1.0
2023-03-13,2023,11921.75,11705.0,11813.375,216.75,30.375,10.75,20.162790697674417,21,11742.625,11855.5,11705.0,-66.25,0.0,-6.162790697674419,0.0
2023-03-14,2023,12291.0,12200.75,12245.875,90.25,17.125,4.5,20.055555555555557,21,12261.5,12281.75,12223.25,-9.25,-22.5,-2.0555555555555554,-5.0
2023-03-15,2023,12276.25,12193.5,12234.875,82.75,26.625,4.25,19.470588235294116,20,12238.125,12248.75,12210.5,-27.5,-17.0,-6.470588235294118,-4.0
2023-03-16,2023,12418.5,12314.0,12366.25,104.5,17.625,5.25,19.904761904761905,20,12363.875,12387.5,12329.75,-31.0,-15.75,-5.904761904761905,-3.0
2023-03-17,2023,12764.0,12691.75,12727.875,72.25,16.25,3.5,20.642857142857142,21,12714.5,12737.25,12705.75,-26.75,-14.0,-7.642857142857143,-4.0
2023-03-20,2023,12633.0,12529.5,12581.25,103.5,18.5,5.25,19.714285714285715,20,12568.875,12603.0,12555.75,-30.0,-26.25,-5.714285714285714,-5.0
2023-03-21,2023,12818.0,12763.5,12790.75,54.5,10.75,2.75,19.818181818181817,20,12789.625,12807.5,12782.75,-10.5,-19.25,-3.8181818181818183,-7.0
2023-03-22,2023,12895.75,12851.25,12873.5,44.5,10.375,2.25,19.77777777777778,20,12868.125,12882.75,12862.5,-13.0,-11.25,-5.777777777777778,-5.0
2023-03-23,2023,12896.5,12847.25,12871.875,49.25,14.125,2.5,19.7,20,12873.5,12884.75,12857.25,-11.75,-10.0,-4.7,-4.0
2023-03-24,2023,12844.75,12736.25,12790.5,108.5,19.0,5.5,19.727272727272727,20,12783.0,12829.75,12758.25,-15.0,-22.0,-2.727272727272727,-4.0
2023-03-27,2023,12965.25,12880.75,12923.0,84.5,14.0,4.25,19.88235294117647,20,12908.375,12944.5,12889.25,-20.75,-8.5,-4.882352941176471,-2.0
2023-03-28,2023,12777.25,12682.75,12730.0,94.5,11.75,4.75,19.894736842105264,20,12708.875,12730.25,12687.5,-47.0,-4.75,-9.894736842105264,-1.0
2023-03-29,2023,12928.0,12881.0,12904.5,47.0,10.0,2.25,20.88888888888889,21,12909.125,12919.25,12899.0,-8.75,-18.0,-3.888888888888889,-8.0
2023-03-30,2023,13081.25,13037.0,13059.125,44.25,10.375,2.25,19.666666666666668,20,13056.125,13066.25,13046.0,-15.0,-9.0,-6.666666666666667,-4.0
2023-03-31,2023,13154.0,13080.25,13117.125,73.75,9.25,3.75,19.666666666666668,20,13145.875,13154.0,13114.0,0.0,-33.75,0.0,-9.0
2023-04-03,2023,13261.75,13198.25,13230.0,63.5,9.875,3.25,19.53846153846154,20,13232.375,13260.0,13224.25,-1.75,-26.0,-0.5384615384615384,-8.0
2023-04-04,2023,13296.25,13230.0,13263.125,66.25,11.25,3.25,20.384615384615383,21,13280.375,13288.5,13252.75,-7.75,-22.75,-2.3846153846153846,-7.0
2023-04-05,2023,13182.0,13120.0,13151.0,62.0,12.625,3.0,20.666666666666668,21,13157.5,13165.0,13126.0,-17.0,-6.0,-5.666666666666667,-2.0
2023-04-06,2023,13013.5,12953.25,12983.375,60.25,11.25,3.0,20.083333333333332,21,12966.75,12980.25,12959.25,-33.25,-6.0,-11.083333333333334,-2.0
2023-04-10,2023,13050.25,12967.5,13008.875,82.75,11.5,4.25,19.470588235294116,20,12982.375,13010.0,12971.75,-40.25,-4.25,-9.470588235294118,-1.0
2023-04-11,2023,13160.5,13092.75,13126.625,67.75,11.625,3.5,19.357142857142858,20,13108.5,13138.25,13099.75,-22.25,-7.0,-6.357142857142857,-2.0
2023-04-12,2023,13180.5,13033.5,13107.0,147.0,13.5,7.25,20.275862068965516,21,13066.125,13142.25,13033.5,-38.25,0.0,-5.275862068965517,0.0
2023-04-13,2023,13080.75,13019.75,13050.25,61.0,12.75,3.0,20.333333333333332,21,13051.25,13070.75,13043.75,-10.0,-24.0,-3.3333333333333335,-8.0
2023-04-14,2023,13251.75,13133.5,13192.625,118.25,10.5,6.0,19.708333333333332,20,13232.5,13247.5,13157.5,-4.25,-24.0,-0.7083333333333334,-4.0
2023-04-17,2023,13206.0,13141.25,13173.625,64.75,13.5,3.25,19.923076923076923,20,13155.875,13183.5,13147.75,-22.5,-6.5,-6.923076923076923,-2.0
2023-04-18,2023,13297.75,13242.0,13269.875,55.75,10.75,2.75,20.272727272727273,21,13279.125,13286.0,13261.25,-11.75,-19.25,-4.2727272727272725,-7.0
2023-04-19,2023,13132.75,13080.5,13106.625,52.25,11.375,2.5,20.9,21,13114.25,13125.5,13098.0,-7.25,-17.5,-2.9,-7.0
2023-04-20,2023,13124.75,13046.25,13085.5,78.5,10.125,4.0,19.625,20,13112.25,13122.25,13078.25,-2.5,-32.0,-0.625,-8.0
2023-04-21,2023,13074.0,12994.5,13034.25,79.5,13.625,4.0,19.875,20,13052.5,13070.5,13026.5,-3.5,-32.0,-0.875,-8.0
2023-04-24,2023,13134.0,13054.0,13094.0,80.0,10.0,4.0,20.0,20,13116.0,13134.0,13090.0,0.0,-36.0,0.0,-9.0
2023-04-25,2023,13015.5,12966.0,12990.75,49.5,12.0,2.5,19.8,20,12979.75,13001.0,12973.5,-14.5,-7.5,-5.8,-3.0
2023-04-26,2023,12964.75,12899.25,12932.0,65.5,15.0,3.25,20.153846153846153,21,12926.875,12948.0,12912.25,-16.75,-13.0,-5.153846153846154,-4.0
2023-04-27,2023,13062.5,13013.5,13038.0,49.0,13.0,2.5,19.6,20,13032.25,13048.5,13021.0,-14.0,-7.5,-5.6,-3.0
2023-04-28,2023,13244.0,13172.25,13208.125,71.75,12.625,3.5,20.5,21,13205.5,13228.25,13196.75,-15.75,-24.5,-4.5,-7.0
2023-05-01,2023,13328.25,13285.75,13307.0,42.5,9.75,2.25,18.88888888888889,19,13309.375,13315.0,13294.75,-13.25,-9.0,-5.888888888888889,-4.0
2023-05-02,2023,13313.25,13265.75,13289.5,47.5,10.25,2.5,19.0,19,13292.0,13303.25,13280.75,-10.0,-15.0,-4.0,-6.0
2023-05-03,2023,13241.75,13187.75,13214.75,54.0,10.625,2.75,19.636363636363637,20,13213.875,13226.25,13190.5,-15.5,-2.75,-5.636363636363637,-1.0
2023-05-04,2023,13086.0,13027.0,13056.5,59.0,14.0,3.0,19.666666666666668,20,13049.5,13069.0,13036.0,-17.0,-9.0,-5.666666666666667,-3.0
2023-05-05,2023,13193.0,13124.25,13158.625,68.75,9.125,3.5,19.642857142857142,20,13161.0,13183.75,13152.25,-9.25,-28.0,-2.642857142857143,-8.0
2023-05-08,2023,13310.25,13261.25,13285.75,49.0,8.625,2.5,19.6,20,13270.0,13296.25,13263.75,-14.0,-2.5,-5.6,-1.0
2023-05-09,2023,13311.5,13274.5,13293.0,37.0,7.875,1.75,21.142857142857142,22,13287.625,13292.0,13279.75,-19.5,-5.25,-11.142857142857142,-3.0
2023-05-10,2023,13417.0,13321.25,13369.125,95.75,11.875,4.75,20.157894736842106,21,13356.875,13397.25,13335.5,-19.75,-14.25,-4.157894736842105,-3.0
2023-05-11,2023,13433.25,13372.25,13402.75,61.0,11.5,3.0,20.333333333333332,21,13388.75,13408.25,13381.25,-25.0,-9.0,-8.333333333333334,-3.0
2023-05-12,2023,13487.25,13439.0,13463.125,48.25,7.625,2.5,19.3,20,13477.75,13484.0,13456.5,-3.25,-17.5,-1.3,-7.0
2023-05-15,2023,13428.25,13374.25,13401.25,54.0,9.625,2.75,19.636363636363637,20,13411.375,13418.25,13393.5,-10.0,-19.25,-3.6363636363636362,-7.0
2023-05-16,2023,13515.75,13434.5,13475.125,81.25,9.25,4.0,20.3125,21,13472.5,13506.5,13462.5,-9.25,-28.0,-2.3125,-7.0
2023-05-17,2023,13540.0,13475.5,13507.75,64.5,8.875,3.25,19.846153846153847,20,13529.125,13537.25,13495.0,-2.75,-19.5,-0.8461538461538461,-6.0
2023-05-18,2023,13718.0,13652.75,13685.375,65.25,9.25,3.25,20.076923076923077,21,13699.875,13714.5,13685.25,-3.5,-32.5,-1.0769230769230769,-10.0
2023-05-19,2023,13929.0,13878.25,13903.625,50.75,9.875,2.5,20.3,21,13892.0,13908.25,13885.75,-20.75,-7.5,-8.3,-3.0
2023-05-22,2023,13946.75,13847.0,13896.875,99.75,11.0,5.0,19.95,20,13939.5,13946.75,13877.0,0.0,-30.0,0.0,-6.0
2023-05-23,2023,13877.0,13822.25,13849.625,54.75,11.0,2.75,19.90909090909091,20,13862.125,13869.0,13849.75,-8.0,-27.5,-2.909090909090909,-10.0
2023-05-24,2023,13675.0,13620.75,13647.875,54.25,11.0,2.75,19.727272727272727,20,13663.375,13670.25,13634.5,-4.75,-13.75,-1.7272727272727273,-5.0
2023-05-25,2023,13965.75,13851.25,13908.5,114.5,15.875,5.75,19.91304347826087,20,13888.625,13903.0,13862.75,-62.75,-11.5,-10.91304347826087,-2.0
2023-05-26,2023,14124.0,14014.75,14069.375,109.25,11.25,5.5,19.863636363636363,20,14083.5,14119.25,14036.75,-4.75,-22.0,-0.8636363636363636,-4.0
2023-05-30,2023,14559.5,14427.75,14493.625,131.75,18.125,6.5,20.26923076923077,21,14515.5,14544.75,14486.25,-14.75,-58.5,-2.269230769230769,-9.0
2023-05-31,2023,14412.25,14324.0,14368.125,88.25,15.5,4.5,19.61111111111111,20,14384.75,14405.0,14346.5,-7.25,-22.5,-1.6111111111111112,-5.0
2023-06-01,2023,14323.75,14252.0,14287.875,71.75,16.5,3.5,20.5,21,14295.75,14304.5,14273.0,-19.25,-21.0,-5.5,-6.0
2023-06-02,2023,14627.75,14473.25,14550.5,154.5,16.625,7.75,19.93548387096774,20,14608.875,14627.75,14527.5,0.0,-54.25,0.0,-7.0
2023-06-05,2023,14652.25,14567.75,14610.0,84.5,12.25,4.25,19.88235294117647,20,14599.625,14627.25,14580.5,-25.0,-12.75,-5.882352941176471,-3.0
2023-06-06,2023,14561.75,14504.5,14533.125,57.25,12.75,2.75,20.818181818181817,21,14533.375,14551.25,14521.0,-10.5,-16.5,-3.8181818181818183,-6.0
2023-06-07,2023,14675.0,14591.75,14633.375,83.25,11.875,4.25,19.58823529411765,20,14657.625,14675.0,14638.5,0.0,-46.75,0.0,-11.0
2023-06-08,2023,14397.0,14328.0,14362.5,69.0,17.375,3.5,19.714285714285715,20,14361.25,14377.0,14345.5,-20.0,-17.5,-5.714285714285714,-5.0
2023-06-09,2023,14668.5,14557.0,14612.75,111.5,14.125,5.5,20.272727272727273,21,14592.75,14650.5,14568.0,-18.0,-11.0,-3.272727272727273,-2.0
2023-06-12,2023,14637.5,14600.5,14619.0,37.0,13.125,1.75,21.142857142857142,22,14613.625,14625.0,14605.75,-12.5,-5.25,-7.142857142857143,-3.0
2023-06-13,2023,15130.0,15011.75,15070.875,118.25,23.0,6.0,19.708333333333332,20,15098.75,15113.75,15035.75,-16.25,-24.0,-2.7083333333333335,-4.0
2023-06-14,2023,15123.75,15052.5,15088.125,71.25,12.375,3.5,20.357142857142858,21,15110.25,15119.0,15073.5,-4.75,-21.0,-1.3571428571428572,-6.0
2023-06-15,2023,15222.75,15114.5,15168.625,108.25,17.75,5.5,19.681818181818183,20,15205.25,15219.0,15136.5,-3.75,-22.0,-0.6818181818181818,-4.0
2023-06-16,2023,15475.5,15333.0,15404.25,142.5,19.125,7.25,19.655172413793103,20,15358.375,15420.0,15340.25,-55.5,-7.25,-7.655172413793103,-1.0
2023-06-20,2023,15310.75,15204.5,15257.625,106.25,14.0,5.25,20.238095238095237,21,15275.375,15299.0,15241.25,-11.75,-36.75,-2.238095238095238,-7.0
2023-06-21,2023,15219.25,15116.5,15167.875,102.75,15.125,5.25,19.571428571428573,20,15203.125,15216.25,15158.5,-3.0,-42.0,-0.5714285714285714,-8.0
2023-06-22,2023,15096.75,14964.0,15030.375,132.75,14.75,6.75,19.666666666666668,20,15014.625,15085.5,14997.75,-11.25,-33.75,-1.6666666666666667,-5.0
2023-06-23,2023,15087.75,14985.25,15036.5,102.5,18.625,5.25,19.523809523809526,20,15061.375,15074.5,15006.25,-13.25,-21.0,-2.5238095238095237,-4.0
2023-06-26,2023,15139.75,15024.5,15082.125,115.25,10.375,5.75,20.043478260869566,21,15084.875,15133.75,15047.5,-6.0,-23.0,-1.0434782608695652,-4.0
2023-06-27,2023,14970.5,14898.0,14934.25,72.5,17.75,3.75,19.333333333333332,20,14952.375,14961.75,14920.5,-8.75,-22.5,-2.3333333333333335,-6.0
2023-06-28,2023,15108.0,15025.5,15066.75,82.5,16.75,4.25,19.41176470588235,20,15061.625,15089.25,15042.5,-18.75,-17.0,-4.411764705882353,-4.0
2023-06-29,2023,15144.75,15078.0,15111.375,66.75,16.375,3.25,20.53846153846154,21,15121.875,15130.0,15094.25,-14.75,-16.25,-4.538461538461538,-5.0
2023-06-30,2023,15330.5,15238.5,15284.5,92.0,13.625,4.5,20.444444444444443,21,15317.25,15328.5,15261.0,-2.0,-22.5,-0.4444444444444444,-5.0
2023-07-05,2023,15395.75,15292.5,15344.125,103.25,11.125,5.25,19.666666666666668,20,15379.125,15392.25,15334.5,-3.5,-42.0,-0.6666666666666666,-8.0
2023-07-06,2023,15214.25,15129.25,15171.75,85.0,15.875,4.25,20.0,20,15186.625,15197.25,15150.5,-17.0,-21.25,-4.0,-5.0
2023-07-07,2023,15276.75,15188.75,15232.75,88.0,15.375,4.5,19.555555555555557,20,15227.0,15256.25,15206.75,-20.5,-18.0,-4.555555555555555,-4.0
2023-07-10,2023,15214.75,15085.5,15150.125,129.25,15.375,6.5,19.884615384615383,20,15199.25,15214.75,15131.0,0.0,-45.5,0.0,-7.0
2023-07-11,2023,15233.5,15141.5,15187.5,92.0,15.125,4.5,20.444444444444443,21,15161.75,15209.0,15150.5,-24.5,-9.0,-5.444444444444445,-2.0
2023-07-12,2023,15470.0,15408.5,15439.25,61.5,14.75,3.0,20.5,21,15434.0,15459.5,15420.5,-10.5,-12.0,-3.5,-4.0
2023-07-13,2023,15621.5,15552.25,15586.875,69.25,10.125,3.5,19.785714285714285,20,15606.5,15615.25,15583.75,-6.25,-31.5,-1.7857142857142858,-9.0
2023-07-14,2023,15811.75,15721.5,15766.625,90.25,12.125,4.5,20.055555555555557,21,15800.25,15811.5,15762.0,-0.25,-40.5,-0.05555555555555555,-9.0
2023-07-17,2023,15781.5,15708.75,15745.125,72.75,15.25,3.75,19.4,20,15725.625,15765.0,15716.25,-16.5,-7.5,-4.4,-2.0
2023-07-18,2023,15816.0,15733.0,15774.5,83.0,13.125,4.25,19.529411764705884,20,15764.875,15784.0,15745.75,-32.0,-12.75,-7.529411764705882,-3.0
2023-07-19,2023,16037.0,15977.5,16007.25,59.5,14.125,3.0,19.833333333333332,20,15997.0,16022.5,15989.5,-14.5,-12.0,-4.833333333333333,-4.0
2023-07-20,2023,15895.0,15831.75,15863.375,63.25,12.625,3.25,19.46153846153846,20,15875.625,15890.25,15861.0,-4.75,-29.25,-1.4615384615384615,-9.0
2023-07-21,2023,15719.25,15621.25,15670.25,98.0,17.125,5.0,19.6,20,15673.75,15686.25,15621.25,-33.0,0.0,-6.6,0.0
2023-07-24,2023,15618.75,15483.75,15551.25,135.0,17.25,6.75,20.0,20,15601.875,15618.75,15531.0,0.0,-47.25,0.0,-7.0
2023-07-25,2023,15669.75,15587.75,15628.75,82.0,12.375,4.0,20.5,21,15617.75,15651.75,15607.75,-18.0,-20.0,-4.5,-5.0
2023-07-26,2023,15639.25,15566.0,15602.625,73.25,13.0,3.75,19.533333333333335,20,15605.375,15622.25,15581.0,-17.0,-15.0,-4.533333333333333,-4.0
2023-07-27,2023,15904.0,15823.0,15863.5,81.0,13.75,4.0,20.25,21,15877.0,15895.0,15851.0,-9.0,-28.0,-2.25,-7.0
2023-07-28,2023,15819.75,15715.75,15767.75,104.0,16.125,5.25,19.80952380952381,20,15786.625,15819.75,15731.5,0.0,-15.75,0.0,-3.0
2023-07-31,2023,15905.0,15805.25,15855.125,99.75,15.5,5.0,19.95,20,15872.75,15895.25,15850.25,-9.75,-45.0,-1.95,-9.0
2023-08-01,2023,15808.0,15764.25,15786.125,43.75,12.25,2.25,19.444444444444443,20,15785.625,15795.75,15775.5,-12.25,-11.25,-5.444444444444445,-5.0
2023-08-02,2023,15668.75,15581.5,15625.125,87.25,17.375,4.25,20.529411764705884,21,15604.875,15624.0,15585.75,-44.75,-4.25,-10.529411764705882,-1.0
2023-08-03,2023,15458.0,15351.25,15404.625,106.75,16.375,5.25,20.333333333333332,21,15437.875,15451.0,15382.75,-7.0,-31.5,-1.3333333333333333,-6.0
2023-08-04,2023,15583.5,15440.0,15511.75,143.5,17.0,7.25,19.79310344827586,20,15523.375,15583.5,15490.75,0.0,-50.75,0.0,-7.0
2023-08-07,2023,15473.25,15373.5,15423.375,99.75,16.625,5.0,19.95,20,15421.0,15443.5,15398.5,-29.75,-25.0,-5.95,-5.0
2023-08-08,2023,15379.5,15274.0,15326.75,105.5,14.0,5.25,20.095238095238095,21,15360.625,15373.75,15295.0,-5.75,-21.0,-1.0952380952380953,-4.0
2023-08-09,2023,15368.5,15263.75,15316.125,104.75,13.75,5.25,19.952380952380953,20,15282.125,15347.75,15269.0,-20.75,-5.25,-3.9523809523809526,-1.0
2023-08-10,2023,15425.5,15273.25,15349.375,152.25,16.875,7.5,20.3,21,15374.5,15408.25,15310.75,-17.25,-37.5,-2.3,-5.0
2023-08-11,2023,15116.75,15052.0,15084.375,64.75,16.125,3.25,19.923076923076923,20,15069.875,15091.0,15061.75,-25.75,-9.75,-7.923076923076923,-3.0
2023-08-14,2023,15126.25,15035.0,15080.625,91.25,17.0,4.5,20.27777777777778,21,15104.75,15116.0,15057.5,-10.25,-22.5,-2.2777777777777777,-5.0
2023-08-15,2023,15259.25,15175.25,15217.25,84.0,17.75,4.25,19.764705882352942,20,15236.875,15247.5,15192.25,-11.75,-17.0,-2.764705882352941,-4.0
2023-08-16,2023,15127.75,15051.0,15089.375,76.75,13.875,3.75,20.466666666666665,21,15097.875,15114.75,15073.5,-13.0,-22.5,-3.466666666666667,-6.0
2023-08-17,2023,15007.5,14908.0,14957.75,99.5,12.0,5.0,19.9,20,14965.5,14978.0,14923.0,-29.5,-15.0,-5.9,-3.0
2023-08-18,2023,14697.0,14623.5,14660.25,73.5,18.25,3.75,19.6,20,14655.375,14672.25,14638.5,-24.75,-15.0,-6.6,-4.0
2023-08-21,2023,14913.5,14805.5,14859.5,108.0,13.375,5.5,19.636363636363637,20,14874.25,14899.0,14849.5,-14.5,-44.0,-2.6363636363636362,-8.0
2023-08-22,2023,15092.25,14997.75,15045.0,94.5,13.375,4.75,19.894736842105264,20,15038.125,15059.5,14997.75,-32.75,0.0,-6.894736842105263,0.0
2023-08-23,2023,15105.25,14999.5,15052.375,105.75,15.375,5.25,20.142857142857142,21,15017.875,15073.0,15004.75,-32.25,-5.25,-6.142857142857143,-1.0
2023-08-24,2023,15339.75,15185.0,15262.375,154.75,16.875,7.75,19.967741935483872,20,15212.125,15262.5,15192.75,-77.25,-7.75,-9.96774193548387,-1.0
2023-08-25,2023,14955.0,14892.25,14923.625,62.75,17.125,3.25,19.307692307692307,20,14932.875,14947.5,14918.25,-7.5,-26.0,-2.3076923076923075,-8.0
2023-08-28,2023,15126.5,15004.5,15065.5,122.0,19.125,6.0,20.333333333333332,21,15061.5,15100.5,15034.5,-26.0,-30.0,-4.333333333333333,-5.0
2023-08-29,2023,15175.0,15062.75,15118.875,112.25,11.75,5.5,20.40909090909091,21,15159.0,15172.75,15090.25,-2.25,-27.5,-0.4090909090909091,-5.0
2023-08-30,2023,15477.0,15386.5,15431.75,90.5,16.75,4.5,20.11111111111111,21,15411.25,15449.5,15400.0,-27.5,-13.5,-6.111111111111111,-3.0
2023-08-31,2023,15568.0,15488.75,15528.375,79.25,15.625,4.0,19.8125,20,15530.75,15548.75,15512.75,-19.25,-24.0,-4.8125,-6.0
2023-09-01,2023,15652.75,15498.75,15575.75,154.0,18.5,7.75,19.870967741935484,20,15541.375,15591.75,15498.75,-61.0,0.0,-7.870967741935484,0.0
2023-09-05,2023,15507.0,15446.25,15476.625,60.75,17.5,3.0,20.25,21,15483.75,15497.25,15464.25,-9.75,-18.0,-3.25,-6.0
2023-09-06,2023,15514.25,15460.5,15487.375,53.75,14.25,2.75,19.545454545454547,20,15478.375,15501.75,15471.5,-12.5,-11.0,-4.545454545454546,-4.0
2023-09-07,2023,15241.0,15157.5,15199.25,83.5,18.125,4.25,19.647058823529413,20,15189.375,15217.0,15170.25,-24.0,-12.75,-5.647058823529412,-3.0
2023-09-08,2023,15371.75,15270.0,15320.875,101.75,12.625,5.0,20.35,21,15347.5,15370.0,15325.0,-1.75,-55.0,-0.35,-11.0
2023-09-11,2023,15448.25,15351.75,15400.0,96.5,15.625,4.75,20.31578947368421,21,15387.375,15427.75,15356.5,-20.5,-4.75,-4.315789473684211,-1.0
2023-09-12,2023,15658.75,15585.5,15622.125,73.25,12.875,3.75,19.533333333333335,20,15621.125,15645.5,15604.25,-13.25,-18.75,-3.533333333333333,-5.0
2023-09-13,2023,15561.5,15493.5,15527.5,68.0,16.5,3.5,19.428571428571427,20,15544.25,15553.0,15521.5,-8.5,-28.0,-2.4285714285714284,-8.0
2023-09-14,2023,15638.75,15536.25,15587.5,102.5,17.375,5.25,19.523809523809526,20,15607.125,15620.25,15573.0,-18.5,-36.75,-3.5238095238095237,-7.0
2023-09-15,2023,15627.5,15489.0,15558.25,138.5,13.875,7.0,19.785714285714285,20,15527.5,15587.0,15496.0,-40.5,-7.0,-5.785714285714286,-1.0
2023-09-18,2023,15435.0,15343.0,15389.0,92.0,14.375,4.5,20.444444444444443,21,15408.25,15428.5,15379.0,-6.5,-36.0,-1.4444444444444444,-8.0
2023-09-19,2023,15373.25,15303.25,15338.25,70.0,14.5,3.5,20.0,20,15347.0,15355.75,15317.25,-17.5,-14.0,-5.0,-4.0
2023-09-20,2023,15435.25,15375.0,15405.125,60.25,11.875,3.0,20.083333333333332,21,15418.5,15432.0,15393.0,-3.25,-18.0,-1.0833333333333333,-6.0
2023-09-21,2023,15020.25,14929.25,14974.75,91.0,16.75,4.5,20.22222222222222,21,14999.0,15019.25,14969.75,-1.0,-40.5,-0.2222222222222222,-9.0
2023-09-22,2023,14950.5,14888.0,14919.25,62.5,13.25,3.25,19.23076923076923,20,14922.125,14943.25,14907.5,-7.25,-19.5,-2.230769230769231,-6.0
2023-09-25,2023,14896.5,14782.5,14839.5,114.0,16.75,5.75,19.82608695652174,20,14860.125,14886.0,14811.25,-10.5,-28.75,-1.826086956521739,-5.0
2023-09-26,2023,14846.25,14764.0,14805.125,82.25,13.375,4.0,20.5625,21,14822.0,14846.25,14796.0,0.0,-32.0,0.0,-8.0
2023-09-27,2023,14806.0,14749.25,14777.625,56.75,13.0,2.75,20.636363636363637,21,14769.875,14782.25,14757.5,-23.75,-8.25,-8.636363636363637,-3.0
2023-09-28,2023,14747.75,14658.0,14702.875,89.75,18.875,4.5,19.944444444444443,20,14682.75,14703.0,14662.5,-44.75,-4.5,-9.944444444444445,-1.0
2023-09-29,2023,15044.25,14976.75,15010.5,67.5,14.25,3.5,19.285714285714285,20,14996.0,15025.75,14987.25,-18.5,-10.5,-5.285714285714286,-3.0
2023-10-02,2023,14961.0,14847.75,14904.375,113.25,15.0,5.75,19.695652173913043,20,14925.375,14951.25,14899.5,-9.75,-51.75,-1.6956521739130435,-9.0
2023-10-03,2023,14974.75,14873.5,14924.125,101.25,15.375,5.0,20.25,21,14906.0,14948.5,14883.5,-26.25,-10.0,-5.25,-2.0
2023-10-04,2023,14834.5,14749.0,14791.75,85.5,15.0,4.25,20.11764705882353,21,14806.375,14825.5,14787.25,-9.0,-38.25,-2.1176470588235294,-9.0
2023-10-05,2023,14926.5,14819.0,14872.75,107.5,15.75,5.5,19.545454545454547,20,14904.25,14918.0,14835.5,-8.5,-16.5,-1.5454545454545454,-3.0
2023-10-06,2023,14801.0,14702.25,14751.625,98.75,24.625,5.0,19.75,20,14759.75,14792.25,14737.25,-8.75,-35.0,-1.75,-7.0
2023-10-09,2023,15062.5,14949.5,15006.0,113.0,15.75,5.75,19.652173913043477,20,14975.375,15047.25,14961.0,-15.25,-11.5,-2.652173913043478,-2.0
2023-10-10,2023,15241.25,15180.0,15210.625,61.25,14.625,3.0,20.416666666666668,21,15202.5,15222.0,15195.0,-19.25,-15.0,-6.416666666666667,-5.0
2023-10-11,2023,15387.25,15317.25,15352.25,70.0,11.875,3.5,20.0,20,15340.0,15376.75,15331.25,-10.5,-14.0,-3.0,-4.0
2023-10-12,2023,15416.25,15366.0,15391.125,50.25,14.5,2.5,20.1,21,15384.75,15396.0,15368.5,-20.25,-2.5,-8.1,-1.0
2023-10-13,2023,15366.75,15302.5,15334.625,64.25,15.75,3.25,19.76923076923077,20,15336.625,15351.25,15322.0,-15.5,-19.5,-4.769230769230769,-6.0
2023-10-16,2023,15260.0,15168.75,15214.375,91.25,15.25,4.5,20.27777777777778,21,15207.0,15236.25,15186.75,-23.75,-18.0,-5.277777777777778,-4.0
2023-10-17,2023,15142.0,15050.25,15096.125,91.75,14.875,4.5,20.38888888888889,21,15124.5,15142.0,15077.25,0.0,-27.0,0.0,-6.0
2023-10-18,2023,15198.75,15122.5,15160.625,76.25,17.5,3.75,20.333333333333332,21,15143.125,15167.5,15133.75,-31.25,-11.25,-8.333333333333334,-3.0
2023-10-19,2023,15109.0,15021.25,15065.125,87.75,14.25,4.5,19.5,20,15041.5,15079.75,15030.25,-29.25,-9.0,-6.5,-2.0
2023-10-20,2023,14886.0,14810.75,14848.375,75.25,18.375,3.75,20.066666666666666,21,14850.125,14874.5,14833.25,-11.5,-22.5,-3.066666666666667,-6.0
2023-10-23,2023,14642.75,14514.25,14578.5,128.5,18.75,6.5,19.76923076923077,20,14602.0,14631.25,14546.75,-11.5,-32.5,-1.7692307692307692,-5.0
2023-10-24,2023,14838.0,14758.5,14798.25,79.5,20.5,4.0,19.875,20,14788.5,14822.5,14778.5,-15.5,-20.0,-3.875,-5.0
2023-10-25,2023,14749.25,14605.25,14677.25,144.0,15.25,7.25,19.862068965517242,20,14652.375,14670.5,14605.25,-78.75,0.0,-10.862068965517242,0.0
2023-10-26,2023,14459.0,14313.5,14386.25,145.5,24.875,7.25,20.06896551724138,21,14418.625,14451.25,14357.0,-7.75,-43.5,-1.0689655172413792,-6.0
2023-10-27,2023,14357.0,14291.0,14324.0,66.0,20.125,3.25,20.307692307692307,21,14318.625,14339.75,14310.5,-17.25,-19.5,-5.3076923076923075,-6.0
2023-10-30,2023,14476.5,14334.75,14405.625,141.75,13.5,7.0,20.25,21,14464.25,14476.5,14390.75,0.0,-56.0,0.0,-8.0
2023-10-31,2023,14428.75,14311.25,14370.0,117.5,15.625,6.0,19.583333333333332,20,14338.25,14365.25,14311.25,-63.5,0.0,-10.583333333333334,0.0
2023-11-01,2023,14581.5,14515.25,14548.375,66.25,14.125,3.25,20.384615384615383,21,14568.875,14577.0,14534.75,-4.5,-19.5,-1.3846153846153846,-6.0
2023-11-02,2023,14952.5,14900.75,14926.625,51.75,13.5,2.5,20.7,21,14919.5,14935.75,14908.25,-16.75,-7.5,-6.7,-3.0
2023-11-03,2023,15139.75,15040.5,15090.125,99.25,12.375,5.0,19.85,20,15123.0,15139.75,15060.5,0.0,-20.0,0.0,-4.0
2023-11-06,2023,15257.5,15197.0,15227.25,60.5,12.25,3.0,20.166666666666668,21,15213.5,15239.0,15206.0,-18.5,-9.0,-6.166666666666667,-3.0
2023-11-07,2023,15303.25,15224.0,15263.625,79.25,11.125,4.0,19.8125,20,15254.0,15280.0,15228.0,-23.25,-4.0,-5.8125,-1.0
2023-11-08,2023,15417.5,15374.0,15395.75,43.5,10.625,2.25,19.333333333333332,20,15399.875,15410.0,15385.25,-7.5,-11.25,-3.3333333333333335,-5.0
2023-11-09,2023,15423.0,15365.5,15394.25,57.5,10.125,3.0,19.166666666666668,20,15379.0,15404.5,15371.5,-18.5,-6.0,-6.166666666666667,-2.0
2023-11-10,2023,15390.75,15305.5,15348.125,85.25,10.875,4.25,20.058823529411764,21,15379.875,15390.5,15326.75,-0.25,-21.25,-0.058823529411764705,-5.0
2023-11-13,2023,15539.0,15465.25,15502.125,73.75,10.125,3.75,19.666666666666668,20,15493.375,15517.75,15476.5,-21.25,-11.25,-5.666666666666667,-3.0
2023-11-14,2023,15867.5,15790.25,15828.875,77.25,14.0,3.75,20.6,21,15852.125,15861.5,15812.75,-6.0,-22.5,-1.6,-6.0
2023-11-15,2023,15973.5,15906.0,15939.75,67.5,13.625,3.5,19.285714285714285,20,15939.25,15969.0,15923.5,-4.5,-17.5,-1.2857142857142858,-5.0
2023-11-16,2023,15898.0,15825.25,15861.625,72.75,11.625,3.75,19.4,20,15842.125,15874.0,15832.75,-24.0,-7.5,-6.4,-2.0
2023-11-17,2023,15880.75,15831.5,15856.125,49.25,11.0,2.5,19.7,20,15852.75,15869.0,15841.5,-11.75,-10.0,-4.7,-4.0
2023-11-20,2023,15997.0,15894.75,15945.875,102.25,10.375,5.0,20.45,21,15962.25,15994.75,15949.75,-2.25,-55.0,-0.45,-11.0
2023-11-21,2023,16020.75,15980.25,16000.5,40.5,10.125,2.0,20.25,21,15995.25,16012.25,15990.25,-8.5,-10.0,-4.25,-5.0
2023-11-22,2023,16173.5,16035.0,16104.25,138.5,14.125,7.0,19.785714285714285,20,16150.5,16168.0,16077.0,-5.5,-42.0,-0.7857142857142857,-6.0
2023-11-27,2023,16037.5,15970.25,16003.875,67.25,11.25,3.25,20.692307692307693,21,15997.875,16012.5,15983.25,-25.0,-13.0,-7.6923076923076925,-4.0
2023-11-28,2023,16007.5,15958.5,15983.0,49.0,10.5,2.5,19.6,20,15984.75,15996.0,15968.5,-11.5,-10.0,-4.6,-4.0
2023-11-29,2023,16208.5,16146.5,16177.5,62.0,8.5,3.0,20.666666666666668,21,16196.0,16203.5,16182.5,-5.0,-36.0,-1.6666666666666667,-12.0
2023-11-30,2023,16051.5,15946.5,15999.0,105.0,14.0,5.25,20.0,20,15975.375,16020.0,15951.75,-31.5,-5.25,-6.0,-1.0
2023-12-01,2023,15943.25,15875.5,15909.375,67.75,12.75,3.5,19.357142857142858,20,15926.25,15935.0,15896.5,-8.25,-21.0,-2.357142857142857,-6.0
2023-12-04,2023,15876.5,15823.0,15849.75,53.5,12.75,2.75,19.454545454545453,20,15846.375,15864.25,15834.0,-12.25,-11.0,-4.454545454545454,-4.0
2023-12-05,2023,15864.25,15783.25,15823.75,81.0,15.125,4.0,20.25,21,15833.25,15851.25,15799.25,-13.0,-16.0,-3.25,-4.0
2023-12-06,2023,16037.75,15936.25,15987.0,101.5,13.125,5.0,20.3,21,15948.75,15971.25,15936.25,-66.5,0.0,-13.3,0.0
2023-12-07,2023,15982.0,15887.5,15934.75,94.5,15.75,4.75,19.894736842105264,20,15956.375,15968.25,15916.0,-13.75,-28.5,-2.8947368421052633,-6.0
2023-12-08,2023,16026.0,15947.25,15986.625,78.75,15.375,4.0,19.6875,20,15985.25,16003.25,15959.25,-22.75,-12.0,-5.6875,-3.0
2023-12-11,2023,16163.75,16068.75,16116.25,95.0,16.875,4.75,20.0,20,16137.625,16159.0,16097.25,-4.75,-28.5,-1.0,-6.0
2023-12-12,2023,16467.5,16396.5,16432.0,71.0,13.25,3.5,20.285714285714285,21,16419.25,16442.0,16410.5,-25.5,-14.0,-7.285714285714286,-4.0
2023-12-13,2023,16657.25,16597.25,16627.25,60.0,8.75,3.0,20.0,20,16640.75,16648.25,16609.25,-9.0,-12.0,-3.0,-4.0
2023-12-14,2023,16877.25,16811.5,16844.375,65.75,12.75,3.25,20.23076923076923,21,16855.375,16863.5,16827.75,-13.75,-16.25,-4.230769230769231,-5.0
2023-12-15,2023,16844.25,16780.0,16812.125,64.25,14.0,3.25,19.76923076923077,20,16817.375,16832.0,16802.75,-12.25,-22.75,-3.769230769230769,-7.0
2023-12-18,2023,16883.0,16832.5,16857.75,50.5,10.125,2.5,20.2,21,16866.25,16872.5,16850.0,-10.5,-17.5,-4.2,-7.0
2023-12-19,2023,16995.5,16944.5,16970.0,51.0,12.25,2.5,20.4,21,16978.25,16989.5,16967.0,-6.0,-22.5,-2.4,-9.0
2023-12-20,2023,17024.0,16971.0,16997.5,53.0,6.375,2.75,19.272727272727273,20,17016.375,17023.25,16987.5,-0.75,-16.5,-0.2727272727272727,-6.0
2023-12-21,2023,16958.75,16885.5,16922.125,73.25,13.375,3.75,19.533333333333335,20,16917.375,16934.25,16900.5,-24.5,-15.0,-6.533333333333333,-4.0
2023-12-22,2023,17041.5,16989.25,17015.375,52.25,10.375,2.5,20.9,21,17020.5,17026.75,16994.25,-14.75,-5.0,-5.9,-2.0
2023-12-26,2023,17052.0,17005.5,17028.75,46.5,7.5,2.25,20.666666666666668,21,17035.875,17046.0,17025.75,-6.0,-20.25,-2.6666666666666665,-9.0
2023-12-27,2023,17121.75,17091.75,17106.75,30.0,7.125,1.5,20.0,20,17109.0,17115.75,17099.25,-6.0,-7.5,-4.0,-5.0
2023-12-28,2023,17159.0,17114.75,17136.875,44.25,7.625,2.25,19.666666666666668,20,17124.875,17139.5,17114.75,-19.5,0.0,-8.666666666666666,0.0
2023-12-29,2023,17107.5,17073.75,17090.625,33.75,7.0,1.75,19.285714285714285,20,17090.375,17101.75,17086.0,-5.75,-12.25,-3.2857142857142856,-7.0
2024-01-02,2024,16873.5,16719.5,16796.5,154.0,15.625,7.75,19.870967741935484,20,16746.625,16828.0,16727.25,-45.5,-7.75,-5.870967741935484,-1.0
2024-01-03,2024,16642.25,16581.5,16611.875,60.75,16.25,3.0,20.25,21,16619.0,16632.5,16599.5,-9.75,-18.0,-3.25,-6.0
2024-01-04,2024,16500.25,16443.25,16471.75,57.0,16.25,2.75,20.727272727272727,21,16483.125,16490.0,16459.75,-10.25,-16.5,-3.727272727272727,-6.0
2024-01-05,2024,16495.5,16437.5,16466.5,58.0,12.75,3.0,19.333333333333332,20,16487.0,16494.5,16461.5,-1.0,-24.0,-0.3333333333333333,-8.0
2024-01-08,2024,16633.5,16505.5,16569.5,128.0,10.25,6.5,19.692307692307693,20,16586.75,16603.0,16531.5,-30.5,-26.0,-4.6923076923076925,-4.0
2024-01-09,2024,16714.5,16660.5,16687.5,54.0,14.5,2.75,19.636363636363637,20,16692.125,16699.0,16668.75,-15.5,-8.25,-5.636363636363637,-3.0
2024-01-10,2024,16874.0,16813.5,16843.75,60.5,10.25,3.0,20.166666666666668,21,16863.0,16874.0,16837.5,0.0,-24.0,0.0,-8.0
2024-01-11,2024,17043.5,16926.75,16985.125,116.75,18.25,5.75,20.304347826086957,21,16946.875,17007.25,16932.5,-36.25,-5.75,-6.304347826086956,-1.0
2024-01-12,2024,17042.5,16974.0,17008.25,68.5,13.375,3.5,19.571428571428573,20,17028.25,17037.0,16991.5,-5.5,-17.5,-1.5714285714285714,-5.0
2024-01-16,2024,16946.25,16855.0,16900.625,91.25,18.25,4.5,20.27777777777778,21,16884.25,16922.5,16864.0,-23.75,-9.0,-5.277777777777778,-2.0
2024-01-17,2024,16843.0,16703.75,16773.375,139.25,13.625,7.0,19.892857142857142,20,16770.25,16787.75,16710.75,-55.25,-7.0,-7.892857142857143,-1.0
2024-01-18,2024,17054.25,16994.75,17024.5,59.5,13.875,3.0,19.833333333333332,20,17032.25,17045.75,17018.75,-8.5,-24.0,-2.8333333333333335,-8.0
2024-01-19,2024,17212.75,17166.25,17189.5,46.5,12.0,2.25,20.666666666666668,21,17189.875,17204.5,17179.75,-8.25,-13.5,-3.6666666666666665,-6.0
2024-01-22,2024,17585.0,17492.0,17538.5,93.0,13.5,4.75,19.57894736842105,20,17537.125,17568.0,17515.75,-17.0,-23.75,-3.5789473684210527,-5.0
2024-01-23,2024,17488.0,17409.5,17448.75,78.5,12.875,4.0,19.625,20,17463.5,17481.5,17445.5,-6.5,-36.0,-1.625,-9.0
2024-01-24,2024,17695.5,17637.5,17666.5,58.0,12.75,3.0,19.333333333333332,20,17669.0,17676.5,17649.5,-19.0,-12.0,-6.333333333333333,-4.0
2024-01-25,2024,17726.75,17660.5,17693.625,66.25,13.875,3.25,20.384615384615383,21,17688.125,17702.75,17673.5,-24.0,-13.0,-7.384615384615385,-4.0
2024-01-26,2024,17571.0,17517.25,17544.125,53.75,14.25,2.75,19.545454545454547,20,17551.625,17564.0,17533.75,-7.0,-16.5,-2.5454545454545454,-6.0
2024-01-29,2024,17583.5,17529.75,17556.625,53.75,10.25,2.75,19.545454545454547,20,17569.625,17576.5,17546.25,-7.0,-16.5,-2.5454545454545454,-6.0
2024-01-30,2024,17684.75,17654.0,17669.375,30.75,8.25,1.5,20.5,21,17671.25,17681.0,17667.5,-3.75,-13.5,-2.5,-9.0
2024-01-31,2024,17426.5,17347.25,17386.875,79.25,15.25,4.0,19.8125,20,17381.25,17399.25,17355.25,-27.25,-8.0,-6.8125,-2.0
2024-02-01,2024,17337.75,17285.25,17311.5,52.5,14.5,2.75,19.09090909090909,20,17316.875,17329.25,17304.5,-8.5,-19.25,-3.090909090909091,-7.0
2024-02-02,2024,17624.0,17465.5,17544.75,158.5,17.125,8.0,19.8125,20,17573.5,17609.5,17505.5,-14.5,-40.0,-1.8125,-5.0
2024-02-05,2024,17737.25,17676.5,17706.875,60.75,13.75,3.0,20.25,21,17708.0,17727.5,17694.5,-9.75,-18.0,-3.25,-6.0
2024-02-06,2024,17767.75,17651.75,17709.75,116.0,15.0,5.75,20.17391304347826,21,17723.625,17738.0,17663.25,-29.75,-11.5,-5.173913043478261,-2.0
2024-02-07,2024,17778.25,17718.75,17748.5,59.5,12.625,3.0,19.833333333333332,20,17756.25,17763.75,17730.75,-14.5,-12.0,-4.833333333333333,-4.0
2024-02-08,2024,17852.5,17808.0,17830.25,44.5,10.25,2.25,19.77777777777778,20,17842.875,17844.0,17819.25,-8.5,-11.25,-3.7777777777777777,-5.0
2024-02-09,2024,17944.0,17875.0,17909.5,69.0,11.875,3.5,19.714285714285715,20,17904.75,17913.5,17882.0,-30.5,-7.0,-8.714285714285714,-2.0
2024-02-12,2024,18051.0,18007.25,18029.125,43.75,9.875,2.25,19.444444444444443,20,18033.125,18043.25,18018.5,-7.75,-11.25,-3.4444444444444446,-5.0
2024-02-13,2024,17684.0,17586.75,17635.375,97.25,15.25,4.75,20.473684210526315,21,17650.875,17662.75,17620.0,-21.25,-33.25,-4.473684210526316,-7.0
2024-02-14,2024,17819.0,17743.0,17781.0,76.0,14.375,3.75,20.266666666666666,21,17774.875,17791.75,17750.5,-27.25,-7.5,-7.266666666666667,-2.0
2024-02-15,2024,17903.25,17810.5,17856.875,92.75,15.25,4.75,19.526315789473685,20,17855.625,17896.0,17843.75,-7.25,-33.25,-1.5263157894736843,-7.0
2024-02-16,2024,17930.0,17754.0,17842.0,176.0,16.5,8.75,20.114285714285714,21,17898.375,17930.0,17806.5,0.0,-52.5,0.0,-6.0
2024-02-20,2024,17724.0,17543.25,17633.625,180.75,19.5,9.0,20.083333333333332,21,17574.75,17669.25,17552.25,-54.75,-9.0,-6.083333333333333,-1.0
2024-02-21,2024,17511.75,17448.25,17480.0,63.5,14.75,3.25,19.53846153846154,20,17469.375,17497.0,17454.75,-14.75,-6.5,-4.538461538461538,-2.0
2024-02-22,2024,17970.25,17864.0,17917.125,106.25,17.5,5.25,20.238095238095237,21,17887.625,17921.75,17864.0,-48.5,0.0,-9.238095238095237,0.0
2024-02-23,2024,18144.75,18060.75,18102.75,84.0,12.25,4.25,19.764705882352942,20,18135.125,18144.75,18107.5,0.0,-46.75,0.0,-11.0
2024-02-26,2024,18050.75,17966.0,18008.375,84.75,14.625,4.25,19.941176470588236,20,18027.625,18038.25,17983.0,-12.5,-17.0,-2.9411764705882355,-4.0
2024-02-27,2024,18027.25,17941.0,17984.125,86.25,12.5,4.25,20.294117647058822,21,17960.125,18004.75,17941.0,-22.5,0.0,-5.294117647058823,0.0
2024-02-28,2024,17946.5,17876.0,17911.25,70.5,14.0,3.5,20.142857142857142,21,17930.25,17939.0,17893.5,-7.5,-17.5,-2.142857142857143,-5.0
2024-02-29,2024,18072.5,18020.75,18046.625,51.75,12.0,2.5,20.7,21,18047.0,18063.25,18040.75,-9.25,-20.0,-3.7,-8.0
2024-03-01,2024,18144.5,18093.75,18119.125,50.75,12.0,2.5,20.3,21,18122.5,18133.75,18111.25,-10.75,-17.5,-4.3,-7.0
2024-03-04,2024,18334.75,18288.0,18311.375,46.75,12.25,2.25,20.77777777777778,21,18307.125,18321.75,18297.0,-13.0,-9.0,-5.777777777777778,-4.0
2024-03-05,2024,18135.25,18023.25,18079.25,112.0,14.625,5.5,20.363636363636363,21,18075.5,18089.25,18028.75,-46.0,-5.5,-8.363636363636363,-1.0
2024-03-06,2024,18126.5,18036.5,18081.5,90.0,16.5,4.5,20.0,20,18106.25,18117.5,18068.0,-9.0,-31.5,-2.0,-7.0
2024-03-07,2024,18225.75,18118.75,18172.25,107.0,17.375,5.25,20.38095238095238,21,18184.375,18218.5,18160.75,-7.25,-42.0,-1.380952380952381,-8.0
2024-03-08,2024,18390.0,18288.0,18339.0,102.0,17.75,5.0,20.4,21,18325.5,18358.0,18293.0,-32.0,-5.0,-6.4,-1.0
2024-03-11,2024,18001.25,17898.25,17949.75,103.0,22.625,5.25,19.61904761904762,20,17984.875,17987.5,17919.25,-13.75,-21.0,-2.619047619047619,-4.0
2024-03-12,2024,18339.0,18174.0,18256.5,165.0,19.125,8.25,20.0,20,18235.875,18273.0,18182.25,-66.0,-8.25,-8.0,-1.0
2024-03-13,2024,18429.75,18335.5,18382.625,94.25,15.25,4.75,19.842105263157894,20,18352.125,18402.0,18340.25,-27.75,-4.75,-5.842105263157895,-1.0
2024-03-14,2024,18398.0,18229.5,18313.75,168.5,19.0,8.5,19.823529411764707,20,18250.75,18374.0,18229.5,-24.0,0.0,-2.823529411764706,0.0
2024-03-15,2024,18174.5,18070.0,18122.25,104.5,20.25,5.25,19.904761904761905,20,18098.875,18143.5,18085.75,-31.0,-15.75,-5.904761904761905,-3.0
2024-03-18,2024,18361.75,18277.5,18319.625,84.25,15.875,4.25,19.823529411764707,20,18330.625,18341.25,18303.0,-20.5,-25.5,-4.823529411764706,-6.0
2024-03-19,2024,18152.5,18053.25,18102.875,99.25,14.125,5.0,19.85,20,18070.75,18123.25,18058.25,-29.25,-5.0,-5.85,-1.0
2024-03-20,2024,18334.5,18245.75,18290.125,88.75,12.375,4.5,19.72222222222222,20,18261.5,18308.75,18250.25,-25.75,-4.5,-5.722222222222222,-1.0
2024-03-21,2024,18709.0,18626.0,18667.5,83.0,15.625,4.25,19.529411764705884,20,18670.625,18689.75,18643.0,-19.25,-17.0,-4.529411764705882,-4.0
2024-03-22,2024,18546.0,18500.0,18523.0,46.0,11.5,2.25,20.444444444444443,21,18530.375,18540.5,18515.75,-5.5,-15.75,-2.4444444444444446,-7.0
2024-03-25,2024,18487.5,18414.75,18451.125,72.75,12.5,3.75,19.4,20,18461.625,18486.0,18437.25,-1.5,-22.5,-0.4,-6.0
2024-03-26,2024,18594.75,18550.0,18572.375,44.75,10.125,2.25,19.88888888888889,20,18580.375,18586.0,18565.75,-8.75,-15.75,-3.888888888888889,-7.0
2024-03-27,2024,18571.75,18446.0,18508.875,125.75,13.875,6.25,20.12,21,18499.125,18552.25,18483.5,-19.5,-37.5,-3.12,-6.0
2024-03-28,2024,18537.0,18457.25,18497.125,79.75,10.875,4.0,19.9375,20,18523.25,18533.25,18481.25,-3.75,-24.0,-0.9375,-6.0
2024-04-01,2024,18607.0,18482.5,18544.75,124.5,11.375,6.25,19.92,20,18591.875,18607.0,18551.25,0.0,-68.75,0.0,-11.0
2024-04-02,2024,18292.0,18223.25,18257.625,68.75,13.5,3.5,19.642857142857142,20,18239.0,18275.75,18223.25,-16.25,0.0,-4.642857142857143,0.0
2024-04-03,2024,18283.75,18239.5,18261.625,44.25,11.0,2.25,19.666666666666668,20,18265.375,18275.5,18255.25,-8.25,-15.75,-3.6666666666666665,-7.0
2024-04-04,2024,18568.0,18506.5,18537.25,61.5,11.0,3.0,20.5,21,18541.0,18566.5,18527.5,-1.5,-21.0,-0.5,-7.0
2024-04-05,2024,18228.25,18102.5,18165.375,125.75,19.125,6.25,20.12,21,18136.875,18202.5,18121.25,-25.75,-18.75,-4.12,-3.0
2024-04-08,2024,18337.0,18237.5,18287.25,99.5,15.5,5.0,19.9,20,18290.0,18322.5,18267.5,-14.5,-30.0,-2.9,-6.0
2024-04-09,2024,18405.0,18335.25,18370.125,69.75,13.5,3.5,19.928571428571427,20,18389.5,18405.0,18352.75,0.0,-17.5,0.0,-5.0
2024-04-10,2024,18208.0,18107.75,18157.875,100.25,24.75,5.0,20.05,21,18175.25,18187.75,18132.75,-20.25,-25.0,-4.05,-5.0
2024-04-11,2024,18274.0,18222.75,18248.375,51.25,16.75,2.5,20.5,21,18256.5,18267.75,18240.25,-6.25,-17.5,-2.5,-7.0
2024-04-12,2024,18343.25,18281.0,18312.125,62.25,11.75,3.0,20.75,21,18312.5,18332.0,18299.0,-11.25,-18.0,-3.75,-6.0
2024-04-15,2024,18339.0,18260.75,18299.875,78.25,12.5,4.0,19.5625,20,18302.75,18320.75,18276.75,-18.25,-16.0,-4.5625,-4.0
2024-04-16,2024,17910.75,17822.0,17866.375,88.75,16.5,4.5,19.72222222222222,20,17864.75,17885.0,17844.5,-25.75,-22.5,-5.722222222222222,-5.0
2024-04-17,2024,17959.5,17874.5,17917.0,85.0,14.875,4.25,20.0,20,17936.125,17955.25,17900.0,-4.25,-25.5,-1.0,-6.0
2024-04-18,2024,17678.75,17552.0,17615.375,126.75,18.5,6.25,20.28,21,17611.375,17639.5,17570.75,-39.25,-18.75,-6.28,-3.0
2024-04-19,2024,17517.0,17428.5,17472.75,88.5,22.125,4.5,19.666666666666668,20,17471.25,17491.5,17442.0,-25.5,-13.5,-5.666666666666667,-3.0
2024-04-22,2024,17331.5,17264.0,17297.75,67.5,14.375,3.5,19.285714285714285,20,17293.75,17309.5,17271.0,-22.0,-7.0,-6.285714285714286,-2.0
2024-04-23,2024,17527.75,17413.75,17470.75,114.0,15.5,5.75,19.82608695652174,20,17502.875,17517.25,17442.5,-10.5,-28.75,-1.826086956521739,-5.0
2024-04-24,2024,17795.5,17711.5,17753.5,84.0,15.875,4.25,19.764705882352942,20,17768.875,17779.5,17724.25,-16.0,-12.75,-3.764705882352941,-3.0
2024-04-25,2024,17381.5,17308.25,17344.875,73.25,20.625,3.75,19.533333333333335,20,17362.625,17372.0,17323.25,-9.5,-15.0,-2.533333333333333,-4.0
2024-04-26,2024,17802.75,17668.25,17735.5,134.5,18.375,6.75,19.925925925925927,20,17725.625,17796.5,17708.75,-6.25,-40.5,-0.9259259259259259,-6.0
2024-04-29,2024,17949.0,17830.0,17889.5,119.0,13.75,6.0,19.833333333333332,20,17857.0,17920.0,17830.0,-29.0,0.0,-4.833333333333333,0.0
2024-04-30,2024,17887.75,17824.0,17855.875,63.75,13.625,3.25,19.615384615384617,20,17864.625,17866.25,17830.5,-21.5,-6.5,-6.615384615384615,-2.0
2024-05-01,2024,17517.5,17455.25,17486.375,62.25,15.875,3.0,20.75,21,17486.75,17500.25,17473.25,-17.25,-18.0,-5.75,-6.0
2026-01-02,2026,25803.75,25638.25,25721.0,165.5,24.625,8.25,20.060606060606062,21,25675.375,25762.0,25654.75,-41.75,-16.5,-5.0606060606060606,-2.0
2026-01-05,2026,25672.5,25538.5,25605.5,134.0,29.75,6.75,19.85185185185185,20,25589.125,25633.0,25572.25,-39.5,-33.75,-5.851851851851852,-5.0
2026-01-06,2026,25761.25,25608.0,25684.625,153.25,24.75,7.75,19.774193548387096,20,25658.375,25724.25,25623.5,-37.0,-15.5,-4.774193548387097,-2.0
2026-01-07,2026,25880.0,25771.0,25825.5,109.0,18.75,5.5,19.818181818181817,20,25856.25,25870.0,25798.5,-10.0,-27.5,-1.8181818181818181,-5.0
2026-01-08,2026,25803.0,25597.25,25700.125,205.75,27.0,10.25,20.073170731707318,21,25633.125,25720.25,25607.5,-82.75,-10.25,-8.073170731707316,-1.0
2026-01-09,2026,25790.25,25648.5,25719.375,141.75,28.75,7.0,20.25,21,25757.0,25774.5,25683.5,-15.75,-35.0,-2.25,-5.0
2026-01-12,2026,25924.0,25743.5,25833.75,180.5,22.25,9.0,20.055555555555557,21,25856.0,25914.5,25833.5,-9.5,-90.0,-1.0555555555555556,-10.0
2026-01-13,2026,26042.75,25930.75,25986.75,112.0,25.875,5.5,20.363636363636363,21,25977.5,26002.25,25952.75,-40.5,-22.0,-7.363636363636363,-4.0
2026-01-14,2026,25790.25,25582.0,25686.125,208.25,30.75,10.5,19.833333333333332,20,25650.25,25718.5,25603.0,-71.75,-21.0,-6.833333333333333,-2.0
2026-01-15,2026,25952.75,25843.0,25897.875,109.75,28.625,5.5,19.954545454545453,20,25900.75,25925.5,25865.0,-27.25,-22.0,-4.954545454545454,-4.0
2026-01-16,2026,25891.0,25726.25,25808.625,164.75,19.75,8.25,19.96969696969697,20,25862.375,25883.0,25808.75,-8.0,-82.5,-0.9696969696969697,-10.0
2026-01-20,2026,25368.5,25233.75,25301.125,134.75,36.375,6.75,19.962962962962962,20,25297.875,25341.75,25267.5,-26.75,-33.75,-3.962962962962963,-5.0
2026-01-21,2026,25339.25,25127.5,25233.375,211.75,28.25,10.5,20.166666666666668,21,25174.75,25243.0,25127.5,-96.25,0.0,-9.166666666666666,0.0
2026-01-22,2026,25731.75,25554.25,25643.0,177.5,27.375,9.0,19.72222222222222,20,25675.75,25698.25,25599.25,-33.5,-45.0,-3.7222222222222223,-5.0
2026-01-23,2026,25668.0,25562.5,25615.25,105.5,23.75,5.25,20.095238095238095,21,25601.875,25636.0,25578.25,-32.0,-15.75,-6.095238095238095,-3.0
2026-01-26,2026,25853.5,25704.25,25778.875,149.25,18.0,7.5,19.9,20,25820.5,25839.25,25756.75,-14.25,-52.5,-1.9,-7.0
2026-01-27,2026,26058.0,25917.25,25987.625,140.75,18.75,7.0,20.107142857142858,21,25969.75,26001.25,25924.25,-56.75,-7.0,-8.107142857142858,-1.0
2026-01-28,2026,26301.0,26213.75,26257.375,87.25,20.25,4.25,20.529411764705884,21,26266.875,26286.0,26239.25,-15.0,-25.5,-3.5294117647058822,-6.0
2026-01-29,2026,26175.0,25858.0,26016.5,317.0,34.125,15.75,20.126984126984127,21,25944.625,26047.0,25873.75,-128.0,-15.75,-8.126984126984127,-1.0
2026-01-30,2026,25940.0,25806.25,25873.125,133.75,33.0,6.75,19.814814814814813,20,25877.125,25907.5,25846.75,-32.5,-40.5,-4.814814814814815,-6.0
2026-02-02,2026,25799.5,25539.75,25669.625,259.75,28.125,13.0,19.98076923076923,20,25715.25,25799.5,25630.75,0.0,-91.0,0.0,-7.0
2026-02-03,2026,25952.25,25623.25,25787.75,329.0,30.125,16.5,19.939393939393938,20,25780.0,25920.25,25738.75,-32.0,-115.5,-1.9393939393939394,-7.0
2026-02-04,2026,25390.0,25186.0,25288.0,204.0,48.75,10.25,19.902439024390244,20,25344.875,25370.5,25257.75,-19.5,-71.75,-1.9024390243902438,-7.0
2026-02-05,2026,24960.75,24652.0,24806.375,308.75,51.25,15.5,19.919354838709676,20,24907.75,24946.5,24745.0,-14.25,-93.0,-0.9193548387096774,-6.0
2026-02-06,2026,24984.0,24700.75,24842.375,283.25,41.875,14.25,19.87719298245614,20,24864.625,24957.25,24829.0,-26.75,-128.25,-1.8771929824561404,-9.0
2026-02-09,2026,25188.5,24955.5,25072.0,233.0,37.375,11.75,19.829787234042552,20,25125.875,25178.75,25026.0,-9.75,-70.5,-0.8297872340425532,-6.0
2026-02-10,2026,25410.0,25255.75,25332.875,154.25,30.25,7.75,19.903225806451612,20,25306.125,25387.5,25271.25,-22.5,-15.5,-2.903225806451613,-2.0
2026-02-11,2026,25465.25,25290.0,25377.625,175.25,34.5,8.75,20.02857142857143,21,25381.875,25421.25,25342.5,-44.0,-52.5,-5.0285714285714285,-6.0
2026-02-12,2026,25392.5,25186.25,25289.375,206.25,31.75,10.25,20.121951219512194,21,25365.625,25391.25,25258.0,-1.25,-71.75,-0.12195121951219512,-7.0
2026-02-13,2026,24849.5,24578.75,24714.125,270.75,59.125,13.5,20.055555555555557,21,24720.5,24781.25,24659.75,-68.25,-81.0,-5.055555555555555,-6.0
2026-02-17,2026,24815.75,24475.0,24645.375,340.75,40.625,17.0,20.044117647058822,21,24670.5,24747.0,24492.0,-68.75,-17.0,-4.044117647058823,-1.0
2026-02-18,2026,24958.5,24752.0,24855.25,206.5,35.25,10.25,20.146341463414632,21,24798.125,24864.75,24752.0,-93.75,0.0,-9.146341463414634,0.0
2026-02-19,2026,24920.0,24763.0,24841.5,157.0,34.25,7.75,20.258064516129032,21,24813.375,24879.25,24794.0,-40.75,-31.0,-5.258064516129032,-4.0
2026-02-20,2026,24957.5,24678.5,24818.0,279.0,33.75,14.0,19.928571428571427,20,24867.5,24957.5,24832.5,0.0,-154.0,0.0,-11.0
2026-02-23,2026,25040.0,24857.75,24948.875,182.25,32.75,9.0,20.25,21,24916.25,25010.75,24875.75,-29.25,-18.0,-3.25,-2.0
2026-02-24,2026,24964.25,24694.5,24829.375,269.75,30.875,13.5,19.98148148148148,20,24930.75,24964.25,24789.0,0.0,-94.5,0.0,-7.0
2026-02-25,2026,25353.25,25156.75,25255.0,196.5,20.5,9.75,20.153846153846153,21,25327.375,25351.75,25225.0,-1.5,-68.25,-0.15384615384615385,-7.0
2026-02-26,2026,25342.0,25181.25,25261.625,160.75,31.0,8.0,20.09375,21,25257.25,25293.25,25205.25,-48.75,-24.0,-6.09375,-3.0
2026-02-27,2026,24938.5,24782.0,24860.25,156.5,35.125,7.75,20.193548387096776,21,24878.875,24913.75,24828.5,-24.75,-46.5,-3.193548387096774,-6.0
2026-03-02,2026,24898.5,24605.0,24751.75,293.5,33.75,14.75,19.89830508474576,20,24848.375,24885.25,24782.0,-13.25,-177.0,-0.8983050847457628,-12.0
2026-03-03,2026,24661.25,24480.25,24570.75,181.0,42.75,9.0,20.11111111111111,21,24538.75,24615.25,24516.25,-46.0,-36.0,-5.111111111111111,-4.0
2026-03-04,2026,24970.25,24826.0,24898.125,144.25,34.875,7.25,19.896551724137932,20,24909.375,24942.0,24862.25,-28.25,-36.25,-3.896551724137931,-5.0
2026-03-05,2026,25187.75,24985.25,25086.5,202.5,30.625,10.25,19.75609756097561,20,25092.875,25139.0,25046.75,-48.75,-61.5,-4.7560975609756095,-6.0
2026-03-06,2026,24742.5,24608.75,24675.625,133.75,39.25,6.75,19.814814814814813,20,24693.125,24710.0,24649.25,-32.5,-40.5,-4.814814814814815,-6.0
2026-03-09,2026,24525.25,24313.0,24419.125,212.25,41.5,10.5,20.214285714285715,21,24360.25,24470.5,24334.0,-54.75,-21.0,-5.214285714285714,-2.0
2026-03-10,2026,25081.75,24947.25,25014.5,134.5,36.25,6.75,19.925925925925927,20,25031.625,25048.5,24987.75,-33.25,-40.5,-4.925925925925926,-6.0
2026-03-11,2026,25115.5,25015.25,25065.375,100.25,24.375,5.0,20.05,21,25092.75,25105.25,25050.25,-10.25,-35.0,-2.05,-7.0
2026-03-12,2026,24834.5,24630.5,24732.5,204.0,27.125,10.25,19.902439024390244,20,24768.875,24834.5,24702.25,0.0,-71.75,0.0,-7.0
2026-03-13,2026,24805.25,24611.0,24708.125,194.25,28.125,9.75,19.923076923076923,20,24752.375,24796.25,24669.5,-9.0,-58.5,-0.9230769230769231,-6.0
2026-03-17,2026,25117.0,24964.0,25040.5,153.0,19.125,7.75,19.741935483870968,20,25060.875,25111.25,25041.5,-5.75,-77.5,-0.7419354838709677,-10.0
2026-03-18,2026,24998.25,24904.25,24951.25,94.0,21.625,4.75,19.789473684210527,20,24958.875,24980.25,24928.0,-18.0,-23.75,-3.789473684210526,-5.0
2026-03-19,2026,24521.25,24326.75,24424.0,194.5,33.375,9.75,19.94871794871795,20,24351.125,24453.5,24326.75,-67.75,0.0,-6.948717948717949,0.0
2026-03-20,2026,24491.25,24279.75,24385.5,211.5,26.25,10.5,20.142857142857142,21,24421.5,24468.75,24353.25,-22.5,-73.5,-2.142857142857143,-7.0
2026-03-23,2026,24610.0,24432.5,24521.25,177.5,39.625,9.0,19.72222222222222,20,24545.0,24585.5,24468.5,-24.5,-36.0,-2.7222222222222223,-4.0
2026-03-24,2026,24317.5,24134.0,24225.75,183.5,31.875,9.25,19.83783783783784,20,24184.875,24263.5,24143.25,-54.0,-9.25,-5.837837837837838,-1.0
2026-03-25,2026,24526.0,24360.75,24443.375,165.25,26.75,8.25,20.03030303030303,21,24463.875,24517.5,24393.75,-8.5,-33.0,-1.0303030303030303,-4.0
2026-03-26,2026,24233.25,24064.0,24148.625,169.25,32.375,8.5,19.91176470588235,20,24102.25,24191.5,24081.0,-41.75,-17.0,-4.911764705882353,-2.0
2026-03-27,2026,23664.0,23470.0,23567.0,194.0,28.75,9.75,19.897435897435898,20,23591.875,23655.25,23548.0,-8.75,-78.0,-0.8974358974358975,-8.0
2026-03-30,2026,23538.25,23292.75,23415.5,245.5,24.5,12.25,20.040816326530614,21,23384.625,23464.25,23305.0,-74.0,-12.25,-6.040816326530612,-1.0
2026-03-31,2026,23575.0,23378.75,23476.875,196.25,33.75,9.75,20.128205128205128,21,23432.375,23515.25,23388.5,-59.75,-9.75,-6.128205128205129,-1.0
2026-04-01,2026,24194.75,24043.25,24119.0,151.5,29.375,7.5,20.2,21,24099.5,24163.25,24065.75,-31.5,-22.5,-4.2,-3.0
2026-04-02,2026,23908.25,23678.0,23793.125,230.25,30.875,11.5,20.02173913043478,21,23787.25,23816.0,23689.5,-92.25,-11.5,-8.021739130434783,-1.0
2026-04-06,2026,24416.75,24245.75,24331.25,171.0,30.625,8.5,20.11764705882353,21,24377.5,24398.75,24288.25,-18.0,-42.5,-2.1176470588235294,-5.0
2026-04-07,2026,24308.0,24118.0,24213.0,190.0,26.5,9.5,20.0,20,24208.25,24251.0,24146.5,-57.0,-28.5,-6.0,-3.0
2026-04-08,2026,25249.75,25064.0,25156.875,185.75,24.125,9.25,20.08108108108108,21,25096.375,25156.5,25073.25,-93.25,-9.25,-10.08108108108108,-1.0
2026-04-09,2026,25111.5,25005.5,25058.5,106.0,22.0,5.25,20.19047619047619,21,25034.375,25089.5,25021.25,-22.0,-15.75,-4.190476190476191,-3.0
2026-04-13,2026,25310.0,25160.0,25235.0,150.0,21.5,7.5,20.0,20,25216.25,25280.0,25182.5,-30.0,-22.5,-4.0,-3.0
2026-04-14,2026,25763.75,25656.0,25709.875,107.75,16.75,5.5,19.59090909090909,20,25741.25,25755.0,25705.5,-8.75,-49.5,-1.5909090909090908,-9.0
2026-04-15,2026,26072.25,25982.25,26027.25,90.0,18.375,4.5,20.0,20,26025.0,26054.25,26004.75,-18.0,-22.5,-4.0,-5.0
2026-04-16,2026,26453.25,26275.5,26364.375,177.75,25.5,9.0,19.75,20,26379.0,26401.5,26302.5,-51.75,-27.0,-5.75,-3.0
2026-04-17,2026,26739.0,26629.5,26684.25,109.5,27.0,5.5,19.90909090909091,20,26692.75,26717.5,26668.0,-21.5,-38.5,-3.909090909090909,-7.0
2026-04-20,2026,26827.75,26715.75,26771.75,112.0,22.0,5.5,20.363636363636363,21,26757.0,26803.75,26732.25,-24.0,-16.5,-4.363636363636363,-3.0
2026-04-21,2026,26839.0,26726.75,26782.875,112.25,21.0,5.5,20.40909090909091,21,26757.0,26792.75,26732.25,-46.25,-5.5,-8.409090909090908,-1.0
2026-04-22,2026,26892.75,26811.5,26852.125,81.25,19.875,4.0,20.3125,21,26833.5,26867.5,26823.5,-25.25,-12.0,-6.3125,-3.0
2026-04-23,2026,27102.75,26965.0,27033.875,137.75,20.375,7.0,19.678571428571427,20,27052.5,27084.0,27007.0,-18.75,-42.0,-2.6785714285714284,-6.0
2026-04-24,2026,27260.0,27130.25,27195.125,129.75,26.5,6.5,19.96153846153846,20,27218.0,27247.25,27188.75,-12.75,-58.5,-1.9615384615384615,-9.0
2026-04-27,2026,27435.0,27298.5,27366.75,136.5,24.625,6.75,20.22222222222222,21,27376.125,27406.5,27345.75,-28.5,-47.25,-4.222222222222222,-7.0
2026-04-28,2026,27252.0,27068.25,27160.125,183.75,24.25,9.25,19.864864864864863,20,27165.375,27244.0,27142.25,-8.0,-74.0,-0.8648648648648649,-8.0
2026-04-29,2026,27235.75,27124.25,27180.0,111.5,22.5,5.5,20.272727272727273,21,27176.5,27201.25,27129.75,-34.5,-5.5,-6.2727272727272725,-1.0
2026-04-30,2026,27491.5,27203.0,27347.25,288.5,30.375,14.5,19.896551724137932,20,27326.25,27362.5,27232.0,-129.0,-29.0,-8.89655172413793,-2.0
2026-05-01,2026,27875.75,27617.75,27746.75,258.0,23.125,13.0,19.846153846153847,20,27780.25,27812.75,27695.75,-63.0,-78.0,-4.846153846153846,-6.0
2026-05-04,2026,27898.75,27808.25,27853.5,90.5,24.5,4.5,20.11111111111111,21,27873.5,27884.75,27826.25,-14.0,-18.0,-3.111111111111111,-4.0
2026-05-05,2026,28112.0,27971.0,28041.5,141.0,19.0,7.0,20.142857142857142,21,28093.5,28111.0,28034.0,-1.0,-63.0,-0.14285714285714285,-9.0
2026-05-06,2026,28506.0,28336.0,28421.0,170.0,26.125,8.5,20.0,20,28467.75,28506.0,28412.5,0.0,-76.5,0.0,-9.0
2026-05-07,2026,28803.0,28708.0,28755.5,95.0,22.625,4.75,20.0,20,28757.875,28779.25,28727.0,-23.75,-19.0,-5.0,-4.0
2026-05-08,2026,29111.25,28859.5,28985.375,251.75,21.75,12.5,20.14,21,29053.25,29084.5,28947.0,-26.75,-87.5,-2.14,-7.0
2026-05-11,2026,29434.75,29281.5,29358.125,153.25,24.625,7.75,19.774193548387096,20,29362.875,29413.25,29328.0,-21.5,-46.5,-2.774193548387097,-6.0
2026-05-12,2026,29296.0,29109.75,29202.875,186.25,33.875,9.25,20.135135135135137,21,29225.375,29248.5,29146.75,-47.5,-37.0,-5.135135135135135,-4.0
2026-05-13,2026,29288.5,29075.0,29181.75,213.5,36.875,10.75,19.86046511627907,20,29198.625,29268.5,29150.25,-20.0,-75.25,-1.8604651162790697,-7.0
2026-05-14,2026,29684.75,29458.5,29571.625,226.25,27.625,11.25,20.11111111111111,21,29587.875,29683.5,29559.75,-1.25,-101.25,-0.1111111111111111,-9.0
2026-05-15,2026,29291.0,29089.75,29190.375,201.25,47.125,10.0,20.125,21,29214.75,29259.75,29149.75,-31.25,-60.0,-3.125,-6.0
2026-05-18,2026,29356.25,29135.0,29245.625,221.25,44.875,11.0,20.113636363636363,21,29250.5,29322.0,29179.0,-34.25,-44.0,-3.1136363636363638,-4.0
2026-05-19,2026,29068.0,28850.25,28959.125,217.75,46.25,11.0,19.795454545454547,20,28943.75,28993.25,28894.25,-74.75,-44.0,-6.795454545454546,-4.0
2026-05-20,2026,29194.75,29023.25,29109.0,171.5,40.5,8.5,20.176470588235293,21,29121.0,29159.25,29065.75,-35.5,-42.5,-4.176470588235294,-5.0
2026-05-21,2026,29315.0,29174.0,29244.5,141.0,35.375,7.0,20.142857142857142,21,29226.5,29272.0,29195.0,-43.0,-21.0,-6.142857142857143,-3.0
2026-05-22,2026,29715.5,29551.25,29633.375,164.25,27.75,8.25,19.90909090909091,20,29613.125,29666.75,29592.5,-48.75,-41.25,-5.909090909090909,-5.0
2026-05-26,2026,30007.0,29826.75,29916.875,180.25,25.625,9.0,20.02777777777778,21,29984.25,29988.75,29871.75,-18.25,-45.0,-2.0277777777777777,-5.0
2026-05-27,2026,30192.0,29937.0,30064.5,255.0,34.25,12.75,20.0,20,30045.375,30128.25,29962.5,-63.75,-25.5,-5.0,-2.0
2026-05-28,2026,30112.0,29920.25,30016.125,191.75,25.375,9.5,20.18421052631579,21,29963.0,30024.75,29939.25,-87.25,-19.0,-9.18421052631579,-2.0
2026-05-29,2026,30520.75,30364.75,30442.75,156.0,19.875,7.75,20.129032258064516,21,30422.875,30473.25,30372.5,-47.5,-7.75,-6.129032258064516,-1.0
2026-06-01,2026,30467.25,30306.0,30386.625,161.25,30.875,8.0,20.15625,21,30438.0,30458.0,30354.0,-9.25,-48.0,-1.15625,-6.0
2026-06-02,2026,30604.75,30423.75,30514.25,181.0,27.0,9.0,20.11111111111111,21,30563.25,30567.75,30468.75,-37.0,-45.0,-4.111111111111111,-5.0
2026-06-03,2026,30807.75,30496.0,30651.875,311.75,36.0,15.5,20.112903225806452,21,30565.75,30728.5,30496.0,-79.25,0.0,-5.112903225806452,0.0
2026-06-04,2026,30364.5,30187.75,30276.125,176.75,39.25,8.75,20.2,21,30253.375,30327.75,30231.5,-36.75,-43.75,-4.2,-5.0
2026-06-05,2026,30100.5,29771.0,29935.75,329.5,35.125,16.5,19.96969696969697,20,29878.25,30051.5,29837.0,-49.0,-66.0,-2.9696969696969697,-4.0
2026-06-08,2026,29584.0,29341.0,29462.5,243.0,46.625,12.25,19.836734693877553,20,29506.375,29537.0,29426.75,-47.0,-85.75,-3.836734693877551,-7.0
2026-06-09,2026,29848.25,29633.25,29740.75,215.0,32.0,10.75,20.0,20,29692.375,29783.75,29644.0,-64.5,-10.75,-6.0,-1.0
2026-06-10,2026,29163.25,28772.5,28967.875,390.75,63.25,19.5,20.03846153846154,21,29035.75,29123.5,28870.0,-39.75,-97.5,-2.0384615384615383,-5.0
2026-06-11,2026,29016.75,28650.75,28833.75,366.0,51.5,18.25,20.054794520547944,21,28714.625,28906.25,28669.0,-110.5,-18.25,-6.054794520547945,-1.0
2026-06-12,2026,29501.0,29230.0,29365.5,271.0,51.5,13.5,20.074074074074073,21,29317.75,29432.5,29284.0,-68.5,-54.0,-5.074074074074074,-4.0
2026-06-15,2026,30497.25,30302.25,30399.75,195.0,26.875,9.75,20.0,20,30394.875,30458.25,30351.0,-39.0,-48.75,-4.0,-5.0
2026-06-16,2026,30889.0,30750.75,30819.875,138.25,33.5,7.0,19.75,20,30831.25,30862.75,30785.75,-26.25,-35.0,-3.75,-5.0
2026-06-17,2026,30542.25,30346.0,30444.125,196.25,38.25,9.75,20.128205128205128,21,30458.125,30502.0,30414.25,-40.25,-68.25,-4.128205128205129,-7.0
2026-06-18,2026,30615.5,30391.0,30503.25,224.5,45.375,11.25,19.955555555555556,20,30452.875,30526.0,30402.25,-89.5,-11.25,-7.955555555555556,-1.0
2026-06-22,2026,30937.25,30756.75,30847.0,180.5,36.5,9.0,20.055555555555557,21,30887.25,30909.75,30792.75,-27.5,-36.0,-3.0555555555555554,-4.0
2026-06-23,2026,29934.75,29616.5,29775.625,318.25,49.0,16.0,19.890625,20,29752.5,29856.5,29680.5,-78.25,-64.0,-4.890625,-4.0
2026-06-24,2026,29841.5,29562.25,29701.875,279.25,51.125,14.0,19.946428571428573,20,29681.25,29772.25,29618.25,-69.25,-56.0,-4.946428571428571,-4.0
2026-06-25,2026,30193.0,29295.75,29744.375,897.25,73.875,44.75,20.050279329608937,21,30078.875,30190.75,29519.5,-2.25,-223.75,-0.05027932960893855,-5.0
2026-06-26,2026,29464.5,29181.5,29323.0,283.0,61.0,14.25,19.859649122807017,20,29302.625,29366.75,29238.5,-97.75,-57.0,-6.859649122807017,-4.0
2026-06-29,2026,29840.0,29557.0,29698.5,283.0,58.5,14.25,19.859649122807017,20,29735.125,29827.75,29642.5,-12.25,-85.5,-0.8596491228070176,-6.0
2026-06-30,2026,30366.75,30033.0,30199.875,333.75,38.5,16.75,19.925373134328357,20,30225.625,30334.5,30150.25,-32.25,-117.25,-1.9253731343283582,-7.0
2026-07-01,2026,30285.0,30087.75,30186.375,197.25,44.375,9.75,20.23076923076923,21,30141.375,30243.75,30117.0,-41.25,-29.25,-4.230769230769231,-3.0
2026-07-02,2026,30263.0,30007.75,30135.375,255.25,46.0,12.75,20.019607843137255,21,30141.625,30224.5,30058.75,-38.5,-51.0,-3.019607843137255,-4.0
2026-07-06,2026,30009.0,29776.25,29892.625,232.75,39.125,11.75,19.80851063829787,20,29899.625,29976.0,29846.75,-33.0,-70.5,-2.8085106382978724,-6.0
2026-07-07,2026,29685.75,29420.25,29553.0,265.5,48.5,13.25,20.037735849056602,21,29559.375,29619.0,29473.25,-66.75,-53.0,-5.037735849056604,-4.0
2026-07-08,2026,29399.0,29201.0,29300.0,198.0,43.875,10.0,19.8,20,29326.0,29391.0,29281.0,-8.0,-80.0,-0.8,-8.0
2026-07-09,2026,29931.25,29672.0,29801.625,259.25,28.75,13.0,19.942307692307693,20,29860.5,29919.0,29776.0,-12.25,-104.0,-0.9423076923076923,-8.0
2026-07-10,2026,29968.5,29798.0,29883.25,170.5,34.875,8.5,20.058823529411764,21,29912.75,29951.0,29857.5,-17.5,-59.5,-2.0588235294117645,-7.0
2026-07-13,2026,29737.25,29518.0,29627.625,219.25,36.875,11.0,19.931818181818183,20,29567.5,29661.0,29540.0,-76.25,-22.0,-6.931818181818182,-2.0
2026-07-14,2026,29815.75,29685.0,29750.375,130.75,40.625,6.5,20.115384615384617,21,29766.25,29795.5,29724.0,-20.25,-39.0,-3.1153846153846154,-6.0
2026-07-15,2026,29977.5,29754.5,29866.0,223.0,33.25,11.25,19.822222222222223,20,29793.875,29889.5,29754.5,-88.0,0.0,-7.822222222222222,0.0
2026-07-16,2026,29532.0,29255.5,29393.75,276.5,44.875,13.75,20.10909090909091,21,29303.625,29448.0,29269.25,-84.0,-13.75,-6.109090909090909,-1.0
2026-07-17,2026,28686.0,28408.25,28547.125,277.75,43.75,14.0,19.839285714285715,20,28485.25,28604.25,28422.25,-81.75,-14.0,-5.839285714285714,-1.0
2026-07-20,2026,29192.5,28979.75,29086.125,212.75,27.0,10.75,19.790697674418606,20,29146.375,29192.5,29055.0,0.0,-75.25,0.0,-7.0
2026-07-21,2026,29246.25,29092.5,29169.375,153.75,33.875,7.75,19.838709677419356,20,29150.625,29201.0,29115.75,-45.25,-23.25,-5.838709677419355,-3.0
2026-07-22,2026,29277.25,29090.0,29183.625,187.25,25.375,9.25,20.243243243243242,21,29159.375,29219.5,29117.75,-57.75,-27.75,-6.243243243243243,-3.0
2026-07-23,2026,28883.0,28657.0,28770.0,226.0,39.25,11.25,20.08888888888889,21,28820.125,28825.75,28702.0,-57.25,-45.0,-5.088888888888889,-4.0
2026-07-24,2026,28622.0,28313.5,28467.75,308.5,35.875,15.5,19.903225806451612,20,28522.75,28592.5,28391.0,-29.5,-77.5,-1.903225806451613,-5.0
2026-07-27,2026,28615.75,28341.25,28478.5,274.5,38.75,13.75,19.963636363636365,20,28458.125,28602.5,28423.75,-13.25,-82.5,-0.9636363636363636,-6.0
2026-07-28,2026,27992.0,27641.75,27816.875,350.25,44.125,17.5,20.014285714285716,21,27685.5,27869.25,27641.75,-122.75,0.0,-7.014285714285714,0.0
2026-07-29,2026,27996.0,27667.75,27831.875,328.25,43.875,16.5,19.893939393939394,20,27890.5,27996.0,27783.25,0.0,-115.5,0.0,-7.0
2026-07-31,2026,28725.75,28295.5,28510.625,430.25,49.625,21.5,20.011627906976745,21,28349.25,28618.0,28295.5,-107.75,0.0,-5.011627906976744,0.0
2026-08-03,2026,28628.0,28313.5,28470.75,314.5,42.5,15.75,19.96825396825397,20,28478.875,28549.75,28376.5,-78.25,-63.0,-4.968253968253968,-4.0
2026-08-04,2026,29503.75,29208.25,29356.0,295.5,30.875,14.75,20.033898305084747,21,29451.625,29488.5,29355.75,-15.25,-147.5,-1.0338983050847457,-10.0
2026-08-05,2026,30074.0,29910.25,29992.125,163.75,36.75,8.25,19.848484848484848,20,29988.625,30058.75,29968.0,-15.25,-57.75,-1.8484848484848484,-7.0
2026-08-06,2026,29551.0,29241.25,29396.125,309.75,36.375,15.5,19.983870967741936,20,29512.5,29551.0,29349.75,0.0,-108.5,0.0,-7.0
2026-08-07,2026,29820.0,29643.75,29731.875,176.25,39.625,8.75,20.142857142857142,21,29744.375,29801.25,29705.0,-18.75,-61.25,-2.142857142857143,-7.0
2026-08-10,2026,29841.75,29718.75,29780.25,123.0,33.0,6.25,19.68,20,29771.875,29812.5,29743.75,-29.25,-25.0,-4.68,-4.0
2026-08-11,2026,29842.5,29631.75,29737.125,210.75,33.875,10.5,20.071428571428573,21,29742.0,29747.25,29652.75,-95.25,-21.0,-9.071428571428571,-2.0
2026-08-12,2026,30001.75,29853.25,29927.5,148.5,31.75,7.5,19.8,20,29902.0,29935.75,29868.25,-66.0,-15.0,-8.8,-2.0
2026-08-13,2026,30182.25,29863.5,30022.875,318.75,25.125,16.0,19.921875,20,30143.5,30182.25,29975.5,0.0,-112.0,0.0,-7.0
2026-08-14,2026,30280.5,30169.75,30225.125,110.75,25.375,5.5,20.136363636363637,21,30238.5,30263.25,30202.75,-17.25,-33.0,-3.1363636363636362,-6.0
2026-08-17,2026,30266.0,30165.5,30215.75,100.5,25.75,5.0,20.1,21,30228.0,30240.5,30185.5,-25.5,-20.0,-5.1,-4.0
2026-08-18,2026,29769.75,29604.75,29687.25,165.0,34.625,8.25,20.0,20,29658.375,29728.5,29637.75,-41.25,-33.0,-5.0,-4.0
2026-08-19,2026,29742.75,29406.5,29574.625,336.25,38.0,16.75,20.074626865671643,21,29599.125,29741.5,29490.25,-1.25,-83.75,-0.07462686567164178,-5.0
2026-08-20,2026,29470.25,29308.75,29389.5,161.5,37.125,8.0,20.1875,21,29392.75,29444.75,29340.75,-25.5,-32.0,-3.1875,-4.0
2026-08-21,2026,29476.0,29255.75,29365.875,220.25,29.75,11.0,20.022727272727273,21,29338.25,29365.75,29266.75,-110.25,-11.0,-10.022727272727273,-1.0
2026-08-24,2026,29243.0,28946.75,29094.875,296.25,33.25,14.75,20.084745762711865,21,28998.375,29123.75,28961.5,-119.25,-14.75,-8.084745762711865,-1.0
2026-08-25,2026,29414.75,29279.25,29347.0,135.5,28.375,6.75,20.074074074074073,21,29356.875,29373.75,29299.5,-41.0,-20.25,-6.074074074074074,-3.0
2026-08-26,2026,29332.75,29174.25,29253.5,158.5,27.125,8.0,19.8125,20,29274.25,29294.25,29222.25,-38.5,-48.0,-4.8125,-6.0
2026-08-27,2026,29605.0,29423.75,29514.375,181.25,37.625,9.0,20.13888888888889,21,29482.25,29558.75,29459.75,-46.25,-36.0,-5.138888888888889,-4.0
2026-08-28,2026,29703.25,29562.75,29633.0,140.5,24.125,7.0,20.071428571428573,21,29650.25,29695.75,29604.75,-7.5,-42.0,-1.0714285714285714,-6.0
