session_date,front_symbol,front_instrument_id,roll_effective,roll_day_flag
2010-07-01,NQZ0,3088,False,False
2010-07-02,NQZ0,3088,False,False
2010-07-05,NQZ0,3088,False,False
2010-07-06,NQZ0,3088,False,False
2010-07-07,NQZ0,3088,False,False
2010-07-09,NQZ0,3088,False,False
2010-07-12,NQZ0,3088,False,False
2010-07-14,NQZ0,3088,False,False
2010-07-16,NQZ0,3088,False,False
2010-07-19,NQZ0,3088,False,False
2010-07-21,NQZ0,3088,False,False
2010-07-23,NQZ0,3088,False,False
2010-07-26,NQZ0,3088,False,False
2010-07-27,NQZ0,3088,False,False
2010-07-28,NQZ0,3088,False,True
2010-07-29,NQH1,93735,True,True
2010-07-30,NQH1,93735,False,False
2010-08-02,NQH1,93735,False,False
2010-08-03,NQH1,93735,False,False
2010-08-04,NQH1,93735,False,False
2010-08-05,NQH1,93735,False,False
2010-08-06,NQH1,93735,False,False
2010-08-09,NQH1,93735,False,False
2010-08-10,NQH1,93735,False,False
2010-08-16,NQH1,93735,False,False
2010-08-17,NQH1,93735,False,False
2010-08-18,NQH1,93735,False,False
2010-08-20,NQH1,93735,False,False
2010-08-23,NQH1,93735,False,False
2010-08-26,NQH1,93735,False,False
2010-08-30,NQH1,93735,False,False
2010-08-31,NQH1,93735,False,False
2010-09-01,NQH1,93735,False,False
2010-09-03,NQH1,93735,False,False
2010-09-06,NQH1,93735,False,False
2010-09-07,NQH1,93735,False,False
2010-09-08,NQH1,93735,False,False
2010-09-10,NQH1,93735,False,False
2010-09-13,NQH1,93735,False,False
2010-09-15,NQH1,93735,False,False
2010-09-16,NQH1,93735,False,False
2010-09-17,NQH1,93735,False,False
2010-09-20,NQH1,93735,False,False
2010-09-21,NQH1,93735,False,False
2010-09-22,NQH1,93735,False,False
2010-09-24,NQH1,93735,False,False
2010-09-27,NQH1,93735,False,False
2010-09-28,NQH1,93735,False,False
2010-09-30,NQH1,93735,False,False
2010-10-01,NQH1,93735,False,False
2010-10-04,NQH1,93735,False,False
2010-10-05,NQH1,93735,False,False
2010-10-06,NQH1,93735,False,False
2010-10-07,NQH1,93735,False,False
2010-10-08,NQH1,93735,False,False
2010-10-11,NQH1,93735,False,False
2010-10-12,NQH1,93735,False,False
2010-10-13,NQH1,93735,False,False
2010-10-15,NQH1,93735,False,False
2010-10-18,NQH1,93735,False,False
2010-10-19,NQH1,93735,False,False
2010-10-20,NQH1,93735,False,False
2010-10-21,NQH1,93735,False,False
2010-10-22,NQH1,93735,False,False
2010-10-25,NQH1,93735,False,False
2010-10-26,NQH1,93735,False,False
2010-10-28,NQH1,93735,False,False
2010-10-29,NQH1,93735,False,False
2010-11-01,NQH1,93735,False,False
2010-11-04,NQH1,93735,False,False
2010-11-05,NQH1,93735,False,False
2010-11-08,NQH1,93735,False,False
2010-11-09,NQH1,93735,False,False
2010-11-10,NQH1,93735,False,True
2010-11-11,NQM1,30668,True,True
2010-11-12,NQM1,30668,False,False
2010-11-15,NQM1,30668,False,False
2010-11-16,NQM1,30668,False,False
2010-11-18,NQM1,30668,False,False
2010-11-19,NQM1,30668,False,False
2010-11-22,NQM1,30668,False,False
2010-11-23,NQM1,30668,False,False
2010-11-25,NQM1,30668,False,False
2010-11-26,NQM1,30668,False,False
2010-11-29,NQM1,30668,False,False
2010-12-06,NQM1,30668,False,False
2010-12-07,NQM1,30668,False,False
2010-12-09,NQM1,30668,False,False
2010-12-10,NQM1,30668,False,False
2010-12-13,NQM1,30668,False,False
2010-12-14,NQM1,30668,False,False
2010-12-16,NQM1,30668,False,False
2010-12-17,NQM1,30668,False,False
2010-12-20,NQM1,30668,False,False
2010-12-21,NQM1,30668,False,False
2010-12-22,NQM1,30668,False,False
2010-12-23,NQM1,30668,False,False
2010-12-27,NQM1,30668,False,False
2010-12-28,NQM1,30668,False,False
2010-12-29,NQM1,30668,False,False
2010-12-30,NQM1,30668,False,False
2010-12-31,NQM1,30668,False,False
2011-01-03,NQM1,30668,False,False
2011-01-04,NQM1,30668,False,False
2011-01-07,NQM1,30668,False,False
2011-01-10,NQM1,30668,False,False
2011-01-12,NQM1,30668,False,False
2011-01-13,NQM1,30668,False,False
2011-01-17,NQM1,30668,False,False
2011-01-18,NQM1,30668,False,False
2011-01-19,NQM1,30668,False,False
2011-01-20,NQM1,30668,False,False
2011-01-24,NQM1,30668,False,False
2011-01-26,NQM1,30668,False,False
2011-01-27,NQM1,30668,False,False
2011-01-31,NQM1,30668,False,False
2011-02-01,NQM1,30668,False,False
2011-02-02,NQM1,30668,False,False
2011-02-03,NQM1,30668,False,False
2011-02-04,NQM1,30668,False,False
2011-02-07,NQM1,30668,False,False
2011-02-14,NQM1,30668,False,False
2011-02-15,NQM1,30668,False,False
2011-02-17,NQM1,30668,False,False
2011-02-18,NQM1,30668,False,False
2011-02-21,NQM1,30668,False,False
2011-02-22,NQM1,30668,False,False
2011-02-24,NQM1,30668,False,False
2011-02-28,NQM1,30668,False,False
2011-03-02,NQM1,30668,False,True
2011-03-04,NQU1,56972,True,True
2011-03-07,NQU1,56972,False,False
2011-03-10,NQU1,56972,False,False
2011-03-14,NQU1,56972,False,False
2011-03-15,NQU1,56972,False,False
2011-03-17,NQU1,56972,False,False
2011-03-21,NQU1,56972,False,False
2011-03-22,NQU1,56972,False,False
2011-03-24,NQU1,56972,False,False
2011-03-25,NQU1,56972,False,False
2011-03-28,NQU1,56972,False,False
2011-03-29,NQU1,56972,False,False
2011-03-30,NQU1,56972,False,False
2011-03-31,NQU1,56972,False,False
2011-04-04,NQU1,56972,False,False
2011-04-05,NQU1,56972,False,False
2011-04-06,NQU1,56972,False,False
2011-04-07,NQU1,56972,False,False
2011-04-08,NQU1,56972,False,False
2011-04-11,NQU1,56972,False,False
2011-04-12,NQU1,56972,False,False
2011-04-13,NQU1,56972,False,False
2011-04-14,NQU1,56972,False,False
2011-04-15,NQU1,56972,False,False
2011-04-18,NQU1,56972,False,False
2011-04-19,NQU1,56972,False,False
2011-04-20,NQU1,56972,False,False
2011-04-21,NQU1,56972,False,False
2011-04-25,NQU1,56972,False,False
2011-04-28,NQU1,56972,False,False
2011-04-29,NQU1,56972,False,False
2011-05-02,NQU1,56972,False,False
2011-05-03,NQU1,56972,False,False
2011-05-05,NQU1,56972,False,False
2011-05-06,NQU1,56972,False,False
2011-05-09,NQU1,56972,False,False
2011-05-11,NQU1,56972,False,False
2011-05-12,NQU1,56972,False,False
2011-05-13,NQU1,56972,False,False
2011-05-16,NQU1,56972,False,False
2011-05-17,NQU1,56972,False,False
2011-05-18,NQU1,56972,False,False
2011-05-20,NQU1,56972,False,False
2011-05-23,NQU1,56972,False,False
2011-05-24,NQU1,56972,False,False
2011-05-25,NQU1,56972,False,False
2011-05-26,NQU1,56972,False,False
2011-05-30,NQU1,56972,False,False
2011-05-31,NQU1,56972,False,False
2011-06-01,NQU1,56972,False,False
2011-06-02,NQU1,56972,False,False
2011-06-06,NQU1,56972,False,False
2011-06-08,NQU1,56972,False,False
2011-06-09,NQU1,56972,False,False
2011-06-10,NQU1,56972,False,False
2011-06-13,NQU1,56972,False,False
2011-06-14,NQU1,56972,False,True
2011-06-15,NQZ1,12038,True,True
2011-06-16,NQZ1,12038,False,False
2011-06-17,NQZ1,12038,False,False
2011-06-20,NQZ1,12038,False,False
2011-06-22,NQZ1,12038,False,False
2011-06-23,NQZ1,12038,False,False
2011-06-24,NQZ1,12038,False,False
2011-06-27,NQZ1,12038,False,False
2011-06-29,NQZ1,12038,False,False
2011-06-30,NQZ1,12038,False,False
2011-07-01,NQZ1,12038,False,False
2011-07-04,NQZ1,12038,False,False
2011-07-05,NQZ1,12038,False,False
2011-07-06,NQZ1,12038,False,False
2011-07-08,NQZ1,12038,False,False
2011-07-11,NQZ1,12038,False,False
2011-07-12,NQZ1,12038,False,False
2011-07-13,NQZ1,12038,False,False
2011-07-14,NQZ1,12038,False,False
2011-07-15,NQZ1,12038,False,False
2011-07-18,NQZ1,12038,False,False
2011-07-19,NQZ1,12038,False,False
2011-07-22,NQZ1,12038,False,False
2011-07-25,NQZ1,12038,False,False
2011-07-27,NQZ1,12038,False,False
2011-07-29,NQZ1,12038,False,False
2011-08-01,NQZ1,12038,False,False
2011-08-02,NQZ1,12038,False,False
2011-08-03,NQZ1,12038,False,False
2011-08-05,NQZ1,12038,False,False
2011-08-08,NQZ1,12038,False,False
2011-08-12,NQZ1,12038,False,False
2011-08-15,NQZ1,12038,False,False
2011-08-18,NQZ1,12038,False,False
2011-08-19,NQZ1,12038,False,False
2011-08-22,NQZ1,12038,False,False
2011-08-23,NQZ1,12038,False,True
2011-08-25,NQH2,8870,True,True
2011-08-26,NQH2,8870,False,False
2011-08-29,NQH2,8870,False,False
2011-08-30,NQH2,8870,False,False
2011-08-31,NQH2,8870,False,False
2011-09-02,NQH2,8870,False,False
2011-09-05,NQH2,8870,False,False
2011-09-06,NQH2,8870,False,False
2011-09-07,NQH2,8870,False,False
2011-09-08,NQH2,8870,False,False
2011-09-09,NQH2,8870,False,False
2011-09-12,NQH2,8870,False,False
2011-09-13,NQH2,8870,False,False
2011-09-14,NQH2,8870,False,False
2011-09-15,NQH2,8870,False,False
2011-09-16,NQH2,8870,False,False
2011-09-19,NQH2,8870,False,False
2011-09-20,NQH2,8870,False,False
2011-09-21,NQH2,8870,False,False
2011-09-22,NQH2,8870,False,False
2011-09-23,NQH2,8870,False,False
2011-09-26,NQH2,8870,False,False
2011-09-27,NQH2,8870,False,False
2011-09-29,NQH2,8870,False,False
2011-09-30,NQH2,8870,False,False
2011-10-03,NQH2,8870,False,False
2011-10-04,NQH2,8870,False,False
2011-10-05,NQH2,8870,False,False
2011-10-06,NQH2,8870,False,False
2011-10-07,NQH2,8870,False,False
2011-10-10,NQH2,8870,False,False
2011-10-11,NQH2,8870,False,False
2011-10-13,NQH2,8870,False,False
2011-10-14,NQH2,8870,False,False
2011-10-17,NQH2,8870,False,False
2011-10-18,NQH2,8870,False,False
2011-10-19,NQH2,8870,False,False
2011-10-20,NQH2,8870,False,False
2011-10-21,NQH2,8870,False,False
2011-10-24,NQH2,8870,False,False
2011-10-25,NQH2,8870,False,False
2011-10-26,NQH2,8870,False,False
2011-10-27,NQH2,8870,False,False
2011-10-28,NQH2,8870,False,False
2011-10-31,NQH2,8870,False,False
2011-11-01,NQH2,8870,False,False
2011-11-03,NQH2,8870,False,False
2011-11-04,NQH2,8870,False,False
2011-11-07,NQH2,8870,False,False
2011-11-08,NQH2,8870,False,False
2011-11-09,NQH2,8870,False,False
2011-11-10,NQH2,8870,False,False
2011-11-11,NQH2,8870,False,False
2011-11-14,NQH2,8870,False,False
2011-11-17,NQH2,8870,False,False
2011-11-18,NQH2,8870,False,False
2011-11-21,NQH2,8870,False,False
2011-11-22,NQH2,8870,False,False
2011-11-23,NQH2,8870,False,False
2011-11-25,NQH2,8870,False,False
2011-11-28,NQH2,8870,False,False
2011-11-30,NQH2,8870,False,False
2011-12-01,NQH2,8870,False,False
2011-12-02,NQH2,8870,False,False
2011-12-05,NQH2,8870,False,False
2011-12-06,NQH2,8870,False,True
2011-12-07,NQM2,20924,True,True
2011-12-12,NQM2,20924,False,False
2011-12-13,NQM2,20924,False,False
2011-12-14,NQM2,20924,False,False
2011-12-15,NQM2,20924,False,False
2011-12-16,NQM2,20924,False,False
2011-12-19,NQM2,20924,False,False
2011-12-20,NQM2,20924,False,False
2011-12-22,NQM2,20924,False,False
2011-12-27,NQM2,20924,False,False
2011-12-28,NQM2,20924,False,False
2011-12-29,NQM2,20924,False,False
2011-12-30,NQM2,20924,False,False
2012-01-03,NQM2,20924,False,False
2012-01-04,NQM2,20924,False,False
2012-01-05,NQM2,20924,False,False
2012-01-06,NQM2,20924,False,False
2012-01-09,NQM2,20924,False,False
2012-01-10,NQM2,20924,False,False
2012-01-11,NQM2,20924,False,False
2012-01-12,NQM2,20924,False,False
2012-01-16,NQM2,20924,False,False
2012-01-17,NQM2,20924,False,False
2012-01-19,NQM2,20924,False,False
2012-01-20,NQM2,20924,False,False
2012-01-23,NQM2,20924,False,False
2012-01-24,NQM2,20924,False,False
2012-01-25,NQM2,20924,False,False
2012-01-26,NQM2,20924,False,False
2012-01-27,NQM2,20924,False,False
2012-01-30,NQM2,20924,False,False
2012-01-31,NQM2,20924,False,False
2012-02-01,NQM2,20924,False,False
2012-02-02,NQM2,20924,False,False
2012-02-03,NQM2,20924,False,False
2012-02-06,NQM2,20924,False,False
2012-02-07,NQM2,20924,False,False
2012-02-08,NQM2,20924,False,False
2012-02-09,NQM2,20924,False,False
2012-02-10,NQM2,20924,False,False
2012-02-13,NQM2,20924,False,False
2012-02-15,NQM2,20924,False,False
2012-02-16,NQM2,20924,False,False
2012-02-20,NQM2,20924,False,False
2012-02-21,NQM2,20924,False,False
2012-02-22,NQM2,20924,False,False
2012-02-23,NQM2,20924,False,False
2012-02-27,NQM2,20924,False,False
2012-02-28,NQM2,20924,False,True
2012-03-01,NQU2,57494,True,True
2012-03-05,NQU2,57494,False,False
2012-03-06,NQU2,57494,False,False
2012-03-07,NQU2,57494,False,False
2012-03-08,NQU2,57494,False,False
2012-03-12,NQU2,57494,False,False
2012-03-13,NQU2,57494,False,False
2012-03-14,NQU2,57494,False,False
2012-03-15,NQU2,57494,False,False
2012-03-16,NQU2,57494,False,False
2012-03-19,NQU2,57494,False,False
2012-03-20,NQU2,57494,False,False
2012-03-21,NQU2,57494,False,False
2012-03-22,NQU2,57494,False,False
2012-03-23,NQU2,57494,False,False
2012-03-26,NQU2,57494,False,False
2012-03-27,NQU2,57494,False,False
2012-03-28,NQU2,57494,False,False
2012-03-29,NQU2,57494,False,True
2012-03-30,NQZ2,10016,True,True
2012-04-02,NQZ2,10016,False,False
2012-04-04,NQZ2,10016,False,False
2012-04-05,NQZ2,10016,False,False
2012-04-09,NQZ2,10016,False,False
2012-04-10,NQZ2,10016,False,False
2012-04-11,NQZ2,10016,False,False
2012-04-12,NQZ2,10016,False,False
2012-04-13,NQZ2,10016,False,False
2012-04-16,NQZ2,10016,False,False
2012-04-17,NQZ2,10016,False,False
2012-04-18,NQZ2,10016,False,False
2012-04-19,NQZ2,10016,False,False
2012-04-20,NQZ2,10016,False,False
2012-04-23,NQZ2,10016,False,False
2012-04-24,NQZ2,10016,False,False
2012-04-25,NQZ2,10016,False,False
2012-04-26,NQZ2,10016,False,False
2012-04-27,NQZ2,10016,False,False
2012-04-30,NQZ2,10016,False,False
2012-05-01,NQZ2,10016,False,False
2012-05-02,NQZ2,10016,False,False
2012-05-03,NQZ2,10016,False,False
2012-05-04,NQZ2,10016,False,False
2012-05-07,NQZ2,10016,False,False
2012-05-08,NQZ2,10016,False,False
2012-05-09,NQZ2,10016,False,False
2012-05-10,NQZ2,10016,False,False
2012-05-11,NQZ2,10016,False,False
2012-05-14,NQZ2,10016,False,False
2012-05-15,NQZ2,10016,False,False
2012-05-17,NQZ2,10016,False,False
2012-05-18,NQZ2,10016,False,False
2012-05-21,NQZ2,10016,False,False
2012-05-22,NQZ2,10016,False,False
2012-05-23,NQZ2,10016,False,False
2012-05-25,NQZ2,10016,False,False
2012-05-28,NQZ2,10016,False,False
2012-05-29,NQZ2,10016,False,False
2012-05-31,NQZ2,10016,False,False
2012-06-01,NQZ2,10016,False,False
2012-06-04,NQZ2,10016,False,False
2012-06-08,NQZ2,10016,False,False
2012-06-11,NQZ2,10016,False,False
2012-06-13,NQZ2,10016,False,False
2012-06-15,NQZ2,10016,False,False
2012-06-18,NQZ2,10016,False,False
2012-06-19,NQZ2,10016,False,False
2012-06-20,NQZ2,10016,False,False
2012-06-21,NQZ2,10016,False,False
2012-06-22,NQZ2,10016,False,False
2012-06-25,NQZ2,10016,False,False
2012-06-26,NQZ2,10016,False,False
2012-06-27,NQZ2,10016,False,False
2012-06-28,NQZ2,10016,False,False
2012-06-29,NQZ2,10016,False,False
2012-07-02,NQZ2,10016,False,False
2012-07-03,NQZ2,10016,False,False
2012-07-04,NQZ2,10016,False,False
2012-07-05,NQZ2,10016,False,False
2012-07-06,NQZ2,10016,False,False
2012-07-09,NQZ2,10016,False,False
2012-07-10,NQZ2,10016,False,False
2012-07-11,NQZ2,10016,False,False
2012-07-12,NQZ2,10016,False,False
2012-07-13,NQZ2,10016,False,False
2012-07-16,NQZ2,10016,False,False
2012-07-17,NQZ2,10016,False,False
2012-07-18,NQZ2,10016,False,False
2012-07-19,NQZ2,10016,False,False
2012-07-20,NQZ2,10016,False,False
2012-07-23,NQZ2,10016,False,False
2012-07-25,NQZ2,10016,False,False
2012-07-26,NQZ2,10016,False,False
2012-07-27,NQZ2,10016,False,False
2012-07-30,NQZ2,10016,False,False
2012-07-31,NQZ2,10016,False,False
2012-08-01,NQZ2,10016,False,False
2012-08-02,NQZ2,10016,False,False
2012-08-03,NQZ2,10016,False,False
2012-08-06,NQZ2,10016,False,False
2012-08-07,NQZ2,10016,False,False
2012-08-08,NQZ2,10016,False,False
2012-08-09,NQZ2,10016,False,False
2012-08-10,NQZ2,10016,False,False
2012-08-13,NQZ2,10016,False,False
2012-08-14,NQZ2,10016,False,False
2012-08-16,NQZ2,10016,False,False
2012-08-17,NQZ2,10016,False,False
2012-08-20,NQZ2,10016,False,False
2012-08-21,NQZ2,10016,False,False
2012-08-22,NQZ2,10016,False,False
2012-08-23,NQZ2,10016,False,False
2012-08-24,NQZ2,10016,False,False
2012-08-27,NQZ2,10016,False,False
2012-08-28,NQZ2,10016,False,False
2012-08-29,NQZ2,10016,False,False
2012-08-31,NQZ2,10016,False,False
2012-09-03,NQZ2,10016,False,False
2012-09-04,NQZ2,10016,False,False
2012-09-05,NQZ2,10016,False,False
2012-09-06,NQZ2,10016,False,False
2012-09-07,NQZ2,10016,False,False
2012-09-10,NQZ2,10016,False,False
2012-09-11,NQZ2,10016,False,False
2012-09-12,NQZ2,10016,False,False
2012-09-13,NQZ2,10016,False,False
2012-09-14,NQZ2,10016,False,False
2012-09-17,NQZ2,10016,False,False
2012-09-18,NQZ2,10016,False,False
2012-09-19,NQZ2,10016,False,False
2012-09-20,NQZ2,10016,False,False
2012-09-21,NQZ2,10016,False,False
2012-09-24,NQZ2,10016,False,False
2012-09-25,NQZ2,10016,False,False
2012-09-26,NQZ2,10016,False,False
2012-09-27,NQZ2,10016,False,False
2012-09-28,NQZ2,10016,False,False
2012-10-01,NQZ2,10016,False,False
2012-10-02,NQZ2,10016,False,False
2012-10-03,NQZ2,10016,False,False
2012-10-04,NQZ2,10016,False,False
2012-10-05,NQZ2,10016,False,False
2012-10-08,NQZ2,10016,False,False
2012-10-10,NQZ2,10016,False,False
2012-10-11,NQZ2,10016,False,True
2012-10-12,NQH3,36931,True,True
2012-10-15,NQH3,36931,False,False
2012-10-16,NQH3,36931,False,False
2012-10-17,NQH3,36931,False,False
2012-10-18,NQH3,36931,False,False
2012-10-19,NQH3,36931,False,False
2012-10-22,NQH3,36931,False,False
2012-10-23,NQH3,36931,False,False
2012-10-24,NQH3,36931,False,False
2012-10-25,NQH3,36931,False,False
2012-10-26,NQH3,36931,False,False
2012-10-31,NQH3,36931,False,False
2012-11-01,NQH3,36931,False,False
2012-11-02,NQH3,36931,False,False
2012-11-05,NQH3,36931,False,False
2012-11-06,NQH3,36931,False,False
2012-11-07,NQH3,36931,False,False
2012-11-08,NQH3,36931,False,False
2012-11-09,NQH3,36931,False,False
2012-11-12,NQH3,36931,False,False
2012-11-13,NQH3,36931,False,False
2012-11-14,NQH3,36931,False,False
2012-11-15,NQH3,36931,False,False
2012-11-16,NQH3,36931,False,False
2012-11-19,NQH3,36931,False,False
2012-11-20,NQH3,36931,False,False
2012-11-21,NQH3,36931,False,False
2012-11-23,NQH3,36931,False,False
2012-11-26,NQH3,36931,False,False
2012-11-27,NQH3,36931,False,False
2012-11-28,NQH3,36931,False,False
2012-11-29,NQH3,36931,False,False
2012-11-30,NQH3,36931,False,False
2012-12-03,NQH3,36931,False,False
2012-12-05,NQH3,36931,False,False
2012-12-06,NQH3,36931,False,False
2012-12-07,NQH3,36931,False,False
2012-12-10,NQH3,36931,False,False
2012-12-11,NQH3,36931,False,False
2012-12-14,NQH3,36931,False,False
2012-12-17,NQH3,36931,False,False
2012-12-18,NQH3,36931,False,False
2012-12-19,NQH3,36931,False,False
2012-12-20,NQH3,36931,False,False
2012-12-21,NQH3,36931,False,False
2012-12-24,NQH3,36931,False,False
2012-12-26,NQH3,36931,False,False
2012-12-27,NQH3,36931,False,False
2012-12-28,NQH3,36931,False,False
2012-12-31,NQH3,36931,False,False
2013-01-02,NQH3,36931,False,False
2013-01-03,NQH3,36931,False,True
2013-01-04,NQZ3,28499,True,True
2013-01-07,NQZ3,28499,False,False
2013-01-08,NQZ3,28499,False,False
2013-01-09,NQZ3,28499,False,False
2013-01-10,NQZ3,28499,False,False
2013-01-11,NQZ3,28499,False,False
2013-01-14,NQZ3,28499,False,False
2013-01-15,NQZ3,28499,False,False
2013-01-16,NQZ3,28499,False,False
2013-01-17,NQZ3,28499,False,False
2013-01-18,NQZ3,28499,False,False
2013-01-22,NQZ3,28499,False,False
2013-01-24,NQZ3,28499,False,False
2013-01-25,NQZ3,28499,False,False
2013-01-28,NQZ3,28499,False,False
2013-01-29,NQZ3,28499,False,False
2013-01-30,NQZ3,28499,False,False
2013-01-31,NQZ3,28499,False,False
2013-02-01,NQZ3,28499,False,False
2013-02-04,NQZ3,28499,False,False
2013-02-05,NQZ3,28499,False,False
2013-02-06,NQZ3,28499,False,False
2013-02-07,NQZ3,28499,False,False
2013-02-08,NQZ3,28499,False,False
2013-02-11,NQZ3,28499,False,False
2013-02-12,NQZ3,28499,False,False
2013-02-13,NQZ3,28499,False,False
2013-02-14,NQZ3,28499,False,False
2013-02-15,NQZ3,28499,False,False
2013-02-19,NQZ3,28499,False,False
2013-02-20,NQZ3,28499,False,False
2013-02-21,NQZ3,28499,False,False
2013-02-22,NQZ3,28499,False,False
2013-02-25,NQZ3,28499,False,False
2013-02-26,NQZ3,28499,False,False
2013-02-27,NQZ3,28499,False,False
2013-02-28,NQZ3,28499,False,False
2013-03-01,NQZ3,28499,False,False
2013-03-04,NQZ3,28499,False,False
2013-03-05,NQZ3,28499,False,False
2013-03-07,NQZ3,28499,False,False
2013-03-08,NQZ3,28499,False,False
2013-03-11,NQZ3,28499,False,False
2013-03-12,NQZ3,28499,False,False
2013-03-13,NQZ3,28499,False,False
2013-03-14,NQZ3,28499,False,False
2013-03-15,NQZ3,28499,False,False
2013-03-18,NQZ3,28499,False,False
2013-03-19,NQZ3,28499,False,False
2013-03-20,NQZ3,28499,False,False
2013-03-21,NQZ3,28499,False,False
2013-03-22,NQZ3,28499,False,False
2013-03-25,NQZ3,28499,False,False
2013-03-26,NQZ3,28499,False,False
2013-03-27,NQZ3,28499,False,False
2013-03-28,NQZ3,28499,False,False
2013-04-01,NQZ3,28499,False,False
2013-04-02,NQZ3,28499,False,False
2013-04-03,NQZ3,28499,False,False
2013-04-04,NQZ3,28499,False,False
2013-04-05,NQZ3,28499,False,False
2013-04-08,NQZ3,28499,False,False
2013-04-09,NQZ3,28499,False,False
2013-04-10,NQZ3,28499,False,False
2013-04-11,NQZ3,28499,False,False
2013-04-12,NQZ3,28499,False,False
2013-04-15,NQZ3,28499,False,False
2013-04-16,NQZ3,28499,False,False
2013-04-17,NQZ3,28499,False,False
2013-04-18,NQZ3,28499,False,False
2013-04-19,NQZ3,28499,False,False
2013-04-22,NQZ3,28499,False,False
2013-04-23,NQZ3,28499,False,False
2013-04-24,NQZ3,28499,False,False
2013-04-25,NQZ3,28499,False,False
2013-04-26,NQZ3,28499,False,False
2013-04-29,NQZ3,28499,False,False
2013-04-30,NQZ3,28499,False,False
2013-05-01,NQZ3,28499,False,False
2013-05-02,NQZ3,28499,False,False
2013-05-03,NQZ3,28499,False,False
2013-05-06,NQZ3,28499,False,False
2013-05-07,NQZ3,28499,False,False
2013-05-08,NQZ3,28499,False,False
2013-05-09,NQZ3,28499,False,False
2013-05-10,NQZ3,28499,False,False
2013-05-13,NQZ3,28499,False,False
2013-05-14,NQZ3,28499,False,False
2013-05-15,NQZ3,28499,False,False
2013-05-16,NQZ3,28499,False,False
2013-05-17,NQZ3,28499,False,False
2013-05-20,NQZ3,28499,False,False
2013-05-21,NQZ3,28499,False,False
2013-05-22,NQZ3,28499,False,False
2013-05-23,NQZ3,28499,False,False
2013-05-24,NQZ3,28499,False,False
2013-05-28,NQZ3,28499,False,False
2013-05-29,NQZ3,28499,False,False
2013-05-30,NQZ3,28499,False,False
2013-05-31,NQZ3,28499,False,False
2013-06-03,NQZ3,28499,False,False
2013-06-04,NQZ3,28499,False,False
2013-06-05,NQZ3,28499,False,False
2013-06-06,NQZ3,28499,False,False
2013-06-07,NQZ3,28499,False,False
2013-06-10,NQZ3,28499,False,False
2013-06-11,NQZ3,28499,False,False
2013-06-12,NQZ3,28499,False,False
2013-06-13,NQZ3,28499,False,False
2013-06-14,NQZ3,28499,False,False
2013-06-17,NQZ3,28499,False,False
2013-06-18,NQZ3,28499,False,False
2013-06-19,NQZ3,28499,False,False
2013-06-20,NQZ3,28499,False,False
2013-06-21,NQZ3,28499,False,False
2013-06-24,NQZ3,28499,False,False
2013-06-25,NQZ3,28499,False,False
2013-06-26,NQZ3,28499,False,False
2013-06-27,NQZ3,28499,False,False
2013-06-28,NQZ3,28499,False,False
2013-07-01,NQZ3,28499,False,False
2013-07-02,NQZ3,28499,False,False
2013-07-03,NQZ3,28499,False,False
2013-07-05,NQZ3,28499,False,False
2013-07-08,NQZ3,28499,False,False
2013-07-09,NQZ3,28499,False,False
2013-07-10,NQZ3,28499,False,False
2013-07-11,NQZ3,28499,False,False
2013-07-12,NQZ3,28499,False,False
2013-07-15,NQZ3,28499,False,False
2013-07-16,NQZ3,28499,False,False
2013-07-17,NQZ3,28499,False,False
2013-07-18,NQZ3,28499,False,False
2013-07-19,NQZ3,28499,False,False
2013-07-22,NQZ3,28499,False,False
2013-07-23,NQZ3,28499,False,False
2013-07-24,NQZ3,28499,False,False
2013-07-25,NQZ3,28499,False,False
2013-07-26,NQZ3,28499,False,False
2013-07-29,NQZ3,28499,False,False
2013-07-30,NQZ3,28499,False,False
2013-07-31,NQZ3,28499,False,False
2013-08-01,NQZ3,28499,False,False
2013-08-02,NQZ3,28499,False,False
2013-08-05,NQZ3,28499,False,False
2013-08-06,NQZ3,28499,False,False
2013-08-07,NQZ3,28499,False,False
2013-08-08,NQZ3,28499,False,False
2013-08-09,NQZ3,28499,False,False
2013-08-12,NQZ3,28499,False,False
2013-08-13,NQZ3,28499,False,False
2013-08-14,NQZ3,28499,False,False
2013-08-15,NQZ3,28499,False,False
2013-08-16,NQZ3,28499,False,False
2013-08-19,NQZ3,28499,False,False
2013-08-20,NQZ3,28499,False,False
2013-08-21,NQZ3,28499,False,False
2013-08-22,NQZ3,28499,False,False
2013-08-23,NQZ3,28499,False,False
2013-08-26,NQZ3,28499,False,False
2013-08-27,NQZ3,28499,False,False
2013-08-28,NQZ3,28499,False,False
2013-08-29,NQZ3,28499,False,False
2013-08-30,NQZ3,28499,False,False
2013-09-03,NQZ3,28499,False,False
2013-09-04,NQZ3,28499,False,False
2013-09-05,NQZ3,28499,False,False
2013-09-06,NQZ3,28499,False,False
2013-09-09,NQZ3,28499,False,False
2013-09-10,NQZ3,28499,False,False
2013-09-11,NQZ3,28499,False,False
2013-09-12,NQZ3,28499,False,False
2013-09-13,NQZ3,28499,False,False
2013-09-16,NQZ3,28499,False,False
2013-09-17,NQZ3,28499,False,False
2013-09-18,NQZ3,28499,False,False
2013-09-19,NQZ3,28499,False,False
2013-09-20,NQZ3,28499,False,False
2013-09-23,NQZ3,28499,False,False
2013-09-24,NQZ3,28499,False,False
2013-09-25,NQZ3,28499,False,False
2013-09-26,NQZ3,28499,False,False
2013-09-27,NQZ3,28499,False,False
2013-09-30,NQZ3,28499,False,False
2013-10-01,NQZ3,28499,False,False
2013-10-02,NQZ3,28499,False,False
2013-10-03,NQZ3,28499,False,False
2013-10-04,NQZ3,28499,False,False
2013-10-07,NQZ3,28499,False,False
2013-10-08,NQZ3,28499,False,False
2013-10-09,NQZ3,28499,False,False
2013-10-10,NQZ3,28499,False,False
2013-10-11,NQZ3,28499,False,False
2013-10-14,NQZ3,28499,False,False
2013-10-15,NQZ3,28499,False,False
2013-10-16,NQZ3,28499,False,False
2013-10-17,NQZ3,28499,False,False
2013-10-18,NQZ3,28499,False,False
2013-10-21,NQZ3,28499,False,False
2013-10-22,NQZ3,28499,False,False
2013-10-23,NQZ3,28499,False,False
2013-10-24,NQZ3,28499,False,False
2013-10-25,NQZ3,28499,False,False
2013-10-28,NQZ3,28499,False,False
2013-10-29,NQZ3,28499,False,False
2013-10-30,NQZ3,28499,False,False
2013-10-31,NQZ3,28499,False,False
2013-11-01,NQZ3,28499,False,False
2013-11-04,NQZ3,28499,False,False
2013-11-05,NQZ3,28499,False,True
2013-11-06,NQH4,382251,True,True
2013-11-07,NQH4,382251,False,False
2013-11-08,NQH4,382251,False,False
2013-11-11,NQH4,382251,False,False
2013-11-12,NQH4,382251,False,False
2013-11-13,NQH4,382251,False,False
2013-11-14,NQH4,382251,False,False
2013-11-15,NQH4,382251,False,False
2013-11-18,NQH4,382251,False,False
2013-11-20,NQH4,382251,False,False
2013-11-21,NQH4,382251,False,False
2013-11-22,NQH4,382251,False,False
2013-11-25,NQH4,382251,False,False
2013-11-26,NQH4,382251,False,False
2013-11-27,NQH4,382251,False,False
2013-11-29,NQH4,382251,False,False
2013-12-02,NQH4,382251,False,False
2013-12-04,NQH4,382251,False,False
2013-12-05,NQH4,382251,False,False
2013-12-06,NQH4,382251,False,False
2013-12-09,NQH4,382251,False,False
2013-12-10,NQH4,382251,False,False
2013-12-11,NQH4,382251,False,False
2013-12-12,NQH4,382251,False,False
2013-12-13,NQH4,382251,False,False
2013-12-16,NQH4,382251,False,False
2013-12-17,NQH4,382251,False,False
2013-12-18,NQH4,382251,False,True
2013-12-19,NQM4,8223,True,True
2013-12-20,NQM4,8223,False,False
2013-12-23,NQM4,8223,False,False
2013-12-24,NQM4,8223,False,False
2013-12-26,NQM4,8223,False,False
2013-12-27,NQM4,8223,False,False
2013-12-30,NQM4,8223,False,False
2013-12-31,NQM4,8223,False,False
2014-01-02,NQM4,8223,False,False
2014-01-03,NQM4,8223,False,False
2014-01-06,NQM4,8223,False,False
2014-01-07,NQM4,8223,False,False
2014-01-08,NQM4,8223,False,False
2014-01-09,NQM4,8223,False,False
2014-01-10,NQM4,8223,False,False
2014-01-13,NQM4,8223,False,False
2014-01-14,NQM4,8223,False,False
2014-01-15,NQM4,8223,False,False
2014-01-16,NQM4,8223,False,False
2014-01-17,NQM4,8223,False,False
2014-01-21,NQM4,8223,False,False
2014-01-22,NQM4,8223,False,False
2014-01-23,NQM4,8223,False,False
2014-01-24,NQM4,8223,False,False
2014-01-27,NQM4,8223,False,False
2014-01-28,NQM4,8223,False,True
2014-01-29,NQZ4,28097,True,True
2014-01-30,NQZ4,28097,False,False
2014-01-31,NQZ4,28097,False,False
2014-02-03,NQZ4,28097,False,False
2014-02-04,NQZ4,28097,False,False
2014-02-05,NQZ4,28097,False,False
2014-02-06,NQZ4,28097,False,False
2014-02-07,NQZ4,28097,False,False
2014-02-10,NQZ4,28097,False,False
2014-02-12,NQZ4,28097,False,False
2014-02-13,NQZ4,28097,False,False
2014-02-14,NQZ4,28097,False,False
2014-02-18,NQZ4,28097,False,False
2014-02-19,NQZ4,28097,False,False
2014-02-20,NQZ4,28097,False,False
2014-02-21,NQZ4,28097,False,False
2014-02-24,NQZ4,28097,False,False
2014-02-25,NQZ4,28097,False,False
2014-02-26,NQZ4,28097,False,False
2014-02-28,NQZ4,28097,False,False
2014-03-03,NQZ4,28097,False,False
2014-03-04,NQZ4,28097,False,False
2014-03-05,NQZ4,28097,False,False
2014-03-06,NQZ4,28097,False,False
2014-03-07,NQZ4,28097,False,False
2014-03-10,NQZ4,28097,False,False
2014-03-11,NQZ4,28097,False,False
2014-03-12,NQZ4,28097,False,False
2014-03-13,NQZ4,28097,False,False
2014-03-14,NQZ4,28097,False,False
2014-03-17,NQZ4,28097,False,False
2014-03-18,NQZ4,28097,False,False
2014-03-19,NQZ4,28097,False,False
2014-03-20,NQZ4,28097,False,False
2014-03-21,NQZ4,28097,False,False
2014-03-24,NQZ4,28097,False,False
2014-03-25,NQZ4,28097,False,False
2014-03-26,NQZ4,28097,False,False
2014-03-27,NQZ4,28097,False,False
2014-03-28,NQZ4,28097,False,False
2014-03-31,NQZ4,28097,False,False
2014-04-01,NQZ4,28097,False,False
2014-04-02,NQZ4,28097,False,False
2014-04-03,NQZ4,28097,False,False
2014-04-04,NQZ4,28097,False,False
2014-04-07,NQZ4,28097,False,False
2014-04-08,NQZ4,28097,False,False
2014-04-09,NQZ4,28097,False,False
2014-04-10,NQZ4,28097,False,False
2014-04-11,NQZ4,28097,False,False
2014-04-14,NQZ4,28097,False,False
2014-04-15,NQZ4,28097,False,False
2014-04-16,NQZ4,28097,False,False
2014-04-17,NQZ4,28097,False,False
2014-04-21,NQZ4,28097,False,False
2014-04-22,NQZ4,28097,False,False
2014-04-23,NQZ4,28097,False,False
2014-04-24,NQZ4,28097,False,False
2014-04-25,NQZ4,28097,False,False
2014-04-28,NQZ4,28097,False,False
2014-04-29,NQZ4,28097,False,False
2014-04-30,NQZ4,28097,False,False
2014-05-01,NQZ4,28097,False,False
2014-05-02,NQZ4,28097,False,False
2014-05-05,NQZ4,28097,False,False
2014-05-06,NQZ4,28097,False,False
2014-05-07,NQZ4,28097,False,False
2014-05-08,NQZ4,28097,False,False
2014-05-09,NQZ4,28097,False,False
2014-05-12,NQZ4,28097,False,False
2014-05-13,NQZ4,28097,False,False
2014-05-14,NQZ4,28097,False,False
2014-05-15,NQZ4,28097,False,False
2014-05-16,NQZ4,28097,False,False
2014-05-19,NQZ4,28097,False,False
2014-05-20,NQZ4,28097,False,False
2014-05-21,NQZ4,28097,False,False
2014-05-22,NQZ4,28097,False,False
2014-05-23,NQZ4,28097,False,False
2014-05-26,NQZ4,28097,False,False
2014-05-27,NQZ4,28097,False,False
2014-05-28,NQZ4,28097,False,False
2014-05-29,NQZ4,28097,False,False
2014-05-30,NQZ4,28097,False,False
2014-06-02,NQZ4,28097,False,False
2014-06-03,NQZ4,28097,False,False
2014-06-04,NQZ4,28097,False,False
2014-06-05,NQZ4,28097,False,False
2014-06-06,NQZ4,28097,False,False
2014-06-09,NQZ4,28097,False,False
2014-06-10,NQZ4,28097,False,False
2014-06-11,NQZ4,28097,False,False
2014-06-16,NQZ4,28097,False,False
2014-06-17,NQZ4,28097,False,False
2014-06-18,NQZ4,28097,False,False
2014-06-19,NQZ4,28097,False,False
2014-06-20,NQZ4,28097,False,False
2014-06-23,NQZ4,28097,False,False
2014-06-24,NQZ4,28097,False,False
2014-06-25,NQZ4,28097,False,False
2014-06-26,NQZ4,28097,False,False
2014-06-27,NQZ4,28097,False,False
2014-06-30,NQZ4,28097,False,False
2014-07-01,NQZ4,28097,False,False
2014-07-02,NQZ4,28097,False,False
2014-07-03,NQZ4,28097,False,False
2014-07-04,NQZ4,28097,False,False
2014-07-07,NQZ4,28097,False,False
2014-07-08,NQZ4,28097,False,False
2014-07-09,NQZ4,28097,False,False
2014-07-10,NQZ4,28097,False,False
2014-07-11,NQZ4,28097,False,False
2014-07-14,NQZ4,28097,False,False
2014-07-15,NQZ4,28097,False,False
2014-07-16,NQZ4,28097,False,False
2014-07-17,NQZ4,28097,False,False
2014-07-18,NQZ4,28097,False,False
2014-07-21,NQZ4,28097,False,False
2014-07-22,NQZ4,28097,False,False
2014-07-23,NQZ4,28097,False,False
2014-07-24,NQZ4,28097,False,False
2014-07-25,NQZ4,28097,False,False
2014-07-28,NQZ4,28097,False,False
2014-07-29,NQZ4,28097,False,False
2014-07-30,NQZ4,28097,False,False
2014-07-31,NQZ4,28097,False,False
2014-08-01,NQZ4,28097,False,False
2014-08-04,NQZ4,28097,False,False
2014-08-05,NQZ4,28097,False,False
2014-08-06,NQZ4,28097,False,False
2014-08-07,NQZ4,28097,False,False
2014-08-08,NQZ4,28097,False,False
2014-08-11,NQZ4,28097,False,False
2014-08-12,NQZ4,28097,False,False
2014-08-13,NQZ4,28097,False,False
2014-08-14,NQZ4,28097,False,False
2014-08-15,NQZ4,28097,False,False
2014-08-18,NQZ4,28097,False,False
2014-08-19,NQZ4,28097,False,False
2014-08-20,NQZ4,28097,False,False
2014-08-21,NQZ4,28097,False,False
2014-08-22,NQZ4,28097,False,False
2014-08-25,NQZ4,28097,False,False
2014-08-26,NQZ4,28097,False,False
2014-08-27,NQZ4,28097,False,False
2014-08-28,NQZ4,28097,False,False
2014-08-29,NQZ4,28097,False,False
2014-09-01,NQZ4,28097,False,False
2014-09-02,NQZ4,28097,False,False
2014-09-03,NQZ4,28097,False,False
2014-09-04,NQZ4,28097,False,False
2014-09-05,NQZ4,28097,False,False
2014-09-08,NQZ4,28097,False,False
2014-09-09,NQZ4,28097,False,False
2014-09-10,NQZ4,28097,False,False
2014-09-11,NQZ4,28097,False,False
2014-09-12,NQZ4,28097,False,False
2014-09-15,NQZ4,28097,False,False
2014-09-16,NQZ4,28097,False,False
2014-09-17,NQZ4,28097,False,False
2014-09-18,NQZ4,28097,False,False
2014-09-19,NQZ4,28097,False,False
2014-09-22,NQZ4,28097,False,False
2014-09-26,NQZ4,28097,False,False
2014-09-29,NQZ4,28097,False,False
2014-09-30,NQZ4,28097,False,False
2014-10-01,NQZ4,28097,False,False
2014-10-02,NQZ4,28097,False,False
2014-10-03,NQZ4,28097,False,False
2014-10-06,NQZ4,28097,False,False
2014-10-07,NQZ4,28097,False,False
2014-10-08,NQZ4,28097,False,False
2014-10-09,NQZ4,28097,False,False
2014-10-10,NQZ4,28097,False,False
2014-10-13,NQZ4,28097,False,False
2014-10-14,NQZ4,28097,False,False
2014-10-16,NQZ4,28097,False,False
2014-10-17,NQZ4,28097,False,False
2014-10-20,NQZ4,28097,False,False
2014-10-21,NQZ4,28097,False,False
2014-10-22,NQZ4,28097,False,False
2014-10-23,NQZ4,28097,False,False
2014-10-24,NQZ4,28097,False,False
2014-10-27,NQZ4,28097,False,False
2014-10-28,NQZ4,28097,False,False
2014-10-29,NQZ4,28097,False,False
2014-10-30,NQZ4,28097,False,False
2014-10-31,NQZ4,28097,False,False
2014-11-03,NQZ4,28097,False,False
2014-11-04,NQZ4,28097,False,False
2014-11-07,NQZ4,28097,False,False
2014-11-10,NQZ4,28097,False,False
2014-11-11,NQZ4,28097,False,False
2014-11-12,NQZ4,28097,False,False
2014-11-13,NQZ4,28097,False,False
2014-11-14,NQZ4,28097,False,False
2014-11-17,NQZ4,28097,False,False
2014-11-18,NQZ4,28097,False,False
2014-11-19,NQZ4,28097,False,False
2014-11-20,NQZ4,28097,False,False
2014-11-21,NQZ4,28097,False,False
2014-11-24,NQZ4,28097,False,False
2014-11-27,NQZ4,28097,False,False
2014-11-28,NQZ4,28097,False,False
2014-12-01,NQZ4,28097,False,False
2014-12-02,NQZ4,28097,False,False
2014-12-04,NQZ4,28097,False,False
2014-12-05,NQZ4,28097,False,False
2014-12-08,NQZ4,28097,False,False
2014-12-09,NQZ4,28097,False,False
2014-12-10,NQZ4,28097,False,False
2014-12-11,NQZ4,28097,False,False
2014-12-12,NQZ4,28097,False,True
2014-12-15,NQH5,50207,True,True
2014-12-16,NQH5,50207,False,False
2014-12-17,NQH5,50207,False,False
2014-12-18,NQH5,50207,False,False
2014-12-19,NQH5,50207,False,False
2014-12-22,NQH5,50207,False,False
2014-12-23,NQH5,50207,False,False
2014-12-24,NQH5,50207,False,False
2014-12-26,NQH5,50207,False,False
2014-12-29,NQH5,50207,False,False
2014-12-30,NQH5,50207,False,False
2015-01-02,NQH5,50207,False,False
2015-01-05,NQH5,50207,False,False
2015-01-06,NQH5,50207,False,False
2015-01-07,NQH5,50207,False,False
2015-01-08,NQH5,50207,False,False
2015-01-09,NQH5,50207,False,False
2015-01-12,NQH5,50207,False,False
2015-01-13,NQH5,50207,False,False
2015-01-14,NQH5,50207,False,False
2015-01-15,NQH5,50207,False,False
2015-01-16,NQH5,50207,False,False
2015-01-19,NQH5,50207,False,False
2015-01-20,NQH5,50207,False,False
2015-01-21,NQH5,50207,False,False
2015-01-22,NQH5,50207,False,False
2015-01-23,NQH5,50207,False,False
2015-01-26,NQH5,50207,False,False
2015-01-27,NQH5,50207,False,True
2015-01-28,NQM5,58385,True,True
2015-01-29,NQM5,58385,False,False
2015-01-30,NQM5,58385,False,False
2015-02-02,NQM5,58385,False,False
2015-02-03,NQM5,58385,False,False
2015-02-06,NQM5,58385,False,False
2015-02-09,NQM5,58385,False,False
2015-02-10,NQM5,58385,False,False
2015-02-11,NQM5,58385,False,False
2015-02-12,NQM5,58385,False,False
2015-02-13,NQM5,58385,False,False
2015-02-16,NQM5,58385,False,False
2015-02-17,NQM5,58385,False,False
2015-02-18,NQM5,58385,False,False
2015-02-19,NQM5,58385,False,False
2015-02-20,NQM5,58385,False,False
2015-02-23,NQM5,58385,False,False
2015-02-24,NQM5,58385,False,False
2015-02-26,NQM5,58385,False,False
2015-02-27,NQM5,58385,False,False
2015-03-02,NQM5,58385,False,False
2015-03-04,NQM5,58385,False,False
2015-03-05,NQM5,58385,False,False
2015-03-09,NQM5,58385,False,False
2015-03-10,NQM5,58385,False,False
2015-03-11,NQM5,58385,False,False
2015-03-12,NQM5,58385,False,False
2015-03-13,NQM5,58385,False,False
2015-03-16,NQM5,58385,False,False
2015-03-17,NQM5,58385,False,False
2015-03-18,NQM5,58385,False,False
2015-03-19,NQM5,58385,False,False
2015-03-20,NQM5,58385,False,False
2015-03-23,NQM5,58385,False,False
2015-03-24,NQM5,58385,False,False
2015-03-25,NQM5,58385,False,False
2015-03-26,NQM5,58385,False,False
2015-03-27,NQM5,58385,False,False
2015-03-30,NQM5,58385,False,False
2015-03-31,NQM5,58385,False,False
2015-04-02,NQM5,58385,False,False
2015-04-06,NQM5,58385,False,False
2015-04-07,NQM5,58385,False,False
2015-04-08,NQM5,58385,False,False
2015-04-09,NQM5,58385,False,False
2015-04-10,NQM5,58385,False,False
2015-04-13,NQM5,58385,False,False
2015-04-14,NQM5,58385,False,False
2015-04-15,NQM5,58385,False,False
2015-04-16,NQM5,58385,False,False
2015-04-17,NQM5,58385,False,False
2015-04-20,NQM5,58385,False,False
2015-04-21,NQM5,58385,False,False
2015-04-22,NQM5,58385,False,False
2015-04-23,NQM5,58385,False,False
2015-04-24,NQM5,58385,False,False
2015-04-27,NQM5,58385,False,False
2015-04-28,NQM5,58385,False,False
2015-04-29,NQM5,58385,False,False
2015-04-30,NQM5,58385,False,False
2015-05-01,NQM5,58385,False,False
2015-05-04,NQM5,58385,False,False
2015-05-05,NQM5,58385,False,False
2015-05-06,NQM5,58385,False,False
2015-05-07,NQM5,58385,False,False
2015-05-08,NQM5,58385,False,False
2015-05-11,NQM5,58385,False,False
2015-05-12,NQM5,58385,False,False
2015-05-13,NQM5,58385,False,False
2015-05-14,NQM5,58385,False,False
2015-05-15,NQM5,58385,False,False
2015-05-18,NQM5,58385,False,False
2015-05-19,NQM5,58385,False,False
2015-05-20,NQM5,58385,False,False
2015-05-21,NQM5,58385,False,False
2015-05-22,NQM5,58385,False,False
2015-05-25,NQM5,58385,False,False
2015-05-26,NQM5,58385,False,False
2015-05-27,NQM5,58385,False,False
2015-05-28,NQM5,58385,False,False
2015-05-29,NQM5,58385,False,False
2015-06-01,NQM5,58385,False,False
2015-06-02,NQM5,58385,False,False
2015-06-03,NQM5,58385,False,False
2015-06-04,NQM5,58385,False,False
2015-06-05,NQM5,58385,False,False
2015-06-08,NQM5,58385,False,False
2015-06-09,NQM5,58385,False,False
2015-06-10,NQM5,58385,False,False
2015-06-11,NQM5,58385,False,False
2015-06-12,NQM5,58385,False,True
2015-06-15,NQU5,2913,True,True
2015-06-16,NQU5,2913,False,False
2015-06-17,NQU5,2913,False,False
2015-06-18,NQU5,2913,False,False
2015-06-19,NQU5,2913,False,False
2015-06-22,NQU5,2913,False,False
2015-06-23,NQU5,2913,False,False
2015-06-24,NQU5,2913,False,False
2015-06-25,NQU5,2913,False,False
2015-06-26,NQU5,2913,False,False
2015-06-29,NQU5,2913,False,False
2015-06-30,NQU5,2913,False,False
2015-07-01,NQU5,2913,False,False
2015-07-02,NQU5,2913,False,False
2015-07-03,NQU5,2913,False,False
2015-07-06,NQU5,2913,False,False
2015-07-07,NQU5,2913,False,False
2015-07-08,NQU5,2913,False,False
2015-07-09,NQU5,2913,False,False
2015-07-10,NQU5,2913,False,False
2015-07-13,NQU5,2913,False,False
2015-07-14,NQU5,2913,False,False
2015-07-15,NQU5,2913,False,False
2015-07-16,NQU5,2913,False,False
2015-07-17,NQU5,2913,False,False
2015-07-20,NQU5,2913,False,False
2015-07-21,NQU5,2913,False,False
2015-07-22,NQU5,2913,False,False
2015-07-23,NQU5,2913,False,False
2015-07-24,NQU5,2913,False,False
2015-07-27,NQU5,2913,False,False
2015-07-28,NQU5,2913,False,False
2015-07-29,NQU5,2913,False,False
2015-07-30,NQU5,2913,False,False
2015-07-31,NQU5,2913,False,False
2015-08-03,NQU5,2913,False,False
2015-08-04,NQU5,2913,False,False
2015-08-05,NQU5,2913,False,False
2015-08-06,NQU5,2913,False,False
2015-08-07,NQU5,2913,False,False
2015-08-10,NQU5,2913,False,False
2015-08-11,NQU5,2913,False,False
2015-08-12,NQU5,2913,False,False
2015-08-13,NQU5,2913,False,False
2015-08-14,NQU5,2913,False,False
2015-08-17,NQU5,2913,False,False
2015-08-18,NQU5,2913,False,False
2015-08-19,NQU5,2913,False,False
2015-08-20,NQU5,2913,False,False
2015-08-21,NQU5,2913,False,False
2015-08-24,NQU5,2913,False,False
2015-08-25,NQU5,2913,False,False
2015-08-26,NQU5,2913,False,False
2015-08-27,NQU5,2913,False,False
2015-08-28,NQU5,2913,False,False
2015-08-31,NQU5,2913,False,False
2015-09-01,NQU5,2913,False,False
2015-09-02,NQU5,2913,False,False
2015-09-03,NQU5,2913,False,False
2015-09-04,NQU5,2913,False,False
2015-09-07,NQU5,2913,False,False
2015-09-08,NQU5,2913,False,False
2015-09-09,NQU5,2913,False,False
2015-09-10,NQU5,2913,False,False
2015-09-11,NQU5,2913,False,True
2015-09-14,NQZ5,12809,True,True
2015-09-15,NQZ5,12809,False,False
2015-09-16,NQZ5,12809,False,False
2015-09-17,NQZ5,12809,False,False
2015-09-18,NQZ5,12809,False,False
2015-09-21,NQZ5,12809,False,False
2015-09-22,NQZ5,12809,False,False
2015-09-23,NQZ5,12809,False,False
2015-09-24,NQZ5,12809,False,False
2015-09-25,NQZ5,12809,False,False
2015-09-28,NQZ5,12809,False,False
2015-09-29,NQZ5,12809,False,False
2015-09-30,NQZ5,12809,False,False
2015-10-01,NQZ5,12809,False,False
2015-10-02,NQZ5,12809,False,False
2015-10-05,NQZ5,12809,False,False
2015-10-06,NQZ5,12809,False,False
2015-10-07,NQZ5,12809,False,False
2015-10-08,NQZ5,12809,False,False
2015-10-09,NQZ5,12809,False,False
2015-10-12,NQZ5,12809,False,False
2015-10-13,NQZ5,12809,False,False
2015-10-14,NQZ5,12809,False,False
2015-10-15,NQZ5,12809,False,False
2015-10-16,NQZ5,12809,False,False
2015-10-19,NQZ5,12809,False,False
2015-10-20,NQZ5,12809,False,False
2015-10-21,NQZ5,12809,False,False
2015-10-22,NQZ5,12809,False,False
2015-10-23,NQZ5,12809,False,False
2015-10-26,NQZ5,12809,False,False
2015-10-27,NQZ5,12809,False,False
2015-10-28,NQZ5,12809,False,False
2015-10-29,NQZ5,12809,False,False
2015-10-30,NQZ5,12809,False,False
2015-11-02,NQZ5,12809,False,False
2015-11-03,NQZ5,12809,False,True
2015-11-04,NQM6,765,True,True
2015-11-06,NQM6,765,False,False
2015-11-09,NQM6,765,False,False
2015-11-11,NQM6,765,False,False
2015-11-13,NQM6,765,False,False
2015-11-16,NQM6,765,False,False
2015-11-17,NQM6,765,False,False
2015-11-18,NQM6,765,False,False
2015-11-19,NQM6,765,False,False
2015-11-20,NQM6,765,False,False
2015-11-23,NQM6,765,False,False
2015-11-24,NQM6,765,False,False
2015-11-25,NQM6,765,False,False
2015-11-26,NQM6,765,False,False
2015-11-27,NQM6,765,False,False
2015-11-30,NQM6,765,False,False
2015-12-01,NQM6,765,False,False
2015-12-02,NQM6,765,False,False
2015-12-03,NQM6,765,False,False
2015-12-04,NQM6,765,False,False
2015-12-07,NQM6,765,False,False
2015-12-08,NQM6,765,False,False
2015-12-09,NQM6,765,False,False
2015-12-10,NQM6,765,False,False
2015-12-11,NQM6,765,False,False
2015-12-14,NQM6,765,False,False
2015-12-15,NQM6,765,False,False
2015-12-16,NQM6,765,False,False
2015-12-17,NQM6,765,False,False
2015-12-18,NQM6,765,False,False
2015-12-21,NQM6,765,False,False
2015-12-22,NQM6,765,False,False
2015-12-23,NQM6,765,False,False
2015-12-24,NQM6,765,False,False
2015-12-28,NQM6,765,False,False
2015-12-29,NQM6,765,False,False
2015-12-30,NQM6,765,False,False
2015-12-31,NQM6,765,False,False
2016-01-04,NQM6,765,False,False
2016-01-05,NQM6,765,False,False
2016-01-06,NQM6,765,False,False
2016-01-07,NQM6,765,False,False
2016-01-08,NQM6,765,False,False
2016-01-11,NQM6,765,False,False
2016-01-12,NQM6,765,False,False
2016-01-13,NQM6,765,False,False
2016-01-14,NQM6,765,False,False
2016-01-15,NQM6,765,False,False
2016-01-18,NQM6,765,False,False
2016-01-19,NQM6,765,False,False
2016-01-20,NQM6,765,False,False
2016-01-21,NQM6,765,False,False
2016-01-22,NQM6,765,False,False
2016-01-25,NQM6,765,False,False
2016-01-26,NQM6,765,False,False
2016-01-27,NQM6,765,False,False
2016-01-28,NQM6,765,False,False
2016-01-29,NQM6,765,False,False
2016-02-01,NQM6,765,False,False
2016-02-02,NQM6,765,False,False
2016-02-03,NQM6,765,False,False
2016-02-04,NQM6,765,False,False
2016-02-05,NQM6,765,False,False
2016-02-08,NQM6,765,False,False
2016-02-09,NQM6,765,False,False
2016-02-10,NQM6,765,False,False
2016-02-11,NQM6,765,False,False
2016-02-12,NQM6,765,False,False
2016-02-15,NQM6,765,False,False
2016-02-16,NQM6,765,False,False
2016-02-17,NQM6,765,False,False
2016-02-18,NQM6,765,False,False
2016-02-19,NQM6,765,False,False
2016-02-22,NQM6,765,False,False
2016-02-23,NQM6,765,False,False
2016-02-24,NQM6,765,False,False
2016-02-25,NQM6,765,False,False
2016-02-26,NQM6,765,False,False
2016-02-29,NQM6,765,False,False
2016-03-01,NQM6,765,False,False
2016-03-02,NQM6,765,False,False
2016-03-03,NQM6,765,False,False
2016-03-04,NQM6,765,False,False
2016-03-07,NQM6,765,False,False
2016-03-08,NQM6,765,False,False
2016-03-09,NQM6,765,False,False
2016-03-10,NQM6,765,False,False
2016-03-11,NQM6,765,False,False
2016-03-14,NQM6,765,False,False
2016-03-15,NQM6,765,False,False
2016-03-16,NQM6,765,False,False
2016-03-17,NQM6,765,False,False
2016-03-18,NQM6,765,False,False
2016-03-21,NQM6,765,False,False
2016-03-22,NQM6,765,False,False
2016-03-23,NQM6,765,False,False
2016-03-24,NQM6,765,False,False
2016-03-28,NQM6,765,False,False
2016-03-29,NQM6,765,False,False
2016-03-30,NQM6,765,False,False
2016-03-31,NQM6,765,False,False
2016-04-01,NQM6,765,False,False
2016-04-04,NQM6,765,False,False
2016-04-05,NQM6,765,False,False
2016-04-06,NQM6,765,False,False
2016-04-07,NQM6,765,False,False
2016-04-08,NQM6,765,False,False
2016-04-11,NQM6,765,False,False
2016-04-12,NQM6,765,False,False
2016-04-13,NQM6,765,False,False
2016-04-14,NQM6,765,False,False
2016-04-15,NQM6,765,False,False
2016-04-18,NQM6,765,False,False
2016-04-19,NQM6,765,False,False
2016-04-20,NQM6,765,False,False
2016-04-21,NQM6,765,False,False
2016-04-22,NQM6,765,False,False
2016-04-25,NQM6,765,False,False
2016-04-26,NQM6,765,False,False
2016-04-27,NQM6,765,False,False
2016-04-28,NQM6,765,False,False
2016-04-29,NQM6,765,False,False
2016-05-02,NQM6,765,False,False
2016-05-03,NQM6,765,False,False
2016-05-04,NQM6,765,False,False
2016-05-05,NQM6,765,False,False
2016-05-06,NQM6,765,False,False
2016-05-09,NQM6,765,False,False
2016-05-10,NQM6,765,False,False
2016-05-11,NQM6,765,False,False
2016-05-12,NQM6,765,False,False
2016-05-13,NQM6,765,False,False
2016-05-16,NQM6,765,False,False
2016-05-17,NQM6,765,False,False
2016-05-18,NQM6,765,False,False
2016-05-19,NQM6,765,False,False
2016-05-20,NQM6,765,False,False
2016-05-23,NQM6,765,False,False
2016-05-24,NQM6,765,False,False
2016-05-25,NQM6,765,False,False
2016-05-26,NQM6,765,False,False
2016-05-27,NQM6,765,False,False
2016-05-30,NQM6,765,False,False
2016-05-31,NQM6,765,False,False
2016-06-01,NQM6,765,False,False
2016-06-02,NQM6,765,False,False
2016-06-03,NQM6,765,False,False
2016-06-06,NQM6,765,False,False
2016-06-07,NQM6,765,False,False
2016-06-08,NQM6,765,False,False
2016-06-09,NQM6,765,False,False
2016-06-10,NQM6,765,False,True
2016-06-13,NQU6,2563,True,True
2016-06-14,NQU6,2563,False,False
2016-06-15,NQU6,2563,False,False
2016-06-16,NQU6,2563,False,False
2016-06-17,NQU6,2563,False,False
2016-06-20,NQU6,2563,False,False
2016-06-21,NQU6,2563,False,False
2016-06-22,NQU6,2563,False,False
2016-06-23,NQU6,2563,False,False
2016-06-24,NQU6,2563,False,False
2016-06-27,NQU6,2563,False,False
2016-06-28,NQU6,2563,False,False
2016-06-29,NQU6,2563,False,False
2016-06-30,NQU6,2563,False,False
2016-07-01,NQU6,2563,False,False
2016-07-04,NQU6,2563,False,False
2016-07-05,NQU6,2563,False,False
2016-07-06,NQU6,2563,False,False
2016-07-07,NQU6,2563,False,False
2016-07-08,NQU6,2563,False,False
2016-07-11,NQU6,2563,False,False
2016-07-12,NQU6,2563,False,False
2016-07-13,NQU6,2563,False,False
2016-07-14,NQU6,2563,False,False
2016-07-15,NQU6,2563,False,False
2016-07-18,NQU6,2563,False,False
2016-07-19,NQU6,2563,False,False
2016-07-20,NQU6,2563,False,False
2016-07-21,NQU6,2563,False,False
2016-07-22,NQU6,2563,False,False
2016-07-25,NQU6,2563,False,False
2016-07-26,NQU6,2563,False,False
2016-07-27,NQU6,2563,False,False
2016-07-28,NQU6,2563,False,False
2016-07-29,NQU6,2563,False,False
2016-08-01,NQU6,2563,False,False
2016-08-02,NQU6,2563,False,False
2016-08-03,NQU6,2563,False,False
2016-08-04,NQU6,2563,False,False
2016-08-05,NQU6,2563,False,False
2016-08-08,NQU6,2563,False,False
2016-08-09,NQU6,2563,False,False
2016-08-10,NQU6,2563,False,False
2016-08-11,NQU6,2563,False,False
2016-08-12,NQU6,2563,False,False
2016-08-15,NQU6,2563,False,False
2016-08-16,NQU6,2563,False,False
2016-08-17,NQU6,2563,False,False
2016-08-18,NQU6,2563,False,False
2016-08-19,NQU6,2563,False,False
2016-08-22,NQU6,2563,False,False
2016-08-23,NQU6,2563,False,False
2016-08-24,NQU6,2563,False,False
2016-08-25,NQU6,2563,False,False
2016-08-26,NQU6,2563,False,False
2016-08-29,NQU6,2563,False,False
2016-08-30,NQU6,2563,False,False
2016-08-31,NQU6,2563,False,False
2016-09-01,NQU6,2563,False,False
2016-09-02,NQU6,2563,False,False
2016-09-05,NQU6,2563,False,False
2016-09-06,NQU6,2563,False,False
2016-09-07,NQU6,2563,False,False
2016-09-08,NQU6,2563,False,False
2016-09-09,NQU6,2563,False,True
2016-09-12,NQZ6,2887,True,True
2016-09-13,NQZ6,2887,False,False
2016-09-14,NQZ6,2887,False,False
2016-09-15,NQZ6,2887,False,False
2016-09-16,NQZ6,2887,False,False
2016-09-19,NQZ6,2887,False,False
2016-09-20,NQZ6,2887,False,False
2016-09-21,NQZ6,2887,False,False
2016-09-22,NQZ6,2887,False,False
2016-09-23,NQZ6,2887,False,False
2016-09-26,NQZ6,2887,False,False
2016-09-27,NQZ6,2887,False,False
2016-09-28,NQZ6,2887,False,False
2016-09-29,NQZ6,2887,False,False
2016-09-30,NQZ6,2887,False,False
2016-10-03,NQZ6,2887,False,False
2016-10-04,NQZ6,2887,False,False
2016-10-05,NQZ6,2887,False,False
2016-10-06,NQZ6,2887,False,False
2016-10-07,NQZ6,2887,False,False
2016-10-10,NQZ6,2887,False,False
2016-10-11,NQZ6,2887,False,False
2016-10-12,NQZ6,2887,False,False
2016-10-13,NQZ6,2887,False,False
2016-10-14,NQZ6,2887,False,False
2016-10-17,NQZ6,2887,False,False
2016-10-18,NQZ6,2887,False,False
2016-10-19,NQZ6,2887,False,False
2016-10-20,NQZ6,2887,False,False
2016-10-21,NQZ6,2887,False,False
2016-10-24,NQZ6,2887,False,False
2016-10-25,NQZ6,2887,False,False
2016-10-26,NQZ6,2887,False,False
2016-10-27,NQZ6,2887,False,False
2016-10-28,NQZ6,2887,False,False
2016-10-31,NQZ6,2887,False,False
2016-11-01,NQZ6,2887,False,False
2016-11-02,NQZ6,2887,False,False
2016-11-03,NQZ6,2887,False,False
2016-11-04,NQZ6,2887,False,False
2016-11-07,NQZ6,2887,False,False
2016-11-08,NQZ6,2887,False,False
2016-11-09,NQZ6,2887,False,False
2016-11-10,NQZ6,2887,False,False
2016-11-11,NQZ6,2887,False,False
2016-11-14,NQZ6,2887,False,False
2016-11-15,NQZ6,2887,False,False
2016-11-16,NQZ6,2887,False,False
2016-11-17,NQZ6,2887,False,False
2016-11-18,NQZ6,2887,False,False
2016-11-21,NQZ6,2887,False,False
2016-11-22,NQZ6,2887,False,False
2016-11-23,NQZ6,2887,False,False
2016-11-24,NQZ6,2887,False,False
2016-11-25,NQZ6,2887,False,False
2016-11-28,NQZ6,2887,False,False
2016-11-29,NQZ6,2887,False,False
2016-11-30,NQZ6,2887,False,False
2016-12-01,NQZ6,2887,False,False
2016-12-02,NQZ6,2887,False,False
2016-12-05,NQZ6,2887,False,False
2016-12-06,NQZ6,2887,False,False
2016-12-07,NQZ6,2887,False,False
2016-12-08,NQZ6,2887,False,False
2016-12-09,NQZ6,2887,False,True
2016-12-12,NQH7,35888,True,True
2016-12-13,NQH7,35888,False,False
2016-12-14,NQH7,35888,False,False
2016-12-15,NQH7,35888,False,False
2016-12-16,NQH7,35888,False,False
2016-12-19,NQH7,35888,False,False
2016-12-20,NQH7,35888,False,False
2016-12-21,NQH7,35888,False,False
2016-12-22,NQH7,35888,False,False
2016-12-23,NQH7,35888,False,False
2016-12-27,NQH7,35888,False,False
2016-12-28,NQH7,35888,False,False
2016-12-29,NQH7,35888,False,False
2016-12-30,NQH7,35888,False,False
2017-01-03,NQH7,35888,False,False
2017-01-04,NQH7,35888,False,False
2017-01-05,NQH7,35888,False,False
2017-01-06,NQH7,35888,False,False
2017-01-09,NQH7,35888,False,False
2017-01-10,NQH7,35888,False,False
2017-01-11,NQH7,35888,False,False
2017-01-12,NQH7,35888,False,False
2017-01-13,NQH7,35888,False,False
2017-01-16,NQH7,35888,False,False
2017-01-17,NQH7,35888,False,False
2017-01-18,NQH7,35888,False,False
2017-01-19,NQH7,35888,False,False
2017-01-20,NQH7,35888,False,False
2017-01-23,NQH7,35888,False,False
2017-01-24,NQH7,35888,False,False
2017-01-25,NQH7,35888,False,False
2017-01-26,NQH7,35888,False,False
2017-01-27,NQH7,35888,False,False
2017-01-30,NQH7,35888,False,False
2017-01-31,NQH7,35888,False,False
2017-02-01,NQH7,35888,False,False
2017-02-02,NQH7,35888,False,False
2017-02-03,NQH7,35888,False,False
2017-02-06,NQH7,35888,False,False
2017-02-07,NQH7,35888,False,False
2017-02-08,NQH7,35888,False,False
2017-02-09,NQH7,35888,False,False
2017-02-10,NQH7,35888,False,False
2017-02-13,NQH7,35888,False,False
2017-02-14,NQH7,35888,False,False
2017-02-15,NQH7,35888,False,False
2017-02-16,NQH7,35888,False,False
2017-02-17,NQH7,35888,False,False
2017-02-20,NQH7,35888,False,False
2017-02-21,NQH7,35888,False,False
2017-02-22,NQH7,35888,False,False
2017-02-23,NQH7,35888,False,False
2017-02-24,NQH7,35888,False,False
2017-02-27,NQH7,35888,False,False
2017-02-28,NQH7,35888,False,False
2017-03-01,NQH7,35888,False,False
2017-03-02,NQH7,35888,False,False
2017-03-03,NQH7,35888,False,False
2017-03-06,NQH7,35888,False,False
2017-03-07,NQH7,35888,False,False
2017-03-08,NQH7,35888,False,False
2017-03-09,NQH7,35888,False,False
2017-03-10,NQH7,35888,False,True
2017-03-13,NQM7,6398,True,True
2017-03-14,NQM7,6398,False,False
2017-03-15,NQM7,6398,False,False
2017-03-16,NQM7,6398,False,False
2017-03-17,NQM7,6398,False,False
2017-03-20,NQM7,6398,False,False
2017-03-21,NQM7,6398,False,False
2017-03-22,NQM7,6398,False,False
2017-03-23,NQM7,6398,False,False
2017-03-24,NQM7,6398,False,False
2017-03-27,NQM7,6398,False,False
2017-03-28,NQM7,6398,False,False
2017-03-29,NQM7,6398,False,False
2017-03-30,NQM7,6398,False,False
2017-03-31,NQM7,6398,False,False
2017-04-03,NQM7,6398,False,False
2017-04-04,NQM7,6398,False,False
2017-04-05,NQM7,6398,False,False
2017-04-06,NQM7,6398,False,False
2017-04-07,NQM7,6398,False,False
2017-04-10,NQM7,6398,False,False
2017-04-11,NQM7,6398,False,False
2017-04-12,NQM7,6398,False,False
2017-04-13,NQM7,6398,False,False
2017-04-17,NQM7,6398,False,False
2017-04-18,NQM7,6398,False,False
2017-04-19,NQM7,6398,False,False
2017-04-20,NQM7,6398,False,False
2017-04-21,NQM7,6398,False,False
2017-04-24,NQM7,6398,False,False
2017-04-25,NQM7,6398,False,False
2017-04-26,NQM7,6398,False,False
2017-04-27,NQM7,6398,False,False
2017-04-28,NQM7,6398,False,False
2017-05-01,NQM7,6398,False,False
2017-05-02,NQM7,6398,False,False
2017-05-03,NQM7,6398,False,False
2017-05-04,NQM7,6398,False,False
2017-05-05,NQM7,6398,False,False
2017-05-08,NQM7,6398,False,False
2017-05-09,NQM7,6398,False,False
2017-05-10,NQM7,6398,False,False
2017-05-11,NQM7,6398,False,False
2017-05-12,NQM7,6398,False,False
2017-05-15,NQM7,6398,False,False
2017-05-16,NQM7,6398,False,False
2017-05-17,NQM7,6398,False,False
2017-05-18,NQM7,6398,False,False
2017-05-19,NQM7,6398,False,False
2017-05-22,NQM7,6398,False,False
2017-05-23,NQM7,6398,False,False
2017-05-24,NQM7,6398,False,False
2017-05-25,NQM7,6398,False,False
2017-05-26,NQM7,6398,False,False
2017-05-29,NQM7,6398,False,False
2017-05-30,NQM7,6398,False,False
2017-05-31,NQM7,6398,False,False
2017-06-01,NQM7,6398,False,False
2017-06-02,NQM7,6398,False,False
2017-06-05,NQM7,6398,False,False
2017-06-06,NQM7,6398,False,False
2017-06-07,NQM7,6398,False,False
2017-06-08,NQM7,6398,False,False
2017-06-09,NQM7,6398,False,True
2017-06-12,NQU7,26054,True,True
2017-06-13,NQU7,26054,False,False
2017-06-14,NQU7,26054,False,False
2017-06-15,NQU7,26054,False,False
2017-06-16,NQU7,26054,False,False
2017-06-19,NQU7,26054,False,False
2017-06-20,NQU7,26054,False,False
2017-06-21,NQU7,26054,False,False
2017-06-22,NQU7,26054,False,False
2017-06-23,NQU7,26054,False,False
2017-06-26,NQU7,26054,False,False
2017-06-27,NQU7,26054,False,False
2017-06-28,NQU7,26054,False,False
2017-06-29,NQU7,26054,False,False
2017-06-30,NQU7,26054,False,False
2017-07-03,NQU7,26054,False,False
2017-07-04,NQU7,26054,False,False
2017-07-05,NQU7,26054,False,False
2017-07-06,NQU7,26054,False,False
2017-07-07,NQU7,26054,False,False
2017-07-10,NQU7,26054,False,False
2017-07-11,NQU7,26054,False,False
2017-07-12,NQU7,26054,False,False
2017-07-13,NQU7,26054,False,False
2017-07-14,NQU7,26054,False,False
2017-07-17,NQU7,26054,False,False
2017-07-18,NQU7,26054,False,False
2017-07-19,NQU7,26054,False,False
2017-07-20,NQU7,26054,False,False
2017-07-21,NQU7,26054,False,False
2017-07-24,NQU7,26054,False,False
2017-07-25,NQU7,26054,False,False
2017-07-26,NQU7,26054,False,False
2017-07-27,NQU7,26054,False,False
2017-07-28,NQU7,26054,False,False
2017-07-31,NQU7,26054,False,False
2017-08-01,NQU7,26054,False,False
2017-08-02,NQU7,26054,False,False
2017-08-03,NQU7,26054,False,False
2017-08-04,NQU7,26054,False,False
2017-08-07,NQU7,26054,False,False
2017-08-08,NQU7,26054,False,False
2017-08-09,NQU7,26054,False,False
2017-08-10,NQU7,26054,False,False
2017-08-11,NQU7,26054,False,False
2017-08-14,NQU7,26054,False,False
2017-08-15,NQU7,26054,False,False
2017-08-16,NQU7,26054,False,False
2017-08-17,NQU7,26054,False,False
2017-08-18,NQU7,26054,False,False
2017-08-21,NQU7,26054,False,False
2017-08-22,NQU7,26054,False,False
2017-08-23,NQU7,26054,False,False
2017-08-24,NQU7,26054,False,False
2017-08-25,NQU7,26054,False,False
2017-08-28,NQU7,26054,False,False
2017-08-29,NQU7,26054,False,False
2017-08-30,NQU7,26054,False,False
2017-08-31,NQU7,26054,False,False
2017-09-01,NQU7,26054,False,False
2017-09-04,NQU7,26054,False,False
2017-09-05,NQU7,26054,False,False
2017-09-06,NQU7,26054,False,False
2017-09-07,NQU7,26054,False,False
2017-09-08,NQU7,26054,False,True
2017-09-11,NQZ7,15466,True,True
2017-09-12,NQZ7,15466,False,False
2017-09-13,NQZ7,15466,False,False
2017-09-14,NQZ7,15466,False,False
2017-09-15,NQZ7,15466,False,False
2017-09-18,NQZ7,15466,False,False
2017-09-19,NQZ7,15466,False,False
2017-09-20,NQZ7,15466,False,False
2017-09-21,NQZ7,15466,False,False
2017-09-22,NQZ7,15466,False,False
2017-09-25,NQZ7,15466,False,False
2017-09-26,NQZ7,15466,False,False
2017-09-27,NQZ7,15466,False,False
2017-09-28,NQZ7,15466,False,False
2017-09-29,NQZ7,15466,False,False
2017-10-02,NQZ7,15466,False,False
2017-10-03,NQZ7,15466,False,False
2017-10-04,NQZ7,15466,False,False
2017-10-05,NQZ7,15466,False,False
2017-10-06,NQZ7,15466,False,False
2017-10-09,NQZ7,15466,False,False
2017-10-10,NQZ7,15466,False,False
2017-10-11,NQZ7,15466,False,False
2017-10-12,NQZ7,15466,False,False
2017-10-13,NQZ7,15466,False,False
2017-10-16,NQZ7,15466,False,False
2017-10-17,NQZ7,15466,False,False
2017-10-18,NQZ7,15466,False,False
2017-10-19,NQZ7,15466,False,False
2017-10-20,NQZ7,15466,False,False
2017-10-23,NQZ7,15466,False,False
2017-10-24,NQZ7,15466,False,False
2017-10-25,NQZ7,15466,False,False
2017-10-26,NQZ7,15466,False,False
2017-10-27,NQZ7,15466,False,False
2017-10-30,NQZ7,15466,False,False
2017-10-31,NQZ7,15466,False,False
2017-11-01,NQZ7,15466,False,False
2017-11-02,NQZ7,15466,False,False
2017-11-03,NQZ7,15466,False,False
2017-11-06,NQZ7,15466,False,False
2017-11-07,NQZ7,15466,False,False
2017-11-08,NQZ7,15466,False,False
2017-11-09,NQZ7,15466,False,False
2017-11-10,NQZ7,15466,False,False
2017-11-13,NQZ7,15466,False,False
2017-11-14,NQZ7,15466,False,False
2017-11-15,NQZ7,15466,False,False
2017-11-16,NQZ7,15466,False,False
2017-11-17,NQZ7,15466,False,False
2017-11-20,NQZ7,15466,False,False
2017-11-21,NQZ7,15466,False,False
2017-11-22,NQZ7,15466,False,False
2017-11-23,NQZ7,15466,False,False
2017-11-24,NQZ7,15466,False,False
2017-11-27,NQZ7,15466,False,False
2017-11-28,NQZ7,15466,False,False
2017-11-29,NQZ7,15466,False,False
2017-11-30,NQZ7,15466,False,False
2017-12-01,NQZ7,15466,False,False
2017-12-04,NQZ7,15466,False,False
2017-12-05,NQZ7,15466,False,False
2017-12-06,NQZ7,15466,False,False
2017-12-07,NQZ7,15466,False,False
2017-12-08,NQZ7,15466,False,True
2017-12-11,NQH8,16210,True,True
2017-12-12,NQH8,16210,False,False
2017-12-13,NQH8,16210,False,False
2017-12-14,NQH8,16210,False,False
2017-12-15,NQH8,16210,False,False
2017-12-18,NQH8,16210,False,False
2017-12-19,NQH8,16210,False,False
2017-12-20,NQH8,16210,False,False
2017-12-21,NQH8,16210,False,False
2017-12-22,NQH8,16210,False,False
2017-12-26,NQH8,16210,False,False
2017-12-27,NQH8,16210,False,False
2017-12-28,NQH8,16210,False,False
2017-12-29,NQH8,16210,False,False
2018-01-02,NQH8,16210,False,False
2018-01-03,NQH8,16210,False,False
2018-01-04,NQH8,16210,False,False
2018-01-05,NQH8,16210,False,False
2018-01-08,NQH8,16210,False,False
2018-01-09,NQH8,16210,False,False
2018-01-10,NQH8,16210,False,False
2018-01-11,NQH8,16210,False,False
2018-01-12,NQH8,16210,False,False
2018-01-15,NQH8,16210,False,False
2018-01-16,NQH8,16210,False,False
2018-01-17,NQH8,16210,False,False
2018-01-18,NQH8,16210,False,False
2018-01-19,NQH8,16210,False,False
2018-01-22,NQH8,16210,False,False
2018-01-23,NQH8,16210,False,False
2018-01-24,NQH8,16210,False,False
2018-01-25,NQH8,16210,False,False
2018-01-26,NQH8,16210,False,False
2018-01-29,NQH8,16210,False,False
2018-01-30,NQH8,16210,False,False
2018-01-31,NQH8,16210,False,False
2018-02-01,NQH8,16210,False,False
2018-02-02,NQH8,16210,False,False
2018-02-05,NQH8,16210,False,False
2018-02-06,NQH8,16210,False,False
2018-02-07,NQH8,16210,False,False
2018-02-08,NQH8,16210,False,False
2018-02-09,NQH8,16210,False,False
2018-02-12,NQH8,16210,False,False
2018-02-13,NQH8,16210,False,False
2018-02-14,NQH8,16210,False,False
2018-02-15,NQH8,16210,False,False
2018-02-16,NQH8,16210,False,False
2018-02-19,NQH8,16210,False,False
2018-02-20,NQH8,16210,False,False
2018-02-21,NQH8,16210,False,False
2018-02-22,NQH8,16210,False,False
2018-02-23,NQH8,16210,False,False
2018-02-26,NQH8,16210,False,False
2018-02-27,NQH8,16210,False,False
2018-02-28,NQH8,16210,False,False
2018-03-01,NQH8,16210,False,False
2018-03-02,NQH8,16210,False,False
2018-03-05,NQH8,16210,False,False
2018-03-06,NQH8,16210,False,False
2018-03-07,NQH8,16210,False,False
2018-03-08,NQH8,16210,False,False
2018-03-09,NQH8,16210,False,True
2018-03-12,NQM8,23520,True,True
2018-03-13,NQM8,23520,False,False
2018-03-14,NQM8,23520,False,False
2018-03-15,NQM8,23520,False,False
2018-03-16,NQM8,23520,False,False
2018-03-19,NQM8,23520,False,False
2018-03-20,NQM8,23520,False,False
2018-03-21,NQM8,23520,False,False
2018-03-22,NQM8,23520,False,False
2018-03-23,NQM8,23520,False,False
2018-03-26,NQM8,23520,False,False
2018-03-27,NQM8,23520,False,False
2018-03-28,NQM8,23520,False,False
2018-03-29,NQM8,23520,False,False
2018-04-02,NQM8,23520,False,False
2018-04-03,NQM8,23520,False,False
2018-04-04,NQM8,23520,False,False
2018-04-05,NQM8,23520,False,False
2018-04-06,NQM8,23520,False,False
2018-04-09,NQM8,23520,False,False
2018-04-10,NQM8,23520,False,False
2018-04-11,NQM8,23520,False,False
2018-04-12,NQM8,23520,False,False
2018-04-13,NQM8,23520,False,False
2018-04-16,NQM8,23520,False,False
2018-04-17,NQM8,23520,False,False
2018-04-18,NQM8,23520,False,False
2018-04-19,NQM8,23520,False,False
2018-04-20,NQM8,23520,False,False
2018-04-23,NQM8,23520,False,False
2018-04-24,NQM8,23520,False,False
2018-04-25,NQM8,23520,False,False
2018-04-26,NQM8,23520,False,False
2018-04-27,NQM8,23520,False,False
2018-04-30,NQM8,23520,False,False
2018-05-01,NQM8,23520,False,False
2018-05-02,NQM8,23520,False,False
2018-05-03,NQM8,23520,False,False
2018-05-04,NQM8,23520,False,False
2018-05-07,NQM8,23520,False,False
2018-05-08,NQM8,23520,False,False
2018-05-09,NQM8,23520,False,False
2018-05-10,NQM8,23520,False,False
2018-05-11,NQM8,23520,False,False
2018-05-14,NQM8,23520,False,False
2018-05-15,NQM8,23520,False,False
2018-05-16,NQM8,23520,False,False
2018-05-17,NQM8,23520,False,False
2018-05-18,NQM8,23520,False,False
2018-05-21,NQM8,23520,False,False
2018-05-22,NQM8,23520,False,False
2018-05-23,NQM8,23520,False,False
2018-05-24,NQM8,23520,False,False
2018-05-25,NQM8,23520,False,False
2018-05-28,NQM8,23520,False,False
2018-05-29,NQM8,23520,False,False
2018-05-30,NQM8,23520,False,False
2018-05-31,NQM8,23520,False,False
2018-06-01,NQM8,23520,False,False
2018-06-04,NQM8,23520,False,False
2018-06-05,NQM8,23520,False,False
2018-06-06,NQM8,23520,False,False
2018-06-07,NQM8,23520,False,False
2018-06-08,NQM8,23520,False,True
2018-06-11,NQU8,47511,True,True
2018-06-12,NQU8,47511,False,False
2018-06-13,NQU8,47511,False,False
2018-06-14,NQU8,47511,False,False
2018-06-15,NQU8,47511,False,False
2018-06-18,NQU8,47511,False,False
2018-06-19,NQU8,47511,False,False
2018-06-20,NQU8,47511,False,False
2018-06-21,NQU8,47511,False,False
2018-06-22,NQU8,47511,False,False
2018-06-25,NQU8,47511,False,False
2018-06-26,NQU8,47511,False,False
2018-06-27,NQU8,47511,False,False
2018-06-28,NQU8,47511,False,False
2018-06-29,NQU8,47511,False,False
2018-07-02,NQU8,47511,False,False
2018-07-03,NQU8,47511,False,False
2018-07-04,NQU8,47511,False,False
2018-07-05,NQU8,47511,False,False
2018-07-06,NQU8,47511,False,False
2018-07-09,NQU8,47511,False,False
2018-07-10,NQU8,47511,False,False
2018-07-11,NQU8,47511,False,False
2018-07-12,NQU8,47511,False,False
2018-07-13,NQU8,47511,False,False
2018-07-16,NQU8,47511,False,False
2018-07-17,NQU8,47511,False,False
2018-07-18,NQU8,47511,False,False
2018-07-19,NQU8,47511,False,False
2018-07-20,NQU8,47511,False,False
2018-07-23,NQU8,47511,False,False
2018-07-24,NQU8,47511,False,False
2018-07-25,NQU8,47511,False,False
2018-07-26,NQU8,47511,False,False
2018-07-27,NQU8,47511,False,False
2018-07-30,NQU8,47511,False,False
2018-07-31,NQU8,47511,False,False
2018-08-01,NQU8,47511,False,False
2018-08-02,NQU8,47511,False,False
2018-08-03,NQU8,47511,False,False
2018-08-06,NQU8,47511,False,False
2018-08-07,NQU8,47511,False,False
2018-08-08,NQU8,47511,False,False
2018-08-09,NQU8,47511,False,False
2018-08-10,NQU8,47511,False,False
2018-08-13,NQU8,47511,False,False
2018-08-14,NQU8,47511,False,False
2018-08-15,NQU8,47511,False,False
2018-08-16,NQU8,47511,False,False
2018-08-17,NQU8,47511,False,False
2018-08-20,NQU8,47511,False,False
2018-08-21,NQU8,47511,False,False
2018-08-22,NQU8,47511,False,False
2018-08-23,NQU8,47511,False,False
2018-08-24,NQU8,47511,False,False
2018-08-27,NQU8,47511,False,False
2018-08-28,NQU8,47511,False,False
2018-08-29,NQU8,47511,False,False
2018-08-30,NQU8,47511,False,False
2018-08-31,NQU8,47511,False,False
2018-09-03,NQU8,47511,False,False
2018-09-04,NQU8,47511,False,False
2018-09-05,NQU8,47511,False,False
2018-09-06,NQU8,47511,False,False
2018-09-07,NQU8,47511,False,False
2018-09-10,NQU8,47511,False,False
2018-09-11,NQU8,47511,False,False
2018-09-12,NQU8,47511,False,False
2018-09-13,NQU8,47511,False,False
2018-09-14,NQU8,47511,False,True
2018-09-17,NQZ8,16041,True,True
2018-09-18,NQZ8,16041,False,False
2018-09-19,NQZ8,16041,False,False
2018-09-20,NQZ8,16041,False,False
2018-09-21,NQZ8,16041,False,False
2018-09-24,NQZ8,16041,False,False
2018-09-25,NQZ8,16041,False,False
2018-09-26,NQZ8,16041,False,False
2018-09-27,NQZ8,16041,False,False
2018-09-28,NQZ8,16041,False,False
2018-10-01,NQZ8,16041,False,False
2018-10-02,NQZ8,16041,False,False
2018-10-03,NQZ8,16041,False,False
2018-10-04,NQZ8,16041,False,False
2018-10-05,NQZ8,16041,False,False
2018-10-08,NQZ8,16041,False,False
2018-10-09,NQZ8,16041,False,False
2018-10-10,NQZ8,16041,False,False
2018-10-11,NQZ8,16041,False,False
2018-10-12,NQZ8,16041,False,False
2018-10-15,NQZ8,16041,False,False
2018-10-16,NQZ8,16041,False,False
2018-10-17,NQZ8,16041,False,False
2018-10-18,NQZ8,16041,False,False
2018-10-19,NQZ8,16041,False,False
2018-10-22,NQZ8,16041,False,False
2018-10-23,NQZ8,16041,False,False
2018-10-24,NQZ8,16041,False,False
2018-10-25,NQZ8,16041,False,False
2018-10-26,NQZ8,16041,False,False
2018-10-29,NQZ8,16041,False,False
2018-10-30,NQZ8,16041,False,False
2018-10-31,NQZ8,16041,False,False
2018-11-01,NQZ8,16041,False,False
2018-11-02,NQZ8,16041,False,False
2018-11-05,NQZ8,16041,False,False
2018-11-06,NQZ8,16041,False,False
2018-11-07,NQZ8,16041,False,False
2018-11-08,NQZ8,16041,False,False
2018-11-09,NQZ8,16041,False,False
2018-11-12,NQZ8,16041,False,False
2018-11-13,NQZ8,16041,False,False
2018-11-14,NQZ8,16041,False,False
2018-11-15,NQZ8,16041,False,False
2018-11-16,NQZ8,16041,False,False
2018-11-19,NQZ8,16041,False,False
2018-11-20,NQZ8,16041,False,False
2018-11-21,NQZ8,16041,False,False
2018-11-22,NQZ8,16041,False,False
2018-11-23,NQZ8,16041,False,False
2018-11-26,NQZ8,16041,False,False
2018-11-27,NQZ8,16041,False,False
2018-11-28,NQZ8,16041,False,False
2018-11-29,NQZ8,16041,False,False
2018-11-30,NQZ8,16041,False,False
2018-12-03,NQZ8,16041,False,False
2018-12-04,NQZ8,16041,False,False
2018-12-06,NQZ8,16041,False,False
2018-12-07,NQZ8,16041,False,False
2018-12-10,NQZ8,16041,False,False
2018-12-11,NQZ8,16041,False,False
2018-12-12,NQZ8,16041,False,False
2018-12-13,NQZ8,16041,False,False
2018-12-14,NQZ8,16041,False,True
2018-12-17,NQH9,15657,True,True
2018-12-18,NQH9,15657,False,False
2018-12-19,NQH9,15657,False,False
2018-12-20,NQH9,15657,False,False
2018-12-21,NQH9,15657,False,False
2018-12-24,NQH9,15657,False,False
2018-12-26,NQH9,15657,False,False
2018-12-27,NQH9,15657,False,False
2018-12-28,NQH9,15657,False,False
2018-12-31,NQH9,15657,False,False
2019-01-02,NQH9,15657,False,False
2019-01-03,NQH9,15657,False,False
2019-01-04,NQH9,15657,False,False
2019-01-07,NQH9,15657,False,False
2019-01-08,NQH9,15657,False,False
2019-01-09,NQH9,15657,False,False
2019-01-10,NQH9,15657,False,False
2019-01-11,NQH9,15657,False,False
2019-01-14,NQH9,15657,False,False
2019-01-15,NQH9,15657,False,False
2019-01-16,NQH9,15657,False,False
2019-01-17,NQH9,15657,False,False
2019-01-18,NQH9,15657,False,False
2019-01-21,NQH9,15657,False,False
2019-01-22,NQH9,15657,False,False
2019-01-23,NQH9,15657,False,False
2019-01-24,NQH9,15657,False,False
2019-01-25,NQH9,15657,False,False
2019-01-28,NQH9,15657,False,False
2019-01-29,NQH9,15657,False,False
2019-01-30,NQH9,15657,False,False
2019-01-31,NQH9,15657,False,False
2019-02-01,NQH9,15657,False,False
2019-02-04,NQH9,15657,False,False
2019-02-05,NQH9,15657,False,False
2019-02-06,NQH9,15657,False,False
2019-02-07,NQH9,15657,False,False
2019-02-08,NQH9,15657,False,False
2019-02-11,NQH9,15657,False,False
2019-02-12,NQH9,15657,False,False
2019-02-13,NQH9,15657,False,False
2019-02-14,NQH9,15657,False,False
2019-02-15,NQH9,15657,False,False
2019-02-18,NQH9,15657,False,False
2019-02-19,NQH9,15657,False,False
2019-02-20,NQH9,15657,False,False
2019-02-21,NQH9,15657,False,False
2019-02-22,NQH9,15657,False,False
2019-02-25,NQH9,15657,False,False
2019-02-26,NQH9,15657,False,False
2019-02-27,NQH9,15657,False,False
2019-02-28,NQH9,15657,False,False
2019-03-01,NQH9,15657,False,False
2019-03-04,NQH9,15657,False,False
2019-03-05,NQH9,15657,False,False
2019-03-06,NQH9,15657,False,False
2019-03-07,NQH9,15657,False,False
2019-03-08,NQH9,15657,False,True
2019-03-11,NQM9,9166,True,True
2019-03-12,NQM9,9166,False,False
2019-03-13,NQM9,9166,False,False
2019-03-14,NQM9,9166,False,False
2019-03-15,NQM9,9166,False,False
2019-03-18,NQM9,9166,False,False
2019-03-19,NQM9,9166,False,False
2019-03-20,NQM9,9166,False,False
2019-03-21,NQM9,9166,False,False
2019-03-22,NQM9,9166,False,False
2019-03-25,NQM9,9166,False,False
2019-03-26,NQM9,9166,False,False
2019-03-27,NQM9,9166,False,False
2019-03-28,NQM9,9166,False,False
2019-03-29,NQM9,9166,False,False
2019-04-01,NQM9,9166,False,False
2019-04-02,NQM9,9166,False,False
2019-04-03,NQM9,9166,False,False
2019-04-04,NQM9,9166,False,False
2019-04-05,NQM9,9166,False,False
2019-04-08,NQM9,9166,False,False
2019-04-09,NQM9,9166,False,False
2019-04-10,NQM9,9166,False,False
2019-04-11,NQM9,9166,False,False
2019-04-12,NQM9,9166,False,False
2019-04-15,NQM9,9166,False,False
2019-04-16,NQM9,9166,False,False
2019-04-17,NQM9,9166,False,False
2019-04-18,NQM9,9166,False,False
2019-04-22,NQM9,9166,False,False
2019-04-23,NQM9,9166,False,False
2019-04-24,NQM9,9166,False,False
2019-04-25,NQM9,9166,False,False
2019-04-26,NQM9,9166,False,False
2019-04-29,NQM9,9166,False,False
2019-04-30,NQM9,9166,False,False
2019-05-01,NQM9,9166,False,False
2019-05-02,NQM9,9166,False,False
2019-05-03,NQM9,9166,False,False
2019-05-06,NQM9,9166,False,False
2019-05-07,NQM9,9166,False,False
2019-05-08,NQM9,9166,False,False
2019-05-09,NQM9,9166,False,False
2019-05-10,NQM9,9166,False,False
2019-05-13,NQM9,9166,False,False
2019-05-14,NQM9,9166,False,False
2019-05-15,NQM9,9166,False,False
2019-05-16,NQM9,9166,False,False
2019-05-17,NQM9,9166,False,False
2019-05-20,NQM9,9166,False,False
2019-05-21,NQM9,9166,False,False
2019-05-22,NQM9,9166,False,False
2019-05-23,NQM9,9166,False,False
2019-05-24,NQM9,9166,False,False
2019-05-27,NQM9,9166,False,False
2019-05-28,NQM9,9166,False,False
2019-05-29,NQM9,9166,False,False
2019-05-30,NQM9,9166,False,False
2019-05-31,NQM9,9166,False,False
2019-06-03,NQM9,9166,False,False
2019-06-04,NQM9,9166,False,False
2019-06-05,NQM9,9166,False,False
2019-06-06,NQM9,9166,False,False
2019-06-07,NQM9,9166,False,False
2019-06-10,NQM9,9166,False,False
2019-06-11,NQM9,9166,False,False
2019-06-12,NQM9,9166,False,False
2019-06-13,NQM9,9166,False,False
2019-06-14,NQM9,9166,False,True
2019-06-17,NQU9,36742,True,True
2019-06-18,NQU9,36742,False,False
2019-06-19,NQU9,36742,False,False
2019-06-20,NQU9,36742,False,False
2019-06-21,NQU9,36742,False,False
2019-06-24,NQU9,36742,False,False
2019-06-25,NQU9,36742,False,False
2019-06-26,NQU9,36742,False,False
2019-06-27,NQU9,36742,False,False
2019-06-28,NQU9,36742,False,False
2019-07-01,NQU9,36742,False,False
2019-07-02,NQU9,36742,False,False
2019-07-03,NQU9,36742,False,False
2019-07-04,NQU9,36742,False,False
2019-07-05,NQU9,36742,False,False
2019-07-08,NQU9,36742,False,False
2019-07-09,NQU9,36742,False,False
2019-07-10,NQU9,36742,False,False
2019-07-11,NQU9,36742,False,False
2019-07-12,NQU9,36742,False,False
2019-07-15,NQU9,36742,False,False
2019-07-16,NQU9,36742,False,False
2019-07-17,NQU9,36742,False,False
2019-07-18,NQU9,36742,False,False
2019-07-19,NQU9,36742,False,False
2019-07-22,NQU9,36742,False,False
2019-07-23,NQU9,36742,False,False
2019-07-24,NQU9,36742,False,False
2019-07-25,NQU9,36742,False,False
2019-07-26,NQU9,36742,False,False
2019-07-29,NQU9,36742,False,False
2019-07-30,NQU9,36742,False,False
2019-07-31,NQU9,36742,False,False
2019-08-01,NQU9,36742,False,False
2019-08-02,NQU9,36742,False,False
2019-08-05,NQU9,36742,False,False
2019-08-06,NQU9,36742,False,False
2019-08-07,NQU9,36742,False,False
2019-08-08,NQU9,36742,False,False
2019-08-09,NQU9,36742,False,False
2019-08-12,NQU9,36742,False,False
2019-08-13,NQU9,36742,False,False
2019-08-14,NQU9,36742,False,False
2019-08-15,NQU9,36742,False,False
2019-08-16,NQU9,36742,False,False
2019-08-19,NQU9,36742,False,False
2019-08-20,NQU9,36742,False,False
2019-08-21,NQU9,36742,False,False
2019-08-22,NQU9,36742,False,False
2019-08-23,NQU9,36742,False,False
2019-08-26,NQU9,36742,False,False
2019-08-27,NQU9,36742,False,False
2019-08-28,NQU9,36742,False,False
2019-08-29,NQU9,36742,False,False
2019-08-30,NQU9,36742,False,False
2019-09-02,NQU9,36742,False,False
2019-09-03,NQU9,36742,False,False
2019-09-04,NQU9,36742,False,False
2019-09-05,NQU9,36742,False,False
2019-09-06,NQU9,36742,False,False
2019-09-09,NQU9,36742,False,False
2019-09-10,NQU9,36742,False,False
2019-09-11,NQU9,36742,False,False
2019-09-12,NQU9,36742,False,False
2019-09-13,NQU9,36742,False,True
2019-09-16,NQZ9,15907,True,True
2019-09-17,NQZ9,15907,False,False
2019-09-18,NQZ9,15907,False,False
2019-09-19,NQZ9,15907,False,False
2019-09-20,NQZ9,15907,False,False
2019-09-23,NQZ9,15907,False,False
2019-09-24,NQZ9,15907,False,False
2019-09-25,NQZ9,15907,False,False
2019-09-26,NQZ9,15907,False,False
2019-09-27,NQZ9,15907,False,False
2019-09-30,NQZ9,15907,False,False
2019-10-01,NQZ9,15907,False,False
2019-10-02,NQZ9,15907,False,False
2019-10-03,NQZ9,15907,False,False
2019-10-04,NQZ9,15907,False,False
2019-10-07,NQZ9,15907,False,False
2019-10-08,NQZ9,15907,False,False
2019-10-09,NQZ9,15907,False,False
2019-10-10,NQZ9,15907,False,False
2019-10-11,NQZ9,15907,False,False
2019-10-14,NQZ9,15907,False,False
2019-10-15,NQZ9,15907,False,False
2019-10-16,NQZ9,15907,False,False
2019-10-17,NQZ9,15907,False,False
2019-10-18,NQZ9,15907,False,False
2019-10-21,NQZ9,15907,False,False
2019-10-22,NQZ9,15907,False,False
2019-10-23,NQZ9,15907,False,False
2019-10-24,NQZ9,15907,False,False
2019-10-25,NQZ9,15907,False,False
2019-10-28,NQZ9,15907,False,False
2019-10-29,NQZ9,15907,False,False
2019-10-30,NQZ9,15907,False,False
2019-10-31,NQZ9,15907,False,False
2019-11-01,NQZ9,15907,False,False
2019-11-04,NQZ9,15907,False,False
2019-11-05,NQZ9,15907,False,False
2019-11-06,NQZ9,15907,False,False
2019-11-07,NQZ9,15907,False,False
2019-11-08,NQZ9,15907,False,False
2019-11-11,NQZ9,15907,False,False
2019-11-12,NQZ9,15907,False,False
2019-11-13,NQZ9,15907,False,False
2019-11-14,NQZ9,15907,False,False
2019-11-15,NQZ9,15907,False,False
2019-11-18,NQZ9,15907,False,False
2019-11-19,NQZ9,15907,False,False
2019-11-20,NQZ9,15907,False,False
2019-11-21,NQZ9,15907,False,False
2019-11-22,NQZ9,15907,False,False
2019-11-25,NQZ9,15907,False,False
2019-11-26,NQZ9,15907,False,False
2019-11-27,NQZ9,15907,False,False
2019-11-28,NQZ9,15907,False,False
2019-11-29,NQZ9,15907,False,False
2019-12-02,NQZ9,15907,False,False
2019-12-03,NQZ9,15907,False,False
2019-12-04,NQZ9,15907,False,False
2019-12-05,NQZ9,15907,False,False
2019-12-06,NQZ9,15907,False,False
2019-12-09,NQZ9,15907,False,False
2019-12-10,NQZ9,15907,False,False
2019-12-11,NQZ9,15907,False,False
2019-12-12,NQZ9,15907,False,False
2019-12-13,NQZ9,15907,False,True
2019-12-16,NQH0,10204,True,True
2019-12-17,NQH0,10204,False,False
2019-12-18,NQH0,10204,False,False
2019-12-19,NQH0,10204,False,False
2019-12-20,NQH0,10204,False,False
2019-12-23,NQH0,10204,False,False
2019-12-24,NQH0,10204,False,False
2019-12-26,NQH0,10204,False,False
2019-12-27,NQH0,10204,False,False
2019-12-30,NQH0,10204,False,False
2019-12-31,NQH0,10204,False,False
2020-01-02,NQH0,10204,False,False
2020-01-03,NQH0,10204,False,False
2020-01-06,NQH0,10204,False,False
2020-01-07,NQH0,10204,False,False
2020-01-08,NQH0,10204,False,False
2020-01-09,NQH0,10204,False,False
2020-01-10,NQH0,10204,False,False
2020-01-13,NQH0,10204,False,False
2020-01-14,NQH0,10204,False,False
2020-01-15,NQH0,10204,False,False
2020-01-16,NQH0,10204,False,False
2020-01-17,NQH0,10204,False,False
2020-01-20,NQH0,10204,False,False
2020-01-21,NQH0,10204,False,False
2020-01-22,NQH0,10204,False,False
2020-01-23,NQH0,10204,False,False
2020-01-24,NQH0,10204,False,False
2020-01-27,NQH0,10204,False,False
2020-01-28,NQH0,10204,False,False
2020-01-29,NQH0,10204,False,False
2020-01-30,NQH0,10204,False,False
2020-01-31,NQH0,10204,False,False
2020-02-03,NQH0,10204,False,False
2020-02-04,NQH0,10204,False,False
2020-02-05,NQH0,10204,False,False
2020-02-06,NQH0,10204,False,False
2020-02-07,NQH0,10204,False,False
2020-02-10,NQH0,10204,False,False
2020-02-11,NQH0,10204,False,False
2020-02-12,NQH0,10204,False,False
2020-02-13,NQH0,10204,False,False
2020-02-14,NQH0,10204,False,False
2020-02-17,NQH0,10204,False,False
2020-02-18,NQH0,10204,False,False
2020-02-19,NQH0,10204,False,False
2020-02-20,NQH0,10204,False,False
2020-02-21,NQH0,10204,False,False
2020-02-24,NQH0,10204,False,False
2020-02-25,NQH0,10204,False,False
2020-02-26,NQH0,10204,False,False
2020-02-27,NQH0,10204,False,False
2020-02-28,NQH0,10204,False,False
2020-03-02,NQH0,10204,False,False
2020-03-03,NQH0,10204,False,False
2020-03-04,NQH0,10204,False,False
2020-03-05,NQH0,10204,False,False
2020-03-06,NQH0,10204,False,False
2020-03-09,NQH0,10204,False,False
2020-03-10,NQH0,10204,False,False
2020-03-11,NQH0,10204,False,False
2020-03-12,NQH0,10204,False,False
2020-03-13,NQH0,10204,False,False
2020-03-16,NQH0,10204,False,True
2020-03-17,NQM0,16908,True,True
2020-03-18,NQM0,16908,False,False
2020-03-19,NQM0,16908,False,False
2020-03-20,NQM0,16908,False,False
2020-03-23,NQM0,16908,False,False
2020-03-24,NQM0,16908,False,False
2020-03-25,NQM0,16908,False,False
2020-03-26,NQM0,16908,False,False
2020-03-27,NQM0,16908,False,False
2020-03-30,NQM0,16908,False,False
2020-03-31,NQM0,16908,False,False
2020-04-01,NQM0,16908,False,False
2020-04-02,NQM0,16908,False,False
2020-04-03,NQM0,16908,False,False
2020-04-06,NQM0,16908,False,False
2020-04-07,NQM0,16908,False,False
2020-04-08,NQM0,16908,False,False
2020-04-09,NQM0,16908,False,False
2020-04-13,NQM0,16908,False,False
2020-04-14,NQM0,16908,False,False
2020-04-15,NQM0,16908,False,False
2020-04-16,NQM0,16908,False,False
2020-04-17,NQM0,16908,False,False
2020-04-20,NQM0,16908,False,False
2020-04-21,NQM0,16908,False,False
2020-04-22,NQM0,16908,False,False
2020-04-23,NQM0,16908,False,False
2020-04-24,NQM0,16908,False,False
2020-04-27,NQM0,16908,False,False
2020-04-28,NQM0,16908,False,False
2020-04-29,NQM0,16908,False,False
2020-04-30,NQM0,16908,False,False
2020-05-01,NQM0,16908,False,False
2020-05-04,NQM0,16908,False,False
2020-05-05,NQM0,16908,False,False
2020-05-06,NQM0,16908,False,False
2020-05-07,NQM0,16908,False,False
2020-05-08,NQM0,16908,False,False
2020-05-11,NQM0,16908,False,False
2020-05-12,NQM0,16908,False,False
2020-05-13,NQM0,16908,False,False
2020-05-14,NQM0,16908,False,False
2020-05-15,NQM0,16908,False,False
2020-05-18,NQM0,16908,False,False
2020-05-19,NQM0,16908,False,False
2020-05-20,NQM0,16908,False,False
2020-05-21,NQM0,16908,False,False
2020-05-22,NQM0,16908,False,False
2020-05-25,NQM0,16908,False,False
2020-05-26,NQM0,16908,False,False
2020-05-27,NQM0,16908,False,False
2020-05-28,NQM0,16908,False,False
2020-05-29,NQM0,16908,False,False
2020-06-01,NQM0,16908,False,False
2020-06-02,NQM0,16908,False,False
2020-06-03,NQM0,16908,False,False
2020-06-04,NQM0,16908,False,False
2020-06-05,NQM0,16908,False,False
2020-06-08,NQM0,16908,False,False
2020-06-09,NQM0,16908,False,False
2020-06-10,NQM0,16908,False,False
2020-06-11,NQM0,16908,False,False
2020-06-12,NQM0,16908,False,False
2020-06-15,NQM0,16908,False,True
2020-06-16,NQU0,14028,True,True
2020-06-17,NQU0,14028,False,False
2020-06-18,NQU0,14028,False,False
2020-06-19,NQU0,14028,False,False
2020-06-22,NQU0,14028,False,False
2020-06-23,NQU0,14028,False,False
2020-06-24,NQU0,14028,False,False
2020-06-25,NQU0,14028,False,False
2020-06-26,NQU0,14028,False,False
2020-06-29,NQU0,14028,False,False
2020-06-30,NQU0,14028,False,False
2020-07-01,NQU0,14028,False,False
2020-07-02,NQU0,14028,False,False
2020-07-03,NQU0,14028,False,False
2020-07-06,NQU0,14028,False,False
2020-07-07,NQU0,14028,False,False
2020-07-08,NQU0,14028,False,False
2020-07-09,NQU0,14028,False,False
2020-07-10,NQU0,14028,False,False
2020-07-13,NQU0,14028,False,False
2020-07-14,NQU0,14028,False,False
2020-07-15,NQU0,14028,False,False
2020-07-16,NQU0,14028,False,False
2020-07-17,NQU0,14028,False,False
2020-07-20,NQU0,14028,False,False
2020-07-21,NQU0,14028,False,False
2020-07-22,NQU0,14028,False,False
2020-07-23,NQU0,14028,False,False
2020-07-24,NQU0,14028,False,False
2020-07-27,NQU0,14028,False,False
2020-07-28,NQU0,14028,False,False
2020-07-29,NQU0,14028,False,False
2020-07-30,NQU0,14028,False,False
2020-07-31,NQU0,14028,False,False
2020-08-03,NQU0,14028,False,False
2020-08-04,NQU0,14028,False,False
2020-08-05,NQU0,14028,False,False
2020-08-06,NQU0,14028,False,False
2020-08-07,NQU0,14028,False,False
2020-08-10,NQU0,14028,False,False
2020-08-11,NQU0,14028,False,False
2020-08-12,NQU0,14028,False,False
2020-08-13,NQU0,14028,False,False
2020-08-14,NQU0,14028,False,False
2020-08-17,NQU0,14028,False,False
2020-08-18,NQU0,14028,False,False
2020-08-19,NQU0,14028,False,False
2020-08-20,NQU0,14028,False,False
2020-08-21,NQU0,14028,False,False
2020-08-24,NQU0,14028,False,False
2020-08-25,NQU0,14028,False,False
2020-08-26,NQU0,14028,False,False
2020-08-27,NQU0,14028,False,False
2020-08-28,NQU0,14028,False,False
2020-08-31,NQU0,14028,False,False
2020-09-01,NQU0,14028,False,False
2020-09-02,NQU0,14028,False,False
2020-09-03,NQU0,14028,False,False
2020-09-04,NQU0,14028,False,False
2020-09-07,NQU0,14028,False,False
2020-09-08,NQU0,14028,False,False
2020-09-09,NQU0,14028,False,False
2020-09-10,NQU0,14028,False,False
2020-09-11,NQU0,14028,False,False
2020-09-14,NQU0,14028,False,True
2020-09-15,NQZ0,16337,True,True
2020-09-16,NQZ0,16337,False,False
2020-09-17,NQZ0,16337,False,False
2020-09-18,NQZ0,16337,False,False
2020-09-21,NQZ0,16337,False,False
2020-09-22,NQZ0,16337,False,False
2020-09-23,NQZ0,16337,False,False
2020-09-24,NQZ0,16337,False,False
2020-09-25,NQZ0,16337,False,False
2020-09-28,NQZ0,16337,False,False
2020-09-29,NQZ0,16337,False,False
2020-09-30,NQZ0,16337,False,False
2020-10-01,NQZ0,16337,False,False
2020-10-02,NQZ0,16337,False,False
2020-10-05,NQZ0,16337,False,False
2020-10-06,NQZ0,16337,False,False
2020-10-07,NQZ0,16337,False,False
2020-10-08,NQZ0,16337,False,False
2020-10-09,NQZ0,16337,False,False
2020-10-12,NQZ0,16337,False,False
2020-10-13,NQZ0,16337,False,False
2020-10-14,NQZ0,16337,False,False
2020-10-15,NQZ0,16337,False,False
2020-10-16,NQZ0,16337,False,False
2020-10-19,NQZ0,16337,False,False
2020-10-20,NQZ0,16337,False,False
2020-10-21,NQZ0,16337,False,False
2020-10-22,NQZ0,16337,False,False
2020-10-23,NQZ0,16337,False,False
2020-10-26,NQZ0,16337,False,False
2020-10-27,NQZ0,16337,False,False
2020-10-28,NQZ0,16337,False,False
2020-10-29,NQZ0,16337,False,False
2020-10-30,NQZ0,16337,False,False
2020-11-02,NQZ0,16337,False,False
2020-11-03,NQZ0,16337,False,False
2020-11-04,NQZ0,16337,False,False
2020-11-05,NQZ0,16337,False,False
2020-11-06,NQZ0,16337,False,False
2020-11-09,NQZ0,16337,False,False
2020-11-10,NQZ0,16337,False,False
2020-11-11,NQZ0,16337,False,False
2020-11-12,NQZ0,16337,False,False
2020-11-13,NQZ0,16337,False,False
2020-11-16,NQZ0,16337,False,False
2020-11-17,NQZ0,16337,False,False
2020-11-18,NQZ0,16337,False,False
2020-11-19,NQZ0,16337,False,False
2020-11-20,NQZ0,16337,False,False
2020-11-23,NQZ0,16337,False,False
2020-11-24,NQZ0,16337,False,False
2020-11-25,NQZ0,16337,False,False
2020-11-26,NQZ0,16337,False,False
2020-11-27,NQZ0,16337,False,False
2020-11-30,NQZ0,16337,False,False
2020-12-01,NQZ0,16337,False,False
2020-12-02,NQZ0,16337,False,False
2020-12-03,NQZ0,16337,False,False
2020-12-04,NQZ0,16337,False,False
2020-12-07,NQZ0,16337,False,False
2020-12-08,NQZ0,16337,False,False
2020-12-09,NQZ0,16337,False,False
2020-12-10,NQZ0,16337,False,False
2020-12-11,NQZ0,16337,False,False
2020-12-14,NQZ0,16337,False,True
2020-12-15,NQH1,4378,True,True
2020-12-16,NQH1,4378,False,False
2020-12-17,NQH1,4378,False,False
2020-12-18,NQH1,4378,False,False
2020-12-21,NQH1,4378,False,False
2020-12-22,NQH1,4378,False,False
2020-12-23,NQH1,4378,False,False
2020-12-24,NQH1,4378,False,False
2020-12-28,NQH1,4378,False,False
2020-12-29,NQH1,4378,False,False
2020-12-30,NQH1,4378,False,False
2020-12-31,NQH1,4378,False,False
2021-01-04,NQH1,4378,False,False
2021-01-05,NQH1,4378,False,False
2021-01-06,NQH1,4378,False,False
2021-01-07,NQH1,4378,False,False
2021-01-08,NQH1,4378,False,False
2021-01-11,NQH1,4378,False,False
2021-01-12,NQH1,4378,False,False
2021-01-13,NQH1,4378,False,False
2021-01-14,NQH1,4378,False,False
2021-01-15,NQH1,4378,False,False
2021-01-18,NQH1,4378,False,False
2021-01-19,NQH1,4378,False,False
2021-01-20,NQH1,4378,False,False
2021-01-21,NQH1,4378,False,False
2021-01-22,NQH1,4378,False,False
2021-01-25,NQH1,4378,False,False
2021-01-26,NQH1,4378,False,False
2021-01-27,NQH1,4378,False,False
2021-01-28,NQH1,4378,False,False
2021-01-29,NQH1,4378,False,False
2021-02-01,NQH1,4378,False,False
2021-02-02,NQH1,4378,False,False
2021-02-03,NQH1,4378,False,False
2021-02-04,NQH1,4378,False,False
2021-02-05,NQH1,4378,False,False
2021-02-08,NQH1,4378,False,False
2021-02-09,NQH1,4378,False,False
2021-02-10,NQH1,4378,False,False
2021-02-11,NQH1,4378,False,False
2021-02-12,NQH1,4378,False,False
2021-02-15,NQH1,4378,False,False
2021-02-16,NQH1,4378,False,False
2021-02-17,NQH1,4378,False,False
2021-02-18,NQH1,4378,False,False
2021-02-19,NQH1,4378,False,False
2021-02-22,NQH1,4378,False,False
2021-02-23,NQH1,4378,False,False
2021-02-24,NQH1,4378,False,False
2021-02-25,NQH1,4378,False,False
2021-02-26,NQH1,4378,False,False
2021-03-01,NQH1,4378,False,False
2021-03-02,NQH1,4378,False,False
2021-03-03,NQH1,4378,False,False
2021-03-04,NQH1,4378,False,False
2021-03-05,NQH1,4378,False,False
2021-03-08,NQH1,4378,False,False
2021-03-09,NQH1,4378,False,False
2021-03-10,NQH1,4378,False,False
2021-03-11,NQH1,4378,False,False
2021-03-12,NQH1,4378,False,False
2021-03-15,NQH1,4378,False,True
2021-03-16,NQM1,2786,True,True
2021-03-17,NQM1,2786,False,False
2021-03-18,NQM1,2786,False,False
2021-03-19,NQM1,2786,False,False
2021-03-22,NQM1,2786,False,False
2021-03-23,NQM1,2786,False,False
2021-03-24,NQM1,2786,False,False
2021-03-25,NQM1,2786,False,False
2021-03-26,NQM1,2786,False,False
2021-03-29,NQM1,2786,False,False
2021-03-30,NQM1,2786,False,False
2021-03-31,NQM1,2786,False,False
2021-04-01,NQM1,2786,False,False
2021-04-05,NQM1,2786,False,False
2021-04-06,NQM1,2786,False,False
2021-04-07,NQM1,2786,False,False
2021-04-08,NQM1,2786,False,False
2021-04-09,NQM1,2786,False,False
2021-04-12,NQM1,2786,False,False
2021-04-13,NQM1,2786,False,False
2021-04-14,NQM1,2786,False,False
2021-04-15,NQM1,2786,False,False
2021-04-16,NQM1,2786,False,False
2021-04-19,NQM1,2786,False,False
2021-04-20,NQM1,2786,False,False
2021-04-21,NQM1,2786,False,False
2021-04-22,NQM1,2786,False,False
2021-04-23,NQM1,2786,False,False
2021-04-26,NQM1,2786,False,False
2021-04-27,NQM1,2786,False,False
2021-04-28,NQM1,2786,False,False
2021-04-29,NQM1,2786,False,False
2021-04-30,NQM1,2786,False,False
2021-05-03,NQM1,2786,False,False
2021-05-04,NQM1,2786,False,False
2021-05-05,NQM1,2786,False,False
2021-05-06,NQM1,2786,False,False
2021-05-07,NQM1,2786,False,False
2021-05-10,NQM1,2786,False,False
2021-05-11,NQM1,2786,False,False
2021-05-12,NQM1,2786,False,False
2021-05-13,NQM1,2786,False,False
2021-05-14,NQM1,2786,False,False
2021-05-17,NQM1,2786,False,False
2021-05-18,NQM1,2786,False,False
2021-05-19,NQM1,2786,False,False
2021-05-20,NQM1,2786,False,False
2021-05-21,NQM1,2786,False,False
2021-05-24,NQM1,2786,False,False
2021-05-25,NQM1,2786,False,False
2021-05-26,NQM1,2786,False,False
2021-05-27,NQM1,2786,False,False
2021-05-28,NQM1,2786,False,False
2021-05-31,NQM1,2786,False,False
2021-06-01,NQM1,2786,False,False
2021-06-02,NQM1,2786,False,False
2021-06-03,NQM1,2786,False,False
2021-06-04,NQM1,2786,False,False
2021-06-07,NQM1,2786,False,False
2021-06-08,NQM1,2786,False,False
2021-06-09,NQM1,2786,False,False
2021-06-10,NQM1,2786,False,False
2021-06-11,NQM1,2786,False,False
2021-06-14,NQM1,2786,False,True
2021-06-15,NQU1,828,True,True
2021-06-16,NQU1,828,False,False
2021-06-17,NQU1,828,False,False
2021-06-18,NQU1,828,False,False
2021-06-21,NQU1,828,False,False
2021-06-22,NQU1,828,False,False
2021-06-23,NQU1,828,False,False
2021-06-24,NQU1,828,False,False
2021-06-25,NQU1,828,False,False
2021-06-28,NQU1,828,False,False
2021-06-29,NQU1,828,False,False
2021-06-30,NQU1,828,False,False
2021-07-01,NQU1,828,False,False
2021-07-02,NQU1,828,False,False
2021-07-05,NQU1,828,False,False
2021-07-06,NQU1,828,False,False
2021-07-07,NQU1,828,False,False
2021-07-08,NQU1,828,False,False
2021-07-09,NQU1,828,False,False
2021-07-12,NQU1,828,False,False
2021-07-13,NQU1,828,False,False
2021-07-14,NQU1,828,False,False
2021-07-15,NQU1,828,False,False
2021-07-16,NQU1,828,False,False
2021-07-19,NQU1,828,False,False
2021-07-20,NQU1,828,False,False
2021-07-21,NQU1,828,False,False
2021-07-22,NQU1,828,False,False
2021-07-23,NQU1,828,False,False
2021-07-26,NQU1,828,False,False
2021-07-27,NQU1,828,False,False
2021-07-28,NQU1,828,False,False
2021-07-29,NQU1,828,False,False
2021-07-30,NQU1,828,False,False
2021-08-02,NQU1,828,False,False
2021-08-03,NQU1,828,False,False
2021-08-04,NQU1,828,False,False
2021-08-05,NQU1,828,False,False
2021-08-06,NQU1,828,False,False
2021-08-09,NQU1,828,False,False
2021-08-10,NQU1,828,False,False
2021-08-11,NQU1,828,False,False
2021-08-12,NQU1,828,False,False
2021-08-13,NQU1,828,False,False
2021-08-16,NQU1,828,False,False
2021-08-17,NQU1,828,False,False
2021-08-18,NQU1,828,False,False
2021-08-19,NQU1,828,False,False
2021-08-20,NQU1,828,False,False
2021-08-23,NQU1,828,False,False
2021-08-24,NQU1,828,False,False
2021-08-25,NQU1,828,False,False
2021-08-26,NQU1,828,False,False
2021-08-27,NQU1,828,False,False
2021-08-30,NQU1,828,False,False
2021-08-31,NQU1,828,False,False
2021-09-01,NQU1,828,False,False
2021-09-02,NQU1,828,False,False
2021-09-03,NQU1,828,False,False
2021-09-06,NQU1,828,False,False
2021-09-07,NQU1,828,False,False
2021-09-08,NQU1,828,False,False
2021-09-09,NQU1,828,False,False
2021-09-10,NQU1,828,False,True
2021-09-13,NQZ1,2770,True,True
2021-09-14,NQZ1,2770,False,False
2021-09-15,NQZ1,2770,False,False
2021-09-16,NQZ1,2770,False,False
2021-09-17,NQZ1,2770,False,False
2021-09-20,NQZ1,2770,False,False
2021-09-21,NQZ1,2770,False,False
2021-09-22,NQZ1,2770,False,False
2021-09-23,NQZ1,2770,False,False
2021-09-24,NQZ1,2770,False,False
2021-09-27,NQZ1,2770,False,False
2021-09-28,NQZ1,2770,False,False
2021-09-29,NQZ1,2770,False,False
2021-09-30,NQZ1,2770,False,False
2021-10-01,NQZ1,2770,False,False
2021-10-04,NQZ1,2770,False,False
2021-10-05,NQZ1,2770,False,False
2021-10-06,NQZ1,2770,False,False
2021-10-07,NQZ1,2770,False,False
2021-10-08,NQZ1,2770,False,False
2021-10-11,NQZ1,2770,False,False
2021-10-12,NQZ1,2770,False,False
2021-10-13,NQZ1,2770,False,False
2021-10-14,NQZ1,2770,False,False
2021-10-15,NQZ1,2770,False,False
2021-10-18,NQZ1,2770,False,False
2021-10-19,NQZ1,2770,False,False
2021-10-20,NQZ1,2770,False,False
2021-10-21,NQZ1,2770,False,False
2021-10-22,NQZ1,2770,False,False
2021-10-25,NQZ1,2770,False,False
2021-10-26,NQZ1,2770,False,False
2021-10-27,NQZ1,2770,False,False
2021-10-28,NQZ1,2770,False,False
2021-10-29,NQZ1,2770,False,False
2021-11-01,NQZ1,2770,False,False
2021-11-02,NQZ1,2770,False,False
2021-11-03,NQZ1,2770,False,False
2021-11-04,NQZ1,2770,False,False
2021-11-05,NQZ1,2770,False,False
2021-11-08,NQZ1,2770,False,False
2021-11-09,NQZ1,2770,False,False
2021-11-10,NQZ1,2770,False,False
2021-11-11,NQZ1,2770,False,False
2021-11-12,NQZ1,2770,False,False
2021-11-15,NQZ1,2770,False,False
2021-11-16,NQZ1,2770,False,False
2021-11-17,NQZ1,2770,False,False
2021-11-18,NQZ1,2770,False,False
2021-11-19,NQZ1,2770,False,False
2021-11-22,NQZ1,2770,False,False
2021-11-23,NQZ1,2770,False,False
2021-11-24,NQZ1,2770,False,False
2021-11-25,NQZ1,2770,False,False
2021-11-26,NQZ1,2770,False,False
2021-11-29,NQZ1,2770,False,False
2021-11-30,NQZ1,2770,False,False
2021-12-01,NQZ1,2770,False,False
2021-12-02,NQZ1,2770,False,False
2021-12-03,NQZ1,2770,False,False
2021-12-06,NQZ1,2770,False,False
2021-12-07,NQZ1,2770,False,False
2021-12-08,NQZ1,2770,False,False
2021-12-09,NQZ1,2770,False,False
2021-12-10,NQZ1,2770,False,True
2021-12-13,NQH2,3541,True,True
2021-12-14,NQH2,3541,False,False
2021-12-15,NQH2,3541,False,False
2021-12-16,NQH2,3541,False,False
2021-12-17,NQH2,3541,False,False
2021-12-20,NQH2,3541,False,False
2021-12-21,NQH2,3541,False,False
2021-12-22,NQH2,3541,False,False
2021-12-23,NQH2,3541,False,False
2021-12-27,NQH2,3541,False,False
2021-12-28,NQH2,3541,False,False
2021-12-29,NQH2,3541,False,False
2021-12-30,NQH2,3541,False,False
2021-12-31,NQH2,3541,False,False
2022-01-03,NQH2,3541,False,False
2022-01-04,NQH2,3541,False,False
2022-01-05,NQH2,3541,False,False
2022-01-06,NQH2,3541,False,False
2022-01-07,NQH2,3541,False,False
2022-01-10,NQH2,3541,False,False
2022-01-11,NQH2,3541,False,False
2022-01-12,NQH2,3541,False,False
2022-01-13,NQH2,3541,False,False
2022-01-14,NQH2,3541,False,False
2022-01-17,NQH2,3541,False,False
2022-01-18,NQH2,3541,False,False
2022-01-19,NQH2,3541,False,False
2022-01-20,NQH2,3541,False,False
2022-01-21,NQH2,3541,False,False
2022-01-24,NQH2,3541,False,False
2022-01-25,NQH2,3541,False,False
2022-01-26,NQH2,3541,False,False
2022-01-27,NQH2,3541,False,False
2022-01-28,NQH2,3541,False,False
2022-01-31,NQH2,3541,False,False
2022-02-01,NQH2,3541,False,False
2022-02-02,NQH2,3541,False,False
2022-02-03,NQH2,3541,False,False
2022-02-04,NQH2,3541,False,False
2022-02-07,NQH2,3541,False,False
2022-02-08,NQH2,3541,False,False
2022-02-09,NQH2,3541,False,False
2022-02-10,NQH2,3541,False,False
2022-02-11,NQH2,3541,False,False
2022-02-14,NQH2,3541,False,False
2022-02-15,NQH2,3541,False,False
2022-02-16,NQH2,3541,False,False
2022-02-17,NQH2,3541,False,False
2022-02-18,NQH2,3541,False,False
2022-02-21,NQH2,3541,False,False
2022-02-22,NQH2,3541,False,False
2022-02-23,NQH2,3541,False,False
2022-02-24,NQH2,3541,False,False
2022-02-25,NQH2,3541,False,False
2022-02-28,NQH2,3541,False,False
2022-03-01,NQH2,3541,False,False
2022-03-02,NQH2,3541,False,False
2022-03-03,NQH2,3541,False,False
2022-03-04,NQH2,3541,False,False
2022-03-07,NQH2,3541,False,False
2022-03-08,NQH2,3541,False,False
2022-03-09,NQH2,3541,False,False
2022-03-10,NQH2,3541,False,False
2022-03-11,NQH2,3541,False,False
2022-03-14,NQH2,3541,False,True
2022-03-15,NQM2,2895,True,True
2022-03-16,NQM2,2895,False,False
2022-03-17,NQM2,2895,False,False
2022-03-18,NQM2,2895,False,False
2022-03-21,NQM2,2895,False,False
2022-03-22,NQM2,2895,False,False
2022-03-23,NQM2,2895,False,False
2022-03-24,NQM2,2895,False,False
2022-03-25,NQM2,2895,False,False
2022-03-28,NQM2,2895,False,False
2022-03-29,NQM2,2895,False,False
2022-03-30,NQM2,2895,False,False
2022-03-31,NQM2,2895,False,False
2022-04-01,NQM2,2895,False,False
2022-04-04,NQM2,2895,False,False
2022-04-05,NQM2,2895,False,False
2022-04-06,NQM2,2895,False,False
2022-04-07,NQM2,2895,False,False
2022-04-08,NQM2,2895,False,False
2022-04-11,NQM2,2895,False,False
2022-04-12,NQM2,2895,False,False
2022-04-13,NQM2,2895,False,False
2022-04-14,NQM2,2895,False,False
2022-04-18,NQM2,2895,False,False
2022-04-19,NQM2,2895,False,False
2022-04-20,NQM2,2895,False,False
2022-04-21,NQM2,2895,False,False
2022-04-22,NQM2,2895,False,False
2022-04-25,NQM2,2895,False,False
2022-04-26,NQM2,2895,False,False
2022-04-27,NQM2,2895,False,False
2022-04-28,NQM2,2895,False,False
2022-04-29,NQM2,2895,False,False
2022-05-02,NQM2,2895,False,False
2022-05-03,NQM2,2895,False,False
2022-05-04,NQM2,2895,False,False
2022-05-05,NQM2,2895,False,False
2022-05-06,NQM2,2895,False,False
2022-05-09,NQM2,2895,False,False
2022-05-10,NQM2,2895,False,False
2022-05-11,NQM2,2895,False,False
2022-05-12,NQM2,2895,False,False
2022-05-13,NQM2,2895,False,False
2022-05-16,NQM2,2895,False,False
2022-05-17,NQM2,2895,False,False
2022-05-18,NQM2,2895,False,False
2022-05-19,NQM2,2895,False,False
2022-05-20,NQM2,2895,False,False
2022-05-23,NQM2,2895,False,False
2022-05-24,NQM2,2895,False,False
2022-05-25,NQM2,2895,False,False
2022-05-26,NQM2,2895,False,False
2022-05-27,NQM2,2895,False,False
2022-05-30,NQM2,2895,False,False
2022-05-31,NQM2,2895,False,False
2022-06-01,NQM2,2895,False,False
2022-06-02,NQM2,2895,False,False
2022-06-03,NQM2,2895,False,False
2022-06-06,NQM2,2895,False,False
2022-06-07,NQM2,2895,False,False
2022-06-08,NQM2,2895,False,False
2022-06-09,NQM2,2895,False,False
2022-06-10,NQM2,2895,False,False
2022-06-13,NQM2,2895,False,True
2022-06-14,NQU2,10391,True,True
2022-06-15,NQU2,10391,False,False
2022-06-16,NQU2,10391,False,False
2022-06-17,NQU2,10391,False,False
2022-06-20,NQU2,10391,False,False
2022-06-21,NQU2,10391,False,False
2022-06-22,NQU2,10391,False,False
2022-06-23,NQU2,10391,False,False
2022-06-24,NQU2,10391,False,False
2022-06-27,NQU2,10391,False,False
2022-06-28,NQU2,10391,False,False
2022-06-29,NQU2,10391,False,False
2022-06-30,NQU2,10391,False,False
2022-07-01,NQU2,10391,False,False
2022-07-04,NQU2,10391,False,False
2022-07-05,NQU2,10391,False,False
2022-07-06,NQU2,10391,False,False
2022-07-07,NQU2,10391,False,False
2022-07-08,NQU2,10391,False,False
2022-07-11,NQU2,10391,False,False
2022-07-12,NQU2,10391,False,False
2022-07-13,NQU2,10391,False,False
2022-07-14,NQU2,10391,False,False
2022-07-15,NQU2,10391,False,False
2022-07-18,NQU2,10391,False,False
2022-07-19,NQU2,10391,False,False
2022-07-20,NQU2,10391,False,False
2022-07-21,NQU2,10391,False,False
2022-07-22,NQU2,10391,False,False
2022-07-25,NQU2,10391,False,False
2022-07-26,NQU2,10391,False,False
2022-07-27,NQU2,10391,False,False
2022-07-28,NQU2,10391,False,False
2022-07-29,NQU2,10391,False,False
2022-08-01,NQU2,10391,False,False
2022-08-02,NQU2,10391,False,False
2022-08-03,NQU2,10391,False,False
2022-08-04,NQU2,10391,False,False
2022-08-05,NQU2,10391,False,False
2022-08-08,NQU2,10391,False,False
2022-08-09,NQU2,10391,False,False
2022-08-10,NQU2,10391,False,False
2022-08-11,NQU2,10391,False,False
2022-08-12,NQU2,10391,False,False
2022-08-15,NQU2,10391,False,False
2022-08-16,NQU2,10391,False,False
2022-08-17,NQU2,10391,False,False
2022-08-18,NQU2,10391,False,False
2022-08-19,NQU2,10391,False,False
2022-08-22,NQU2,10391,False,False
2022-08-23,NQU2,10391,False,False
2022-08-24,NQU2,10391,False,False
2022-08-25,NQU2,10391,False,False
2022-08-26,NQU2,10391,False,False
2022-08-29,NQU2,10391,False,False
2022-08-30,NQU2,10391,False,False
2022-08-31,NQU2,10391,False,False
2022-09-01,NQU2,10391,False,False
2022-09-02,NQU2,10391,False,False
2022-09-05,NQU2,10391,False,False
2022-09-06,NQU2,10391,False,False
2022-09-07,NQU2,10391,False,False
2022-09-08,NQU2,10391,False,False
2022-09-09,NQU2,10391,False,False
2022-09-12,NQU2,10391,False,True
2022-09-13,NQZ2,13613,True,True
2022-09-14,NQZ2,13613,False,False
2022-09-15,NQZ2,13613,False,False
2022-09-16,NQZ2,13613,False,False
2022-09-19,NQZ2,13613,False,False
2022-09-20,NQZ2,13613,False,False
2022-09-21,NQZ2,13613,False,False
2022-09-22,NQZ2,13613,False,False
2022-09-23,NQZ2,13613,False,False
2022-09-26,NQZ2,13613,False,False
2022-09-27,NQZ2,13613,False,False
2022-09-28,NQZ2,13613,False,False
2022-09-29,NQZ2,13613,False,False
2022-09-30,NQZ2,13613,False,False
2022-10-03,NQZ2,13613,False,False
2022-10-04,NQZ2,13613,False,False
2022-10-05,NQZ2,13613,False,False
2022-10-06,NQZ2,13613,False,False
2022-10-07,NQZ2,13613,False,False
2022-10-10,NQZ2,13613,False,False
2022-10-11,NQZ2,13613,False,False
2022-10-12,NQZ2,13613,False,False
2022-10-13,NQZ2,13613,False,False
2022-10-14,NQZ2,13613,False,False
2022-10-17,NQZ2,13613,False,False
2022-10-18,NQZ2,13613,False,False
2022-10-19,NQZ2,13613,False,False
2022-10-20,NQZ2,13613,False,False
2022-10-21,NQZ2,13613,False,False
2022-10-24,NQZ2,13613,False,False
2022-10-25,NQZ2,13613,False,False
2022-10-26,NQZ2,13613,False,False
2022-10-27,NQZ2,13613,False,False
2022-10-28,NQZ2,13613,False,False
2022-10-31,NQZ2,13613,False,False
2022-11-01,NQZ2,13613,False,False
2022-11-02,NQZ2,13613,False,False
2022-11-03,NQZ2,13613,False,False
2022-11-04,NQZ2,13613,False,False
2022-11-07,NQZ2,13613,False,False
2022-11-08,NQZ2,13613,False,False
2022-11-09,NQZ2,13613,False,False
2022-11-10,NQZ2,13613,False,False
2022-11-11,NQZ2,13613,False,False
2022-11-14,NQZ2,13613,False,False
2022-11-15,NQZ2,13613,False,False
2022-11-16,NQZ2,13613,False,False
2022-11-17,NQZ2,13613,False,False
2022-11-18,NQZ2,13613,False,False
2022-11-21,NQZ2,13613,False,False
2022-11-22,NQZ2,13613,False,False
2022-11-23,NQZ2,13613,False,False
2022-11-24,NQZ2,13613,False,False
2022-11-25,NQZ2,13613,False,False
2022-11-28,NQZ2,13613,False,False
2022-11-29,NQZ2,13613,False,False
2022-11-30,NQZ2,13613,False,False
2022-12-01,NQZ2,13613,False,False
2022-12-02,NQZ2,13613,False,False
2022-12-05,NQZ2,13613,False,False
2022-12-06,NQZ2,13613,False,False
2022-12-07,NQZ2,13613,False,False
2022-12-08,NQZ2,13613,False,False
2022-12-09,NQZ2,13613,False,False
2022-12-12,NQZ2,13613,False,True
2022-12-13,NQH3,20631,True,True
2022-12-14,NQH3,20631,False,False
2022-12-15,NQH3,20631,False,False
2022-12-16,NQH3,20631,False,False
2022-12-19,NQH3,20631,False,False
2022-12-20,NQH3,20631,False,False
2022-12-21,NQH3,20631,False,False
2022-12-22,NQH3,20631,False,False
2022-12-23,NQH3,20631,False,False
2022-12-27,NQH3,20631,False,False
2022-12-28,NQH3,20631,False,False
2022-12-29,NQH3,20631,False,False
2022-12-30,NQH3,20631,False,False
2023-01-03,NQH3,20631,False,False
2023-01-04,NQH3,20631,False,False
2023-01-05,NQH3,20631,False,False
2023-01-06,NQH3,20631,False,False
2023-01-09,NQH3,20631,False,False
2023-01-10,NQH3,20631,False,False
2023-01-11,NQH3,20631,False,False
2023-01-12,NQH3,20631,False,False
2023-01-13,NQH3,20631,False,False
2023-01-16,NQH3,20631,False,False
2023-01-17,NQH3,20631,False,False
2023-01-18,NQH3,20631,False,False
2023-01-19,NQH3,20631,False,False
2023-01-20,NQH3,20631,False,False
2023-01-23,NQH3,20631,False,False
2023-01-24,NQH3,20631,False,False
2023-01-25,NQH3,20631,False,False
2023-01-26,NQH3,20631,False,False
2023-01-27,NQH3,20631,False,False
2023-01-30,NQH3,20631,False,False
2023-01-31,NQH3,20631,False,False
2023-02-01,NQH3,20631,False,False
2023-02-02,NQH3,20631,False,False
2023-02-03,NQH3,20631,False,False
2023-02-06,NQH3,20631,False,False
2023-02-07,NQH3,20631,False,False
2023-02-08,NQH3,20631,False,False
2023-02-09,NQH3,20631,False,False
2023-02-10,NQH3,20631,False,False
2023-02-13,NQH3,20631,False,False
2023-02-14,NQH3,20631,False,False
2023-02-15,NQH3,20631,False,False
2023-02-16,NQH3,20631,False,False
2023-02-17,NQH3,20631,False,False
2023-02-20,NQH3,20631,False,False
2023-02-21,NQH3,20631,False,False
2023-02-22,NQH3,20631,False,False
2023-02-23,NQH3,20631,False,False
2023-02-24,NQH3,20631,False,False
2023-02-27,NQH3,20631,False,False
2023-02-28,NQH3,20631,False,False
2023-03-01,NQH3,20631,False,False
2023-03-02,NQH3,20631,False,False
2023-03-03,NQH3,20631,False,False
2023-03-06,NQH3,20631,False,False
2023-03-07,NQH3,20631,False,False
2023-03-08,NQH3,20631,False,False
2023-03-09,NQH3,20631,False,False
2023-03-10,NQH3,20631,False,False
2023-03-13,NQH3,20631,False,True
2023-03-14,NQM3,3522,True,True
2023-03-15,NQM3,3522,False,False
2023-03-16,NQM3,3522,False,False
2023-03-17,NQM3,3522,False,False
2023-03-20,NQM3,3522,False,False
2023-03-21,NQM3,3522,False,False
2023-03-22,NQM3,3522,False,False
2023-03-23,NQM3,3522,False,False
2023-03-24,NQM3,3522,False,False
2023-03-27,NQM3,3522,False,False
2023-03-28,NQM3,3522,False,False
2023-03-29,NQM3,3522,False,False
2023-03-30,NQM3,3522,False,False
2023-03-31,NQM3,3522,False,False
2023-04-03,NQM3,3522,False,False
2023-04-04,NQM3,3522,False,False
2023-04-05,NQM3,3522,False,False
2023-04-06,NQM3,3522,False,False
2023-04-10,NQM3,3522,False,False
2023-04-11,NQM3,3522,False,False
2023-04-12,NQM3,3522,False,False
2023-04-13,NQM3,3522,False,False
2023-04-14,NQM3,3522,False,False
2023-04-17,NQM3,3522,False,False
2023-04-18,NQM3,3522,False,False
2023-04-19,NQM3,3522,False,False
2023-04-20,NQM3,3522,False,False
2023-04-21,NQM3,3522,False,False
2023-04-24,NQM3,3522,False,False
2023-04-25,NQM3,3522,False,False
2023-04-26,NQM3,3522,False,False
2023-04-27,NQM3,3522,False,False
2023-04-28,NQM3,3522,False,False
2023-05-01,NQM3,3522,False,False
2023-05-02,NQM3,3522,False,False
2023-05-03,NQM3,3522,False,False
2023-05-04,NQM3,3522,False,False
2023-05-05,NQM3,3522,False,False
2023-05-08,NQM3,3522,False,False
2023-05-09,NQM3,3522,False,False
2023-05-10,NQM3,3522,False,False
2023-05-11,NQM3,3522,False,False
2023-05-12,NQM3,3522,False,False
2023-05-15,NQM3,3522,False,False
2023-05-16,NQM3,3522,False,False
2023-05-17,NQM3,3522,False,False
2023-05-18,NQM3,3522,False,False
2023-05-19,NQM3,3522,False,False
2023-05-22,NQM3,3522,False,False
2023-05-23,NQM3,3522,False,False
2023-05-24,NQM3,3522,False,False
2023-05-25,NQM3,3522,False,False
2023-05-26,NQM3,3522,False,False
2023-05-29,NQM3,3522,False,False
2023-05-30,NQM3,3522,False,False
2023-05-31,NQM3,3522,False,False
2023-06-01,NQM3,3522,False,False
2023-06-02,NQM3,3522,False,False
2023-06-05,NQM3,3522,False,False
2023-06-06,NQM3,3522,False,False
2023-06-07,NQM3,3522,False,False
2023-06-08,NQM3,3522,False,False
2023-06-09,NQM3,3522,False,False
2023-06-12,NQM3,3522,False,True
2023-06-13,NQU3,2130,True,True
2023-06-14,NQU3,2130,False,False
2023-06-15,NQU3,2130,False,False
2023-06-16,NQU3,2130,False,False
2023-06-19,NQU3,2130,False,False
2023-06-20,NQU3,2130,False,False
2023-06-21,NQU3,2130,False,False
2023-06-22,NQU3,2130,False,False
2023-06-23,NQU3,2130,False,False
2023-06-26,NQU3,2130,False,False
2023-06-27,NQU3,2130,False,False
2023-06-28,NQU3,2130,False,False
2023-06-29,NQU3,2130,False,False
2023-06-30,NQU3,2130,False,False
2023-07-03,NQU3,2130,False,False
2023-07-04,NQU3,2130,False,False
2023-07-05,NQU3,2130,False,False
2023-07-06,NQU3,2130,False,False
2023-07-07,NQU3,2130,False,False
2023-07-10,NQU3,2130,False,False
2023-07-11,NQU3,2130,False,False
2023-07-12,NQU3,2130,False,False
2023-07-13,NQU3,2130,False,False
2023-07-14,NQU3,2130,False,False
2023-07-17,NQU3,2130,False,False
2023-07-18,NQU3,2130,False,False
2023-07-19,NQU3,2130,False,False
2023-07-20,NQU3,2130,False,False
2023-07-21,NQU3,2130,False,False
2023-07-24,NQU3,2130,False,False
2023-07-25,NQU3,2130,False,False
2023-07-26,NQU3,2130,False,False
2023-07-27,NQU3,2130,False,False
2023-07-28,NQU3,2130,False,False
2023-07-31,NQU3,2130,False,False
2023-08-01,NQU3,2130,False,False
2023-08-02,NQU3,2130,False,False
2023-08-03,NQU3,2130,False,False
2023-08-04,NQU3,2130,False,False
2023-08-07,NQU3,2130,False,False
2023-08-08,NQU3,2130,False,False
2023-08-09,NQU3,2130,False,False
2023-08-10,NQU3,2130,False,False
2023-08-11,NQU3,2130,False,False
2023-08-14,NQU3,2130,False,False
2023-08-15,NQU3,2130,False,False
2023-08-16,NQU3,2130,False,False
2023-08-17,NQU3,2130,False,False
2023-08-18,NQU3,2130,False,False
2023-08-21,NQU3,2130,False,False
2023-08-22,NQU3,2130,False,False
2023-08-23,NQU3,2130,False,False
2023-08-24,NQU3,2130,False,False
2023-08-25,NQU3,2130,False,False
2023-08-28,NQU3,2130,False,False
2023-08-29,NQU3,2130,False,False
2023-08-30,NQU3,2130,False,False
2023-08-31,NQU3,2130,False,False
2023-09-01,NQU3,2130,False,False
2023-09-04,NQU3,2130,False,False
2023-09-05,NQU3,2130,False,False
2023-09-06,NQU3,2130,False,False
2023-09-07,NQU3,2130,False,False
2023-09-08,NQU3,2130,False,False
2023-09-11,NQU3,2130,False,True
2023-09-12,NQZ3,260937,True,True
2023-09-13,NQZ3,260937,False,False
2023-09-14,NQZ3,260937,False,False
2023-09-15,NQZ3,260937,False,False
2023-09-18,NQZ3,260937,False,False
2023-09-19,NQZ3,260937,False,False
2023-09-20,NQZ3,260937,False,False
2023-09-21,NQZ3,260937,False,False
2023-09-22,NQZ3,260937,False,False
2023-09-25,NQZ3,260937,False,False
2023-09-26,NQZ3,260937,False,False
2023-09-27,NQZ3,260937,False,False
2023-09-28,NQZ3,260937,False,False
2023-09-29,NQZ3,260937,False,False
2023-10-02,NQZ3,260937,False,False
2023-10-03,NQZ3,260937,False,False
2023-10-04,NQZ3,260937,False,False
2023-10-05,NQZ3,260937,False,False
2023-10-06,NQZ3,260937,False,False
2023-10-09,NQZ3,260937,False,False
2023-10-10,NQZ3,260937,False,False
2023-10-11,NQZ3,260937,False,False
2023-10-12,NQZ3,260937,False,False
2023-10-13,NQZ3,260937,False,False
2023-10-16,NQZ3,260937,False,False
2023-10-17,NQZ3,260937,False,False
2023-10-18,NQZ3,260937,False,False
2023-10-19,NQZ3,260937,False,False
2023-10-20,NQZ3,260937,False,False
2023-10-23,NQZ3,260937,False,False
2023-10-24,NQZ3,260937,False,False
2023-10-25,NQZ3,260937,False,False
2023-10-26,NQZ3,260937,False,False
2023-10-27,NQZ3,260937,False,False
2023-10-30,NQZ3,260937,False,False
2023-10-31,NQZ3,260937,False,False
2023-11-01,NQZ3,260937,False,False
2023-11-02,NQZ3,260937,False,False
2023-11-03,NQZ3,260937,False,False
2023-11-06,NQZ3,260937,False,False
2023-11-07,NQZ3,260937,False,False
2023-11-08,NQZ3,260937,False,False
2023-11-09,NQZ3,260937,False,False
2023-11-10,NQZ3,260937,False,False
2023-11-13,NQZ3,260937,False,False
2023-11-14,NQZ3,260937,False,False
2023-11-15,NQZ3,260937,False,False
2023-11-16,NQZ3,260937,False,False
2023-11-17,NQZ3,260937,False,False
2023-11-20,NQZ3,260937,False,False
2023-11-21,NQZ3,260937,False,False
2023-11-22,NQZ3,260937,False,False
2023-11-23,NQZ3,260937,False,False
2023-11-24,NQZ3,260937,False,False
2023-11-27,NQZ3,260937,False,False
2023-11-28,NQZ3,260937,False,False
2023-11-29,NQZ3,260937,False,False
2023-11-30,NQZ3,260937,False,False
2023-12-01,NQZ3,260937,False,False
2023-12-04,NQZ3,260937,False,False
2023-12-05,NQZ3,260937,False,False
2023-12-06,NQZ3,260937,False,False
2023-12-07,NQZ3,260937,False,False
2023-12-08,NQZ3,260937,False,False
2023-12-11,NQZ3,260937,False,True
2023-12-12,NQH4,750,True,True
2023-12-13,NQH4,750,False,False
2023-12-14,NQH4,750,False,False
2023-12-15,NQH4,750,False,False
2023-12-18,NQH4,750,False,False
2023-12-19,NQH4,750,False,False
2023-12-20,NQH4,750,False,False
2023-12-21,NQH4,750,False,False
2023-12-22,NQH4,750,False,False
2023-12-26,NQH4,750,False,False
2023-12-27,NQH4,750,False,False
2023-12-28,NQH4,750,False,False
2023-12-29,NQH4,750,False,False
2024-01-02,NQH4,750,False,False
2024-01-03,NQH4,750,False,False
2024-01-04,NQH4,750,False,False
2024-01-05,NQH4,750,False,False
2024-01-08,NQH4,750,False,False
2024-01-09,NQH4,750,False,False
2024-01-10,NQH4,750,False,False
2024-01-11,NQH4,750,False,False
2024-01-12,NQH4,750,False,False
2024-01-15,NQH4,750,False,False
2024-01-16,NQH4,750,False,False
2024-01-17,NQH4,750,False,False
2024-01-18,NQH4,750,False,False
2024-01-19,NQH4,750,False,False
2024-01-22,NQH4,750,False,False
2024-01-23,NQH4,750,False,False
2024-01-24,NQH4,750,False,False
2024-01-25,NQH4,750,False,False
2024-01-26,NQH4,750,False,False
2024-01-29,NQH4,750,False,False
2024-01-30,NQH4,750,False,False
2024-01-31,NQH4,750,False,False
2024-02-01,NQH4,750,False,False
2024-02-02,NQH4,750,False,False
2024-02-05,NQH4,750,False,False
2024-02-06,NQH4,750,False,False
2024-02-07,NQH4,750,False,False
2024-02-08,NQH4,750,False,False
2024-02-09,NQH4,750,False,False
2024-02-12,NQH4,750,False,False
2024-02-13,NQH4,750,False,False
2024-02-14,NQH4,750,False,False
2024-02-15,NQH4,750,False,False
2024-02-16,NQH4,750,False,False
2024-02-19,NQH4,750,False,False
2024-02-20,NQH4,750,False,False
2024-02-21,NQH4,750,False,False
2024-02-22,NQH4,750,False,False
2024-02-23,NQH4,750,False,False
2024-02-26,NQH4,750,False,False
2024-02-27,NQH4,750,False,False
2024-02-28,NQH4,750,False,False
2024-02-29,NQH4,750,False,False
2024-03-01,NQH4,750,False,False
2024-03-04,NQH4,750,False,False
2024-03-05,NQH4,750,False,False
2024-03-06,NQH4,750,False,False
2024-03-07,NQH4,750,False,False
2024-03-08,NQH4,750,False,False
2024-03-11,NQH4,750,False,True
2024-03-12,NQM4,13743,True,True
2024-03-13,NQM4,13743,False,False
2024-03-14,NQM4,13743,False,False
2024-03-15,NQM4,13743,False,False
2024-03-18,NQM4,13743,False,False
2024-03-19,NQM4,13743,False,False
2024-03-20,NQM4,13743,False,False
2024-03-21,NQM4,13743,False,False
2024-03-22,NQM4,13743,False,False
2024-03-25,NQM4,13743,False,False
2024-03-26,NQM4,13743,False,False
2024-03-27,NQM4,13743,False,False
2024-03-28,NQM4,13743,False,False
2024-04-01,NQM4,13743,False,False
2024-04-02,NQM4,13743,False,False
2024-04-03,NQM4,13743,False,False
2024-04-04,NQM4,13743,False,False
2024-04-05,NQM4,13743,False,False
2024-04-08,NQM4,13743,False,False
2024-04-09,NQM4,13743,False,False
2024-04-10,NQM4,13743,False,False
2024-04-11,NQM4,13743,False,False
2024-04-12,NQM4,13743,False,False
2024-04-15,NQM4,13743,False,False
2024-04-16,NQM4,13743,False,False
2024-04-17,NQM4,13743,False,False
2024-04-18,NQM4,13743,False,False
2024-04-19,NQM4,13743,False,False
2024-04-22,NQM4,13743,False,False
2024-04-23,NQM4,13743,False,False
2024-04-24,NQM4,13743,False,False
2024-04-25,NQM4,13743,False,False
2024-04-26,NQM4,13743,False,False
2024-04-29,NQM4,13743,False,False
2024-04-30,NQM4,13743,False,False
2024-05-01,NQM4,13743,False,False
2024-05-02,NQM4,13743,False,False
2024-05-03,NQM4,13743,False,False
2024-05-06,NQM4,13743,False,False
2024-05-07,NQM4,13743,False,False
2024-05-08,NQM4,13743,False,False
2024-05-09,NQM4,13743,False,False
2024-05-10,NQM4,13743,False,False
2024-05-13,NQM4,13743,False,False
2024-05-14,NQM4,13743,False,False
2024-05-15,NQM4,13743,False,False
2024-05-16,NQM4,13743,False,False
2024-05-17,NQM4,13743,False,False
2024-05-20,NQM4,13743,False,False
2024-05-21,NQM4,13743,False,False
2024-05-22,NQM4,13743,False,False
2024-05-23,NQM4,13743,False,False
2024-05-24,NQM4,13743,False,False
2024-05-27,NQM4,13743,False,False
2024-05-28,NQM4,13743,False,False
2024-05-29,NQM4,13743,False,False
2024-05-30,NQM4,13743,False,False
2024-05-31,NQM4,13743,False,False
2024-06-03,NQM4,13743,False,False
2024-06-04,NQM4,13743,False,False
2024-06-05,NQM4,13743,False,False
2024-06-06,NQM4,13743,False,False
2024-06-07,NQM4,13743,False,False
2024-06-10,NQM4,13743,False,False
2024-06-11,NQM4,13743,False,False
2024-06-12,NQM4,13743,False,False
2024-06-13,NQM4,13743,False,False
2024-06-14,NQM4,13743,False,False
2024-06-17,NQM4,13743,False,True
2024-06-18,NQU4,4358,True,True
2024-06-19,NQU4,4358,False,False
2024-06-20,NQU4,4358,False,False
2024-06-21,NQU4,4358,False,False
2024-06-24,NQU4,4358,False,False
2024-06-25,NQU4,4358,False,False
2024-06-26,NQU4,4358,False,False
2024-06-27,NQU4,4358,False,False
2024-06-28,NQU4,4358,False,False
2024-07-01,NQU4,4358,False,False
2024-07-02,NQU4,4358,False,False
2024-07-03,NQU4,4358,False,False
2024-07-04,NQU4,4358,False,False
2024-07-05,NQU4,4358,False,False
2024-07-08,NQU4,4358,False,False
2024-07-09,NQU4,4358,False,False
2024-07-10,NQU4,4358,False,False
2024-07-11,NQU4,4358,False,False
2024-07-12,NQU4,4358,False,False
2024-07-15,NQU4,4358,False,False
2024-07-16,NQU4,4358,False,False
2024-07-17,NQU4,4358,False,False
2024-07-18,NQU4,4358,False,False
2024-07-19,NQU4,4358,False,False
2024-07-22,NQU4,4358,False,False
2024-07-23,NQU4,4358,False,False
2024-07-24,NQU4,4358,False,False
2024-07-25,NQU4,4358,False,False
2024-07-26,NQU4,4358,False,False
2024-07-29,NQU4,4358,False,False
2024-07-30,NQU4,4358,False,False
2024-07-31,NQU4,4358,False,False
2024-08-01,NQU4,4358,False,False
2024-08-02,NQU4,4358,False,False
2024-08-05,NQU4,4358,False,False
2024-08-06,NQU4,4358,False,False
2024-08-07,NQU4,4358,False,False
2024-08-08,NQU4,4358,False,False
2024-08-09,NQU4,4358,False,False
2024-08-12,NQU4,4358,False,False
2024-08-13,NQU4,4358,False,False
2024-08-14,NQU4,4358,False,False
2024-08-15,NQU4,4358,False,False
2024-08-16,NQU4,4358,False,False
2024-08-19,NQU4,4358,False,False
2024-08-20,NQU4,4358,False,False
2024-08-21,NQU4,4358,False,False
2024-08-22,NQU4,4358,False,False
2024-08-23,NQU4,4358,False,False
2024-08-26,NQU4,4358,False,False
2024-08-27,NQU4,4358,False,False
2024-08-28,NQU4,4358,False,False
2024-08-29,NQU4,4358,False,False
2024-08-30,NQU4,4358,False,False
2024-09-02,NQU4,4358,False,False
2024-09-03,NQU4,4358,False,False
2024-09-04,NQU4,4358,False,False
2024-09-05,NQU4,4358,False,False
2024-09-06,NQU4,4358,False,False
2024-09-09,NQU4,4358,False,False
2024-09-10,NQU4,4358,False,False
2024-09-11,NQU4,4358,False,False
2024-09-12,NQU4,4358,False,False
2024-09-13,NQU4,4358,False,False
2024-09-16,NQU4,4358,False,True
2024-09-17,NQZ4,106364,True,True
2024-09-18,NQZ4,106364,False,False
2024-09-19,NQZ4,106364,False,False
2024-09-20,NQZ4,106364,False,False
2024-09-23,NQZ4,106364,False,False
2024-09-24,NQZ4,106364,False,False
2024-09-25,NQZ4,106364,False,False
2024-09-26,NQZ4,106364,False,False
2024-09-27,NQZ4,106364,False,False
2024-09-30,NQZ4,106364,False,False
2024-10-01,NQZ4,106364,False,False
2024-10-02,NQZ4,106364,False,False
2024-10-03,NQZ4,106364,False,False
2024-10-04,NQZ4,106364,False,False
2024-10-07,NQZ4,106364,False,False
2024-10-08,NQZ4,106364,False,False
2024-10-09,NQZ4,106364,False,False
2024-10-10,NQZ4,106364,False,False
2024-10-11,NQZ4,106364,False,False
2024-10-14,NQZ4,106364,False,False
2024-10-15,NQZ4,106364,False,False
2024-10-16,NQZ4,106364,False,False
2024-10-17,NQZ4,106364,False,False
2024-10-18,NQZ4,106364,False,False
2024-10-21,NQZ4,106364,False,False
2024-10-22,NQZ4,106364,False,False
2024-10-23,NQZ4,106364,False,False
2024-10-24,NQZ4,106364,False,False
2024-10-25,NQZ4,106364,False,False
2024-10-28,NQZ4,106364,False,False
2024-10-29,NQZ4,106364,False,False
2024-10-30,NQZ4,106364,False,False
2024-10-31,NQZ4,106364,False,False
2024-11-01,NQZ4,106364,False,False
2024-11-04,NQZ4,106364,False,False
2024-11-05,NQZ4,106364,False,False
2024-11-06,NQZ4,106364,False,False
2024-11-07,NQZ4,106364,False,False
2024-11-08,NQZ4,106364,False,False
2024-11-11,NQZ4,106364,False,False
2024-11-12,NQZ4,106364,False,False
2024-11-13,NQZ4,106364,False,False
2024-11-14,NQZ4,106364,False,False
2024-11-15,NQZ4,106364,False,False
2024-11-18,NQZ4,106364,False,False
2024-11-19,NQZ4,106364,False,False
2024-11-20,NQZ4,106364,False,False
2024-11-21,NQZ4,106364,False,False
2024-11-22,NQZ4,106364,False,False
2024-11-25,NQZ4,106364,False,False
2024-11-26,NQZ4,106364,False,False
2024-11-27,NQZ4,106364,False,False
2024-11-28,NQZ4,106364,False,False
2024-11-29,NQZ4,106364,False,False
2024-12-02,NQZ4,106364,False,False
2024-12-03,NQZ4,106364,False,False
2024-12-04,NQZ4,106364,False,False
2024-12-05,NQZ4,106364,False,False
2024-12-06,NQZ4,106364,False,False
2024-12-09,NQZ4,106364,False,False
2024-12-10,NQZ4,106364,False,False
2024-12-11,NQZ4,106364,False,False
2024-12-12,NQZ4,106364,False,False
2024-12-13,NQZ4,106364,False,False
2024-12-16,NQZ4,106364,False,False
2024-12-17,NQZ4,106364,False,True
2024-12-18,NQH5,42288528,True,True
2024-12-19,NQH5,42288528,False,False
2024-12-20,NQH5,42288528,False,False
2024-12-23,NQH5,42288528,False,False
2024-12-24,NQH5,42288528,False,False
2024-12-26,NQH5,42288528,False,False
2024-12-27,NQH5,42288528,False,False
2024-12-30,NQH5,42288528,False,False
2024-12-31,NQH5,42288528,False,False
2025-01-02,NQH5,42288528,False,False
2025-01-03,NQH5,42288528,False,False
2025-01-06,NQH5,42288528,False,False
2025-01-07,NQH5,42288528,False,False
2025-01-08,NQH5,42288528,False,False
2025-01-10,NQH5,42288528,False,False
2025-01-13,NQH5,42288528,False,False
2025-01-14,NQH5,42288528,False,False
2025-01-15,NQH5,42288528,False,False
2025-01-16,NQH5,42288528,False,False
2025-01-17,NQH5,42288528,False,False
2025-01-20,NQH5,42288528,False,False
2025-01-21,NQH5,42288528,False,False
2025-01-22,NQH5,42288528,False,False
2025-01-23,NQH5,42288528,False,False
2025-01-24,NQH5,42288528,False,False
2025-01-27,NQH5,42288528,False,False
2025-01-28,NQH5,42288528,False,False
2025-01-29,NQH5,42288528,False,False
2025-01-30,NQH5,42288528,False,False
2025-01-31,NQH5,42288528,False,False
2025-02-03,NQH5,42288528,False,False
2025-02-04,NQH5,42288528,False,False
2025-02-05,NQH5,42288528,False,False
2025-02-06,NQH5,42288528,False,False
2025-02-07,NQH5,42288528,False,False
2025-02-10,NQH5,42288528,False,False
2025-02-11,NQH5,42288528,False,False
2025-02-12,NQH5,42288528,False,False
2025-02-13,NQH5,42288528,False,False
2025-02-14,NQH5,42288528,False,False
2025-02-17,NQH5,42288528,False,False
2025-02-18,NQH5,42288528,False,False
2025-02-19,NQH5,42288528,False,False
2025-02-20,NQH5,42288528,False,False
2025-02-21,NQH5,42288528,False,False
2025-02-24,NQH5,42288528,False,False
2025-02-25,NQH5,42288528,False,False
2025-02-26,NQH5,42288528,False,False
2025-02-27,NQH5,42288528,False,False
2025-02-28,NQH5,42288528,False,False
2025-03-03,NQH5,42288528,False,False
2025-03-04,NQH5,42288528,False,False
2025-03-05,NQH5,42288528,False,False
2025-03-06,NQH5,42288528,False,False
2025-03-07,NQH5,42288528,False,False
2025-03-10,NQH5,42288528,False,False
2025-03-11,NQH5,42288528,False,False
2025-03-12,NQH5,42288528,False,False
2025-03-13,NQH5,42288528,False,False
2025-03-14,NQH5,42288528,False,False
2025-03-17,NQH5,42288528,False,False
2025-03-18,NQH5,42288528,False,True
2025-03-19,NQM5,42005804,True,True
2025-03-20,NQM5,42005804,False,False
2025-03-21,NQM5,42005804,False,False
2025-03-24,NQM5,42005804,False,False
2025-03-25,NQM5,42005804,False,False
2025-03-26,NQM5,42005804,False,False
2025-03-27,NQM5,42005804,False,False
2025-03-28,NQM5,42005804,False,False
2025-03-31,NQM5,42005804,False,False
2025-04-01,NQM5,42005804,False,False
2025-04-02,NQM5,42005804,False,False
2025-04-03,NQM5,42005804,False,False
2025-04-04,NQM5,42005804,False,False
2025-04-07,NQM5,42005804,False,False
2025-04-08,NQM5,42005804,False,False
2025-04-09,NQM5,42005804,False,False
2025-04-10,NQM5,42005804,False,False
2025-04-11,NQM5,42005804,False,False
2025-04-14,NQM5,42005804,False,False
2025-04-15,NQM5,42005804,False,False
2025-04-16,NQM5,42005804,False,False
2025-04-17,NQM5,42005804,False,False
2025-04-21,NQM5,42005804,False,False
2025-04-22,NQM5,42005804,False,False
2025-04-23,NQM5,42005804,False,False
2025-04-24,NQM5,42005804,False,False
2025-04-25,NQM5,42005804,False,False
2025-04-28,NQM5,42005804,False,False
2025-04-29,NQM5,42005804,False,False
2025-04-30,NQM5,42005804,False,False
2025-05-01,NQM5,42005804,False,False
2025-05-02,NQM5,42005804,False,False
2025-05-05,NQM5,42005804,False,False
2025-05-06,NQM5,42005804,False,False
2025-05-07,NQM5,42005804,False,False
2025-05-08,NQM5,42005804,False,False
2025-05-09,NQM5,42005804,False,False
2025-05-12,NQM5,42005804,False,False
2025-05-13,NQM5,42005804,False,False
2025-05-14,NQM5,42005804,False,False
2025-05-15,NQM5,42005804,False,False
2025-05-16,NQM5,42005804,False,False
2025-05-19,NQM5,42005804,False,False
2025-05-20,NQM5,42005804,False,False
2025-05-21,NQM5,42005804,False,False
2025-05-22,NQM5,42005804,False,False
2025-05-23,NQM5,42005804,False,False
2025-05-26,NQM5,42005804,False,False
2025-05-27,NQM5,42005804,False,False
2025-05-28,NQM5,42005804,False,False
2025-05-29,NQM5,42005804,False,False
2025-05-30,NQM5,42005804,False,False
2025-06-02,NQM5,42005804,False,False
2025-06-03,NQM5,42005804,False,False
2025-06-04,NQM5,42005804,False,False
2025-06-05,NQM5,42005804,False,False
2025-06-06,NQM5,42005804,False,False
2025-06-09,NQM5,42005804,False,False
2025-06-10,NQM5,42005804,False,False
2025-06-11,NQM5,42005804,False,False
2025-06-12,NQM5,42005804,False,False
2025-06-13,NQM5,42005804,False,False
2025-06-16,NQM5,42005804,False,True
2025-06-17,NQU5,42008487,True,True
2025-06-18,NQU5,42008487,False,False
2025-06-19,NQU5,42008487,False,False
2025-06-20,NQU5,42008487,False,False
2025-06-23,NQU5,42008487,False,False
2025-06-24,NQU5,42008487,False,False
2025-06-25,NQU5,42008487,False,False
2025-06-26,NQU5,42008487,False,False
2025-06-27,NQU5,42008487,False,False
2025-06-30,NQU5,42008487,False,False
2025-07-01,NQU5,42008487,False,False
2025-07-02,NQU5,42008487,False,False
2025-07-03,NQU5,42008487,False,False
2025-07-04,NQU5,42008487,False,False
2025-07-07,NQU5,42008487,False,False
2025-07-08,NQU5,42008487,False,False
2025-07-09,NQU5,42008487,False,False
2025-07-10,NQU5,42008487,False,False
2025-07-11,NQU5,42008487,False,False
2025-07-14,NQU5,42008487,False,False
2025-07-15,NQU5,42008487,False,False
2025-07-16,NQU5,42008487,False,False
2025-07-17,NQU5,42008487,False,False
2025-07-18,NQU5,42008487,False,False
2025-07-21,NQU5,42008487,False,False
2025-07-22,NQU5,42008487,False,False
2025-07-23,NQU5,42008487,False,False
2025-07-24,NQU5,42008487,False,False
2025-07-25,NQU5,42008487,False,False
2025-07-28,NQU5,42008487,False,False
2025-07-29,NQU5,42008487,False,False
2025-07-30,NQU5,42008487,False,False
2025-07-31,NQU5,42008487,False,False
2025-08-01,NQU5,42008487,False,False
2025-08-04,NQU5,42008487,False,False
2025-08-05,NQU5,42008487,False,False
2025-08-06,NQU5,42008487,False,False
2025-08-07,NQU5,42008487,False,False
2025-08-08,NQU5,42008487,False,False
2025-08-11,NQU5,42008487,False,False
2025-08-12,NQU5,42008487,False,False
2025-08-13,NQU5,42008487,False,False
2025-08-14,NQU5,42008487,False,False
2025-08-15,NQU5,42008487,False,False
2025-08-18,NQU5,42008487,False,False
2025-08-19,NQU5,42008487,False,False
2025-08-20,NQU5,42008487,False,False
2025-08-21,NQU5,42008487,False,False
2025-08-22,NQU5,42008487,False,False
2025-08-25,NQU5,42008487,False,False
2025-08-26,NQU5,42008487,False,False
2025-08-27,NQU5,42008487,False,False
2025-08-28,NQU5,42008487,False,False
2025-08-29,NQU5,42008487,False,False
2025-09-01,NQU5,42008487,False,False
2025-09-02,NQU5,42008487,False,False
2025-09-03,NQU5,42008487,False,False
2025-09-04,NQU5,42008487,False,False
2025-09-05,NQU5,42008487,False,False
2025-09-08,NQU5,42008487,False,False
2025-09-09,NQU5,42008487,False,False
2025-09-10,NQU5,42008487,False,False
2025-09-11,NQU5,42008487,False,False
2025-09-12,NQU5,42008487,False,False
2025-09-15,NQU5,42008487,False,True
2025-09-16,NQZ5,158704,True,True
2025-09-17,NQZ5,158704,False,False
2025-09-18,NQZ5,158704,False,False
2025-09-19,NQZ5,158704,False,False
2025-09-22,NQZ5,158704,False,False
2025-09-23,NQZ5,158704,False,False
2025-09-24,NQZ5,158704,False,False
2025-09-25,NQZ5,158704,False,False
2025-09-26,NQZ5,158704,False,False
2025-09-29,NQZ5,158704,False,False
2025-09-30,NQZ5,158704,False,False
2025-10-01,NQZ5,158704,False,False
2025-10-02,NQZ5,158704,False,False
2025-10-03,NQZ5,158704,False,False
2025-10-06,NQZ5,158704,False,False
2025-10-07,NQZ5,158704,False,False
2025-10-08,NQZ5,158704,False,False
2025-10-09,NQZ5,158704,False,False
2025-10-10,NQZ5,158704,False,False
2025-10-13,NQZ5,158704,False,False
2025-10-14,NQZ5,158704,False,False
2025-10-15,NQZ5,158704,False,False
2025-10-16,NQZ5,158704,False,False
2025-10-17,NQZ5,158704,False,False
2025-10-20,NQZ5,158704,False,False
2025-10-21,NQZ5,158704,False,False
2025-10-22,NQZ5,158704,False,False
2025-10-23,NQZ5,158704,False,False
2025-10-24,NQZ5,158704,False,False
2025-10-27,NQZ5,158704,False,False
2025-10-28,NQZ5,158704,False,False
2025-10-29,NQZ5,158704,False,False
2025-10-30,NQZ5,158704,False,False
2025-10-31,NQZ5,158704,False,False
2025-11-03,NQZ5,158704,False,False
2025-11-04,NQZ5,158704,False,False
2025-11-05,NQZ5,158704,False,False
2025-11-06,NQZ5,158704,False,False
2025-11-07,NQZ5,158704,False,False
2025-11-10,NQZ5,158704,False,False
2025-11-11,NQZ5,158704,False,False
2025-11-12,NQZ5,158704,False,False
2025-11-13,NQZ5,158704,False,False
2025-11-14,NQZ5,158704,False,False
2025-11-17,NQZ5,158704,False,False
2025-11-18,NQZ5,158704,False,False
2025-11-19,NQZ5,158704,False,False
2025-11-20,NQZ5,158704,False,False
2025-11-21,NQZ5,158704,False,False
2025-11-24,NQZ5,158704,False,False
2025-11-25,NQZ5,158704,False,False
2025-11-26,NQZ5,158704,False,False
2025-11-27,NQZ5,158704,False,False
2025-11-28,NQZ5,158704,False,False
2025-12-01,NQZ5,158704,False,False
2025-12-02,NQZ5,158704,False,False
2025-12-03,NQZ5,158704,False,False
2025-12-04,NQZ5,158704,False,False
2025-12-05,NQZ5,158704,False,False
2025-12-08,NQZ5,158704,False,False
2025-12-09,NQZ5,158704,False,False
2025-12-10,NQZ5,158704,False,False
2025-12-11,NQZ5,158704,False,False
2025-12-12,NQZ5,158704,False,False
2025-12-15,NQZ5,158704,False,True
2025-12-16,NQH6,42002475,True,True
2025-12-17,NQH6,42002475,False,False
2025-12-18,NQH6,42002475,False,False
2025-12-19,NQH6,42002475,False,False
2025-12-22,NQH6,42002475,False,False
2025-12-23,NQH6,42002475,False,False
2025-12-24,NQH6,42002475,False,False
2025-12-26,NQH6,42002475,False,False
2025-12-29,NQH6,42002475,False,False
2025-12-30,NQH6,42002475,False,False
2025-12-31,NQH6,42002475,False,False
2026-01-02,NQH6,42002475,False,False
2026-01-05,NQH6,42002475,False,False
2026-01-06,NQH6,42002475,False,False
2026-01-07,NQH6,42002475,False,False
2026-01-08,NQH6,42002475,False,False
2026-01-09,NQH6,42002475,False,False
2026-01-12,NQH6,42002475,False,False
2026-01-13,NQH6,42002475,False,False
2026-01-14,NQH6,42002475,False,False
2026-01-15,NQH6,42002475,False,False
2026-01-16,NQH6,42002475,False,False
2026-01-19,NQH6,42002475,False,False
2026-01-20,NQH6,42002475,False,False
2026-01-21,NQH6,42002475,False,False
2026-01-22,NQH6,42002475,False,False
2026-01-23,NQH6,42002475,False,False
2026-01-26,NQH6,42002475,False,False
2026-01-27,NQH6,42002475,False,False
2026-01-28,NQH6,42002475,False,False
2026-01-29,NQH6,42002475,False,False
2026-01-30,NQH6,42002475,False,False
2026-02-02,NQH6,42002475,False,False
2026-02-03,NQH6,42002475,False,False
2026-02-04,NQH6,42002475,False,False
2026-02-05,NQH6,42002475,False,False
2026-02-06,NQH6,42002475,False,False
2026-02-09,NQH6,42002475,False,False
2026-02-10,NQH6,42002475,False,False
2026-02-11,NQH6,42002475,False,False
2026-02-12,NQH6,42002475,False,False
2026-02-13,NQH6,42002475,False,False
2026-02-16,NQH6,42002475,False,False
2026-02-17,NQH6,42002475,False,False
2026-02-18,NQH6,42002475,False,False
2026-02-19,NQH6,42002475,False,False
2026-02-20,NQH6,42002475,False,False
2026-02-23,NQH6,42002475,False,False
2026-02-24,NQH6,42002475,False,False
2026-02-25,NQH6,42002475,False,False
2026-02-26,NQH6,42002475,False,False
2026-02-27,NQH6,42002475,False,False
2026-03-02,NQH6,42002475,False,False
2026-03-03,NQH6,42002475,False,False
2026-03-04,NQH6,42002475,False,False
2026-03-05,NQH6,42002475,False,False
2026-03-06,NQH6,42002475,False,False
2026-03-09,NQH6,42002475,False,False
2026-03-10,NQH6,42002475,False,False
2026-03-11,NQH6,42002475,False,False
2026-03-12,NQH6,42002475,False,False
2026-03-13,NQH6,42002475,False,False
2026-03-16,NQH6,42002475,False,True
2026-03-17,NQM6,42004058,True,True
2026-03-18,NQM6,42004058,False,False
2026-03-19,NQM6,42004058,False,False
2026-03-20,NQM6,42004058,False,False
2026-03-23,NQM6,42004058,False,False
2026-03-24,NQM6,42004058,False,False
2026-03-25,NQM6,42004058,False,False
2026-03-26,NQM6,42004058,False,False
2026-03-27,NQM6,42004058,False,False
2026-03-30,NQM6,42004058,False,False
2026-03-31,NQM6,42004058,False,False
2026-04-01,NQM6,42004058,False,False
2026-04-02,NQM6,42004058,False,False
2026-04-06,NQM6,42004058,False,False
2026-04-07,NQM6,42004058,False,False
2026-04-08,NQM6,42004058,False,False
2026-04-09,NQM6,42004058,False,False
2026-04-10,NQM6,42004058,False,False
2026-04-13,NQM6,42004058,False,False
2026-04-14,NQM6,42004058,False,False
2026-04-15,NQM6,42004058,False,False
2026-04-16,NQM6,42004058,False,False
2026-04-17,NQM6,42004058,False,False
2026-04-20,NQM6,42004058,False,False
2026-04-21,NQM6,42004058,False,False
2026-04-22,NQM6,42004058,False,False
2026-04-23,NQM6,42004058,False,False
2026-04-24,NQM6,42004058,False,False
2026-04-27,NQM6,42004058,False,False
2026-04-28,NQM6,42004058,False,False
2026-04-29,NQM6,42004058,False,False
2026-04-30,NQM6,42004058,False,False
2026-05-01,NQM6,42004058,False,False
2026-05-04,NQM6,42004058,False,False
2026-05-05,NQM6,42004058,False,False
2026-05-06,NQM6,42004058,False,False
2026-05-07,NQM6,42004058,False,False
2026-05-08,NQM6,42004058,False,False
2026-05-11,NQM6,42004058,False,False
2026-05-12,NQM6,42004058,False,False
2026-05-13,NQM6,42004058,False,False
2026-05-14,NQM6,42004058,False,False
2026-05-15,NQM6,42004058,False,False
2026-05-18,NQM6,42004058,False,False
2026-05-19,NQM6,42004058,False,False
2026-05-20,NQM6,42004058,False,False
2026-05-21,NQM6,42004058,False,False
2026-05-22,NQM6,42004058,False,False
2026-05-25,NQM6,42004058,False,False
2026-05-26,NQM6,42004058,False,False
2026-05-27,NQM6,42004058,False,False
2026-05-28,NQM6,42004058,False,False
2026-05-29,NQM6,42004058,False,False
2026-06-01,NQM6,42004058,False,False
2026-06-02,NQM6,42004058,False,False
2026-06-03,NQM6,42004058,False,False
2026-06-04,NQM6,42004058,False,False
2026-06-05,NQM6,42004058,False,False
2026-06-08,NQM6,42004058,False,False
2026-06-09,NQM6,42004058,False,False
2026-06-10,NQM6,42004058,False,False
2026-06-11,NQM6,42004058,False,False
2026-06-12,NQM6,42004058,False,False
2026-06-15,NQM6,42004058,False,True
2026-06-16,NQU6,42004177,True,True
2026-06-17,NQU6,42004177,False,False
2026-06-18,NQU6,42004177,False,False
2026-06-19,NQU6,42004177,False,False
2026-06-22,NQU6,42004177,False,False
2026-06-23,NQU6,42004177,False,False
2026-06-24,NQU6,42004177,False,False
2026-06-25,NQU6,42004177,False,False
2026-06-26,NQU6,42004177,False,False
2026-06-29,NQU6,42004177,False,False
2026-06-30,NQU6,42004177,False,False
2026-07-01,NQU6,42004177,False,False
2026-07-02,NQU6,42004177,False,False
2026-07-03,NQU6,42004177,False,False
2026-07-06,NQU6,42004177,False,False
2026-07-07,NQU6,42004177,False,False
2026-07-08,NQU6,42004177,False,False
2026-07-09,NQU6,42004177,False,False
2026-07-10,NQU6,42004177,False,False
2026-07-13,NQU6,42004177,False,False
2026-07-14,NQU6,42004177,False,False
2026-07-15,NQU6,42004177,False,False
2026-07-16,NQU6,42004177,False,False
2026-07-17,NQU6,42004177,False,False
2026-07-20,NQU6,42004177,False,False
2026-07-21,NQU6,42004177,False,False
2026-07-22,NQU6,42004177,False,False
2026-07-23,NQU6,42004177,False,False
2026-07-24,NQU6,42004177,False,False
2026-07-27,NQU6,42004177,False,False
2026-07-28,NQU6,42004177,False,False
2026-07-29,NQU6,42004177,False,False
2026-07-30,NQU6,42004177,False,False
2026-07-31,NQU6,42004177,False,False
2026-08-03,NQU6,42004177,False,False
2026-08-04,NQU6,42004177,False,False
2026-08-05,NQU6,42004177,False,False
2026-08-06,NQU6,42004177,False,False
2026-08-07,NQU6,42004177,False,False
2026-08-10,NQU6,42004177,False,False
2026-08-11,NQU6,42004177,False,False
2026-08-12,NQU6,42004177,False,False
2026-08-13,NQU6,42004177,False,False
2026-08-14,NQU6,42004177,False,False
2026-08-17,NQU6,42004177,False,False
2026-08-18,NQU6,42004177,False,False
2026-08-19,NQU6,42004177,False,False
2026-08-20,NQU6,42004177,False,False
2026-08-21,NQU6,42004177,False,False
2026-08-24,NQU6,42004177,False,False
2026-08-25,NQU6,42004177,False,False
2026-08-26,NQU6,42004177,False,False
2026-08-27,NQU6,42004177,False,False
2026-08-28,NQU6,42004177,False,False
